"sim","true_hr","method","n_patients","n_events_available","crossed","crossing_event","final_evalue","log_final_evalue","final_log_hr","final_hr"
1,1,"Simultaneous entry, time-on-study order",631,630,FALSE,NA,0.163846529587219,-1.80882508448751,0.108798704706521,1.11493789600042
1,1,"Staggered entry, time-on-study order",631,630,FALSE,NA,0.163846529587219,-1.80882508448751,0.108798704706521,1.11493789600042
1,1,"Staggered entry, calendar-event order",631,630,FALSE,NA,0.0645943102427293,-2.7396289488105,0.105059382108778,1.11077656865234
2,1,"Simultaneous entry, time-on-study order",631,626,FALSE,NA,0.000412990665406462,-7.79208556718007,-0.0124563167211109,0.987620942072641
2,1,"Staggered entry, time-on-study order",631,626,FALSE,NA,0.000412990665406462,-7.79208556718007,-0.0124563167211109,0.987620942072641
2,1,"Staggered entry, calendar-event order",631,626,FALSE,NA,0.00037297230283618,-7.89400639620839,-0.0139367563152496,0.986159910677205
3,1,"Simultaneous entry, time-on-study order",631,628,TRUE,148,4.85220802464051,1.5794338641612,-0.166811571119368,0.846359074806033
3,1,"Staggered entry, time-on-study order",631,628,TRUE,148,4.85220802464051,1.5794338641612,-0.166811571119368,0.846359074806033
3,1,"Staggered entry, calendar-event order",631,628,FALSE,NA,4.04996280386094,1.39870769684441,-0.163142688223669,0.849469970405468
4,1,"Simultaneous entry, time-on-study order",631,630,FALSE,NA,0.187160286253931,-1.67578988352423,0.10288539771097,1.10836438070217
4,1,"Staggered entry, time-on-study order",631,630,FALSE,NA,0.187160286253931,-1.67578988352423,0.10288539771097,1.10836438070217
4,1,"Staggered entry, calendar-event order",631,630,FALSE,NA,0.020748070173382,-3.87530204032297,0.0986475591292382,1.10367725003339
5,1,"Simultaneous entry, time-on-study order",631,630,FALSE,NA,0.00340145724613504,-5.68355133737911,0.0292562392403937,1.02968840724941
5,1,"Staggered entry, time-on-study order",631,630,FALSE,NA,0.00340145724613504,-5.68355133737911,0.0292562392403937,1.02968840724941
5,1,"Staggered entry, calendar-event order",631,630,FALSE,NA,0.00414349079678263,-5.48621665879925,0.0346964750914699,1.03530542012187
6,1,"Simultaneous entry, time-on-study order",631,630,FALSE,NA,0.951331641106521,-0.0498925484098747,-0.152008092297418,0.858981329580602
6,1,"Staggered entry, time-on-study order",631,630,FALSE,NA,0.951331641106521,-0.0498925484098747,-0.152008092297418,0.858981329580602
6,1,"Staggered entry, calendar-event order",631,630,TRUE,197,2.54883692903164,0.935637148860133,-0.147024172287792,0.863273109878057
7,1,"Simultaneous entry, time-on-study order",631,630,FALSE,NA,0.0119278741306954,-4.42887725399863,-0.0216424499308218,0.978590067452498
7,1,"Staggered entry, time-on-study order",631,630,FALSE,NA,0.0119278741306954,-4.42887725399863,-0.0216424499308218,0.978590067452498
7,1,"Staggered entry, calendar-event order",631,630,FALSE,NA,0.00945887118851992,-4.66080222771888,-0.0269500331765285,0.973409878508774
8,1,"Simultaneous entry, time-on-study order",631,628,FALSE,NA,0.0740403725437872,-2.60314475963381,-0.0846448195862303,0.918838579918142
8,1,"Staggered entry, time-on-study order",631,628,FALSE,NA,0.0740403725437872,-2.60314475963381,-0.0846448195862303,0.918838579918142
8,1,"Staggered entry, calendar-event order",631,626,FALSE,NA,0.0476208047134545,-3.04448553942163,-0.0835171966887308,0.91987526772657
9,1,"Simultaneous entry, time-on-study order",631,627,FALSE,NA,0.0344125594606624,-3.36933368063514,-0.0403717325368202,0.960432348831914
9,1,"Staggered entry, time-on-study order",631,627,FALSE,NA,0.0344125594606624,-3.36933368063514,-0.0403717325368202,0.960432348831914
9,1,"Staggered entry, calendar-event order",631,627,FALSE,NA,0.00108774410454241,-6.82364935624265,-0.0378184794782062,0.962887708908079
10,1,"Simultaneous entry, time-on-study order",631,630,FALSE,NA,0.0237058743368387,-3.74203239923997,0.0646689016402501,1.06680574826943
10,1,"Staggered entry, time-on-study order",631,630,FALSE,NA,0.0237058743368387,-3.74203239923997,0.0646689016402501,1.06680574826943
10,1,"Staggered entry, calendar-event order",631,630,FALSE,NA,0.0506987430764043,-2.98185416008473,0.0631983862624331,1.06523814688491
11,1,"Simultaneous entry, time-on-study order",631,629,FALSE,NA,0.00404130493660952,-5.51118763505241,-0.0285997489413503,0.97180535275618
11,1,"Staggered entry, time-on-study order",631,629,FALSE,NA,0.00404130493660952,-5.51118763505241,-0.0285997489413503,0.97180535275618
11,1,"Staggered entry, calendar-event order",631,629,FALSE,NA,0.000485884585016986,-7.62953944165539,-0.0222521988918847,0.977993555055451
12,1,"Simultaneous entry, time-on-study order",631,628,FALSE,NA,1.85567291354019,0.618247386904562,0.145661589035821,1.15680464642778
12,1,"Staggered entry, time-on-study order",631,628,FALSE,NA,1.85567291354019,0.618247386904562,0.145661589035821,1.15680464642778
12,1,"Staggered entry, calendar-event order",631,628,FALSE,NA,2.26510782072708,0.817622360772025,0.146086867586449,1.15729671525691
13,1,"Simultaneous entry, time-on-study order",631,630,FALSE,NA,0.0121490126927123,-4.41050737235641,0.0323441127706362,1.03287286890367
13,1,"Staggered entry, time-on-study order",631,630,FALSE,NA,0.0121490126927123,-4.41050737235641,0.0323441127706362,1.03287286890367
13,1,"Staggered entry, calendar-event order",631,630,FALSE,NA,0.0161779544756879,-4.12410579835449,0.038507782626878,1.03925881649011
14,1,"Simultaneous entry, time-on-study order",631,630,FALSE,NA,0.00979315225657925,-4.62607188687335,-0.0479166222724152,0.953213260519867
14,1,"Staggered entry, time-on-study order",631,630,FALSE,NA,0.00979315225657925,-4.62607188687335,-0.0479166222724152,0.953213260519867
14,1,"Staggered entry, calendar-event order",631,630,FALSE,NA,0.00407426085581378,-5.50306593381795,-0.0510620083800996,0.950219747118316
15,1,"Simultaneous entry, time-on-study order",631,628,FALSE,NA,0.000612737261303317,-7.39757432515883,0.0246114629591801,1.02491682500288
15,1,"Staggered entry, time-on-study order",631,628,FALSE,NA,0.000612737261303317,-7.39757432515883,0.0246114629591801,1.02491682500288
15,1,"Staggered entry, calendar-event order",631,628,FALSE,NA,0.000979443449998801,-6.92852605578507,0.0267251450463151,1.02708546443646
16,1,"Simultaneous entry, time-on-study order",631,630,FALSE,NA,0.000544229399722126,-7.51613970932918,-0.0216477310847705,0.978584899381346
16,1,"Staggered entry, time-on-study order",631,630,FALSE,NA,0.000544229399722126,-7.51613970932918,-0.0216477310847705,0.978584899381346
16,1,"Staggered entry, calendar-event order",631,630,FALSE,NA,0.000169718612615266,-8.6813687122142,-0.0220149614375844,0.978225599280477
17,1,"Simultaneous entry, time-on-study order",631,630,FALSE,NA,1.65147052784872,0.501666120002955,0.135972997461682,1.14565095769331
17,1,"Staggered entry, time-on-study order",631,630,FALSE,NA,1.65147052784872,0.501666120002955,0.135972997461682,1.14565095769331
17,1,"Staggered entry, calendar-event order",631,630,FALSE,NA,0.285376141484734,-1.25394717419367,0.137440714241489,1.14733368340802
18,1,"Simultaneous entry, time-on-study order",631,630,FALSE,NA,0.190525375096839,-1.65796989067798,-0.0853873148298312,0.918156599857722
18,1,"Staggered entry, time-on-study order",631,630,FALSE,NA,0.190525375096839,-1.65796989067798,-0.0853873148298312,0.918156599857722
18,1,"Staggered entry, calendar-event order",631,630,FALSE,NA,0.178014148628602,-1.72589224517141,-0.0890188190108043,0.914828357247716
19,1,"Simultaneous entry, time-on-study order",631,629,FALSE,NA,0.0491195907575973,-3.0134973266601,-0.0915078817605122,0.91255412359061
19,1,"Staggered entry, time-on-study order",631,629,FALSE,NA,0.0491195907575973,-3.0134973266601,-0.0915078817605122,0.91255412359061
19,1,"Staggered entry, calendar-event order",631,629,FALSE,NA,0.0668320873104481,-2.70557196481136,-0.0917275245728612,0.91235370964703
20,1,"Simultaneous entry, time-on-study order",631,629,FALSE,NA,0.120347371781514,-2.11737295311769,0.0923948158765089,1.09679776978071
20,1,"Staggered entry, time-on-study order",631,629,FALSE,NA,0.120347371781514,-2.11737295311769,0.0923948158765089,1.09679776978071
20,1,"Staggered entry, calendar-event order",631,629,FALSE,NA,0.0355052591905225,-3.33807444726143,0.0939102588784533,1.09846116435697
21,1,"Simultaneous entry, time-on-study order",631,630,FALSE,NA,3.46480562590803e-06,-12.5728540233149,-0.0288049332455472,0.971605974006455
21,1,"Staggered entry, time-on-study order",631,630,FALSE,NA,3.46480562590803e-06,-12.5728540233149,-0.0288049332455472,0.971605974006455
21,1,"Staggered entry, calendar-event order",631,630,FALSE,NA,0.000537305327373845,-7.52894404519612,-0.0299351999813242,0.970508420474721
22,1,"Simultaneous entry, time-on-study order",631,629,FALSE,NA,0.000241802237590896,-8.32739036593518,0.02709063686185,1.02746092437716
22,1,"Staggered entry, time-on-study order",631,629,FALSE,NA,0.000241802237590896,-8.32739036593518,0.02709063686185,1.02746092437716
22,1,"Staggered entry, calendar-event order",631,629,FALSE,NA,0.00764616332617222,-4.87355128294048,0.0244129135112429,1.02471334853384
23,1,"Simultaneous entry, time-on-study order",631,630,FALSE,NA,0.790072706488303,-0.235630304226398,0.130158384695643,1.13900877059642
23,1,"Staggered entry, time-on-study order",631,630,FALSE,NA,0.790072706488303,-0.235630304226398,0.130158384695643,1.13900877059642
23,1,"Staggered entry, calendar-event order",631,630,TRUE,251,0.672096833622016,-0.397352851188247,0.128196212111426,1.13677603004108
24,1,"Simultaneous entry, time-on-study order",631,630,FALSE,NA,0.0152109055002909,-4.185742641262,-0.0504147927466066,0.950834943254708
24,1,"Staggered entry, time-on-study order",631,630,FALSE,NA,0.0152109055002909,-4.185742641262,-0.0504147927466066,0.950834943254708
24,1,"Staggered entry, calendar-event order",631,630,FALSE,NA,0.00830927468772706,-4.79038295578603,-0.0489026063290382,0.952273870630263
25,1,"Simultaneous entry, time-on-study order",631,630,FALSE,NA,0.179798883157973,-1.71591636854359,-0.088960037078702,0.914882134206639
25,1,"Staggered entry, time-on-study order",631,630,FALSE,NA,0.179798883157973,-1.71591636854359,-0.088960037078702,0.914882134206639
25,1,"Staggered entry, calendar-event order",631,630,FALSE,NA,0.0396939312798913,-3.22655696746032,-0.0862366531406518,0.917377105356261
26,1,"Simultaneous entry, time-on-study order",631,630,FALSE,NA,0.000673308582462248,-7.30330681563218,0.000577369111818943,1.00057753582145
26,1,"Staggered entry, time-on-study order",631,630,FALSE,NA,0.000673308582462248,-7.30330681563218,0.000577369111818943,1.00057753582145
26,1,"Staggered entry, calendar-event order",631,630,FALSE,NA,0.00115531997104774,-6.76337794216427,0.000646421400929025,1.00064663037627
27,1,"Simultaneous entry, time-on-study order",631,630,FALSE,NA,0.00191122061942281,-6.26001317327981,0.0173445129800554,1.0174958024604
27,1,"Staggered entry, time-on-study order",631,630,FALSE,NA,0.00191122061942281,-6.26001317327981,0.0173445129800554,1.0174958024604
27,1,"Staggered entry, calendar-event order",631,630,FALSE,NA,0.00207924186050842,-6.17575194185177,0.0164894457813677,1.01662614703481
28,1,"Simultaneous entry, time-on-study order",631,629,FALSE,NA,0.129506410588208,-2.04402489645612,0.0816676935160251,1.08509516575138
28,1,"Staggered entry, time-on-study order",631,629,FALSE,NA,0.129506410588208,-2.04402489645612,0.0816676935160251,1.08509516575138
28,1,"Staggered entry, calendar-event order",631,630,FALSE,NA,0.140710761046904,-1.96104883557671,0.0841674157488928,1.0878109952575
29,1,"Simultaneous entry, time-on-study order",631,630,FALSE,NA,0.246982043903746,-1.39843964174266,-0.104207525883939,0.901038289249918
29,1,"Staggered entry, time-on-study order",631,630,FALSE,NA,0.246982043903746,-1.39843964174266,-0.104207525883939,0.901038289249918
29,1,"Staggered entry, calendar-event order",631,630,TRUE,194,0.246324391862309,-1.4011059456194,-0.0996946230059186,0.905113776761463
30,1,"Simultaneous entry, time-on-study order",631,630,FALSE,NA,0.00766616581788747,-4.8709386819567,0.0664063361694892,1.0686608645173
30,1,"Staggered entry, time-on-study order",631,630,FALSE,NA,0.00766616581788747,-4.8709386819567,0.0664063361694892,1.0686608645173
30,1,"Staggered entry, calendar-event order",631,630,FALSE,NA,0.0151225705743459,-4.19156691115026,0.0729450456755348,1.07567142249405
31,1,"Simultaneous entry, time-on-study order",631,629,FALSE,NA,0.0227366231227991,-3.78377830112404,0.0967646777154319,1.10160111182685
31,1,"Staggered entry, time-on-study order",631,629,FALSE,NA,0.0227366231227991,-3.78377830112404,0.0967646777154319,1.10160111182685
31,1,"Staggered entry, calendar-event order",631,628,FALSE,NA,0.054577771667431,-2.90812859144211,0.0986879499118636,1.10372182932158
32,1,"Simultaneous entry, time-on-study order",631,629,FALSE,NA,0.00149322638030604,-6.50681614411899,-0.0452440324202988,0.955764215917189
32,1,"Staggered entry, time-on-study order",631,629,FALSE,NA,0.00149322638030604,-6.50681614411899,-0.0452440324202988,0.955764215917189
32,1,"Staggered entry, calendar-event order",631,629,FALSE,NA,0.00148584936321266,-6.51176870847589,-0.0496402812975069,0.951571661065825
33,1,"Simultaneous entry, time-on-study order",631,630,FALSE,NA,0.000350865990567349,-7.95510620065543,0.0101653870289558,1.01021723009505
33,1,"Staggered entry, time-on-study order",631,630,FALSE,NA,0.000350865990567349,-7.95510620065543,0.0101653870289558,1.01021723009505
33,1,"Staggered entry, calendar-event order",631,630,FALSE,NA,0.0041455366104878,-5.48572303906651,0.00549044568770006,1.00550554580744
34,1,"Simultaneous entry, time-on-study order",631,629,FALSE,NA,4.364238239196e-05,-10.0394818065564,0.00732519587118563,1.00735209074844
34,1,"Staggered entry, time-on-study order",631,629,FALSE,NA,4.364238239196e-05,-10.0394818065564,0.00732519587118563,1.00735209074844
34,1,"Staggered entry, calendar-event order",631,629,FALSE,NA,0.000786187995131114,-7.14831461457781,0.00518972755883679,1.00520321752122
35,1,"Simultaneous entry, time-on-study order",631,629,FALSE,NA,0.0653074689010814,-2.72864887096968,-0.100009028291976,0.904829248936436
35,1,"Staggered entry, time-on-study order",631,629,FALSE,NA,0.0653074689010814,-2.72864887096968,-0.100009028291976,0.904829248936436
35,1,"Staggered entry, calendar-event order",631,629,FALSE,NA,0.101095074126451,-2.29169387692756,-0.0994207674220764,0.905361681166695
36,1,"Simultaneous entry, time-on-study order",631,629,FALSE,NA,0.000367287792753042,-7.9093648407766,0.00946121311395891,1.00950611187797
36,1,"Staggered entry, time-on-study order",631,629,FALSE,NA,0.000367287792753042,-7.9093648407766,0.00946121311395891,1.00950611187797
36,1,"Staggered entry, calendar-event order",631,629,FALSE,NA,0.000319796327329581,-8.04782624190309,0.00555927400113172,1.00557475544007
37,1,"Simultaneous entry, time-on-study order",631,630,FALSE,NA,0.00230981793944716,-6.07058657164657,-0.00717809802001081,0.992847602994015
37,1,"Staggered entry, time-on-study order",631,630,FALSE,NA,0.00230981793944716,-6.07058657164657,-0.00717809802001081,0.992847602994015
37,1,"Staggered entry, calendar-event order",631,630,FALSE,NA,0.00233931688388882,-6.05789632219442,-0.00463248856210487,0.995378224863376
38,1,"Simultaneous entry, time-on-study order",631,626,FALSE,NA,0.00183689704323101,-6.29967752046513,-0.0259538499861954,0.974380056224182
38,1,"Staggered entry, time-on-study order",631,626,FALSE,NA,0.00183689704323101,-6.29967752046513,-0.0259538499861954,0.974380056224182
38,1,"Staggered entry, calendar-event order",631,626,FALSE,NA,0.00475837804165076,-5.34784841635881,-0.0284096455495005,0.971990113811252
39,1,"Simultaneous entry, time-on-study order",631,628,FALSE,NA,1.93517297598602e-05,-10.8527287492094,0.0192003275399397,1.01938583922165
39,1,"Staggered entry, time-on-study order",631,628,FALSE,NA,1.93517297598602e-05,-10.8527287492094,0.0192003275399397,1.01938583922165
39,1,"Staggered entry, calendar-event order",631,628,FALSE,NA,0.00223223008519533,-6.10475415501101,0.0171010701502633,1.01724813055114
40,1,"Simultaneous entry, time-on-study order",631,630,FALSE,NA,1.85739383488402,0.619174341136009,0.173125840249082,1.18901572170452
40,1,"Staggered entry, time-on-study order",631,630,FALSE,NA,1.85739383488402,0.619174341136009,0.173125840249082,1.18901572170452
40,1,"Staggered entry, calendar-event order",631,628,FALSE,NA,5.71195109642001,1.74256066344951,0.173473739818145,1.18942945172578
41,1,"Simultaneous entry, time-on-study order",631,630,FALSE,NA,0.00216601997586745,-6.13486390797705,-0.04671228252766,0.954361944698903
41,1,"Staggered entry, time-on-study order",631,630,FALSE,NA,0.00216601997586745,-6.13486390797705,-0.04671228252766,0.954361944698903
41,1,"Staggered entry, calendar-event order",631,630,FALSE,NA,0.0120769748330544,-4.41645454556501,-0.0534497646838355,0.947953560554525
42,1,"Simultaneous entry, time-on-study order",631,628,FALSE,NA,0.0074717968530827,-4.89661976618179,0.000369576125217132,1.00036964442689
42,1,"Staggered entry, time-on-study order",631,628,FALSE,NA,0.0074717968530827,-4.89661976618179,0.000369576125217132,1.00036964442689
42,1,"Staggered entry, calendar-event order",631,629,FALSE,NA,0.0026014204855065,-5.95169764256496,0.00396762134586985,1.0039755027755
43,1,"Simultaneous entry, time-on-study order",631,630,FALSE,NA,0.00833922486678741,-4.78678500856303,-0.00907166594377717,0.990969357473752
43,1,"Staggered entry, time-on-study order",631,630,FALSE,NA,0.00833922486678741,-4.78678500856303,-0.00907166594377717,0.990969357473752
43,1,"Staggered entry, calendar-event order",631,630,FALSE,NA,0.00877989257713413,-4.73529110636051,-0.0100732902210067,0.989977275436985
44,1,"Simultaneous entry, time-on-study order",631,627,FALSE,NA,0.221034915204981,-1.50943460259021,-0.0987213822453287,0.905995099181864
44,1,"Staggered entry, time-on-study order",631,627,FALSE,NA,0.221034915204981,-1.50943460259021,-0.0987213822453287,0.905995099181864
44,1,"Staggered entry, calendar-event order",631,628,FALSE,NA,0.132180642733126,-2.02358578639207,-0.0939267090471239,0.910349480176679
45,1,"Simultaneous entry, time-on-study order",631,630,FALSE,NA,0.0516216915584872,-2.96381331578868,0.0696162771474626,1.07209671430522
45,1,"Staggered entry, time-on-study order",631,630,FALSE,NA,0.0516216915584872,-2.96381331578868,0.0696162771474626,1.07209671430522
45,1,"Staggered entry, calendar-event order",631,627,FALSE,NA,0.110386899975869,-2.20376381181862,0.0775853180493588,1.08067442955979
46,1,"Simultaneous entry, time-on-study order",631,630,FALSE,NA,0.0880755211113383,-2.42956063809521,0.0668084520574792,1.06909067644111
46,1,"Staggered entry, time-on-study order",631,630,FALSE,NA,0.0880755211113383,-2.42956063809521,0.0668084520574792,1.06909067644111
46,1,"Staggered entry, calendar-event order",631,630,FALSE,NA,0.18817975624901,-1.67035762271199,0.0795588439557075,1.08280927443579
47,1,"Simultaneous entry, time-on-study order",631,630,FALSE,NA,0.0570005822231962,-2.86469379675772,-0.0645294588463198,0.937508495936545
47,1,"Staggered entry, time-on-study order",631,630,FALSE,NA,0.0570005822231962,-2.86469379675772,-0.0645294588463198,0.937508495936545
47,1,"Staggered entry, calendar-event order",631,629,FALSE,NA,0.0709487852517746,-2.64579699670976,-0.0636850156866713,0.93830050292843
48,1,"Simultaneous entry, time-on-study order",631,629,FALSE,NA,0.0204039971846283,-3.89202445690283,0.0613745844118621,1.06329713413067
48,1,"Staggered entry, time-on-study order",631,629,FALSE,NA,0.0204039971846283,-3.89202445690283,0.0613745844118621,1.06329713413067
48,1,"Staggered entry, calendar-event order",631,630,FALSE,NA,0.0145419862939209,-4.2307152072715,0.0681722765997301,1.07054972325931
49,1,"Simultaneous entry, time-on-study order",631,630,FALSE,NA,0.774199186854129,-0.255926091143805,0.13830133046287,1.14832152240146
49,1,"Staggered entry, time-on-study order",631,630,FALSE,NA,0.774199186854129,-0.255926091143805,0.13830133046287,1.14832152240146
49,1,"Staggered entry, calendar-event order",631,630,FALSE,NA,1.19273318862175,0.176247470677773,0.147220322727426,1.15860920285085
50,1,"Simultaneous entry, time-on-study order",631,630,FALSE,NA,0.0307365764036362,-3.48230191975996,-0.0624820917798425,0.939429886180061
50,1,"Staggered entry, time-on-study order",631,630,FALSE,NA,0.0307365764036362,-3.48230191975996,-0.0624820917798425,0.939429886180061
50,1,"Staggered entry, calendar-event order",631,630,FALSE,NA,0.0397662500853757,-3.22473671424142,-0.0739785266594543,0.928691635738933
51,1,"Simultaneous entry, time-on-study order",631,624,FALSE,NA,0.00176118577033919,-6.3417679636411,-0.0407199008503079,0.960098014926416
51,1,"Staggered entry, time-on-study order",631,624,FALSE,NA,0.00176118577033919,-6.3417679636411,-0.0407199008503079,0.960098014926416
51,1,"Staggered entry, calendar-event order",631,627,FALSE,NA,0.000123599126343536,-8.99846708138366,-0.0387480453880115,0.961993057202193
52,1,"Simultaneous entry, time-on-study order",631,626,FALSE,NA,0.0995600699080784,-2.30699409931266,-0.0854544355126115,0.918094974628027
52,1,"Staggered entry, time-on-study order",631,626,FALSE,NA,0.0995600699080784,-2.30699409931266,-0.0854544355126115,0.918094974628027
52,1,"Staggered entry, calendar-event order",631,626,FALSE,NA,0.117992075607099,-2.13713781264357,-0.0915985652242123,0.912471373773945
53,1,"Simultaneous entry, time-on-study order",631,630,FALSE,NA,0.0416547175964796,-3.17834064916102,0.0749246295568206,1.07780291333998
53,1,"Staggered entry, time-on-study order",631,630,FALSE,NA,0.0416547175964796,-3.17834064916102,0.0749246295568206,1.07780291333998
53,1,"Staggered entry, calendar-event order",631,630,FALSE,NA,0.00297152887537286,-5.81867868576481,0.0769504883211419,1.07998860301995
54,1,"Simultaneous entry, time-on-study order",631,629,FALSE,NA,0.000779379052393872,-7.15701304200043,-0.0857468853629279,0.91782651714721
54,1,"Staggered entry, time-on-study order",631,629,FALSE,NA,0.000779379052393872,-7.15701304200043,-0.0857468853629279,0.91782651714721
54,1,"Staggered entry, calendar-event order",631,629,FALSE,NA,0.000308633414970358,-8.08335634466705,-0.0852646869882342,0.918269198323523
55,1,"Simultaneous entry, time-on-study order",631,627,FALSE,NA,1.027623817507,0.0272491637847216,-0.149117285173989,0.861468071540974
55,1,"Staggered entry, time-on-study order",631,627,FALSE,NA,1.027623817507,0.0272491637847216,-0.149117285173989,0.861468071540974
55,1,"Staggered entry, calendar-event order",631,625,FALSE,NA,2.02337058962884,0.704764729559393,-0.145924544696751,0.864222910926296
56,1,"Simultaneous entry, time-on-study order",631,630,FALSE,NA,0.111977919605209,-2.18945357350501,0.104718701926425,1.11039821354108
56,1,"Staggered entry, time-on-study order",631,630,FALSE,NA,0.111977919605209,-2.18945357350501,0.104718701926425,1.11039821354108
56,1,"Staggered entry, calendar-event order",631,630,FALSE,NA,0.0176891413334644,-4.03480431164572,0.10240869437301,1.10783614561793
57,1,"Simultaneous entry, time-on-study order",631,629,FALSE,NA,0.000457437317475585,-7.68987069361789,0.0121236075933136,1.01219739641793
57,1,"Staggered entry, time-on-study order",631,629,FALSE,NA,0.000457437317475585,-7.68987069361789,0.0121236075933136,1.01219739641793
57,1,"Staggered entry, calendar-event order",631,629,FALSE,NA,0.000703986805525481,-7.25875094413317,0.0091661362652489,1.00920827394042
58,1,"Simultaneous entry, time-on-study order",631,629,FALSE,NA,0.00146805007358074,-6.52382023930293,-0.036596524506532,0.964065033503468
58,1,"Staggered entry, time-on-study order",631,629,FALSE,NA,0.00146805007358074,-6.52382023930293,-0.036596524506532,0.964065033503468
58,1,"Staggered entry, calendar-event order",631,628,FALSE,NA,5.60345228413021e-05,-9.78954257786547,-0.0359697317522578,0.964669491896398
59,1,"Simultaneous entry, time-on-study order",631,628,FALSE,NA,0.02008185628475,-3.90793854397168,0.0258850033718334,1.02622292951104
59,1,"Staggered entry, time-on-study order",631,628,FALSE,NA,0.02008185628475,-3.90793854397168,0.0258850033718334,1.02622292951104
59,1,"Staggered entry, calendar-event order",631,628,FALSE,NA,0.00730337717189165,-4.91941841151981,0.0246384235462518,1.02494445773468
60,1,"Simultaneous entry, time-on-study order",631,629,FALSE,NA,0.02006670947521,-3.90869308202163,0.090300446060103,1.09450307344713
60,1,"Staggered entry, time-on-study order",631,629,FALSE,NA,0.02006670947521,-3.90869308202163,0.090300446060103,1.09450307344713
60,1,"Staggered entry, calendar-event order",631,629,FALSE,NA,0.0422438152149218,-3.16429732133999,0.0888570831451226,1.09292444783948
61,1,"Simultaneous entry, time-on-study order",631,629,FALSE,NA,0.0462006070886885,-3.07476234053298,-0.0690842954267517,0.933248008223291
61,1,"Staggered entry, time-on-study order",631,629,FALSE,NA,0.0462006070886885,-3.07476234053298,-0.0690842954267517,0.933248008223291
61,1,"Staggered entry, calendar-event order",631,630,FALSE,NA,0.0436873223603343,-3.13069732514037,-0.0633828360057896,0.938584081118601
62,1,"Simultaneous entry, time-on-study order",631,630,FALSE,NA,6.70822516559975e-05,-9.60959105484636,-0.00227983508521225,0.997722761764957
62,1,"Staggered entry, time-on-study order",631,630,FALSE,NA,6.70822516559975e-05,-9.60959105484636,-0.00227983508521225,0.997722761764957
62,1,"Staggered entry, calendar-event order",631,630,FALSE,NA,9.27690850728532e-05,-9.28539710866471,-0.00791732241716587,0.992113937028525
63,1,"Simultaneous entry, time-on-study order",631,626,FALSE,NA,0.00677257375207786,-4.99487409413034,0.00930019039032779,1.009343571541
63,1,"Staggered entry, time-on-study order",631,626,FALSE,NA,0.00677257375207786,-4.99487409413034,0.00930019039032779,1.009343571541
63,1,"Staggered entry, calendar-event order",631,626,FALSE,NA,0.00793119629607696,-4.83695139770471,0.00922673359680357,1.00926943112177
64,1,"Simultaneous entry, time-on-study order",631,628,FALSE,NA,0.218591116581541,-1.5205523418443,-0.108429316398545,0.897242312893688
64,1,"Staggered entry, time-on-study order",631,628,FALSE,NA,0.218591116581541,-1.5205523418443,-0.108429316398545,0.897242312893688
64,1,"Staggered entry, calendar-event order",631,628,FALSE,NA,0.0690873629969795,-2.67238344486102,-0.109048280779876,0.896687123699478
65,1,"Simultaneous entry, time-on-study order",631,630,FALSE,NA,0.0165493053993001,-4.10141114787063,0.053999923611615,1.05548452152832
65,1,"Staggered entry, time-on-study order",631,630,FALSE,NA,0.0165493053993001,-4.10141114787063,0.053999923611615,1.05548452152832
65,1,"Staggered entry, calendar-event order",631,630,FALSE,NA,0.00300141244601552,-5.80867228577428,0.0501884416539204,1.05146921830677
66,1,"Simultaneous entry, time-on-study order",631,628,FALSE,NA,1.5254195461166e-05,-11.0906559805397,0.0136366148489157,1.01373001756389
66,1,"Staggered entry, time-on-study order",631,628,FALSE,NA,1.5254195461166e-05,-11.0906559805397,0.0136366148489157,1.01373001756389
66,1,"Staggered entry, calendar-event order",631,627,FALSE,NA,0.000154100194227968,-8.77790755523687,0.00989298664430782,1.00994208400964
67,1,"Simultaneous entry, time-on-study order",631,630,FALSE,NA,0.207667484534959,-1.57181711049996,0.0910426577915175,1.09531572801188
67,1,"Staggered entry, time-on-study order",631,630,FALSE,NA,0.207667484534959,-1.57181711049996,0.0910426577915175,1.09531572801188
67,1,"Staggered entry, calendar-event order",631,630,FALSE,NA,0.16814833452312,-1.78290874555428,0.0830566923608728,1.08660340891467
68,1,"Simultaneous entry, time-on-study order",631,629,FALSE,NA,0.0122699768341031,-4.40059990827226,0.0201413102692235,1.02034551513925
68,1,"Staggered entry, time-on-study order",631,629,FALSE,NA,0.0122699768341031,-4.40059990827226,0.0201413102692235,1.02034551513925
68,1,"Staggered entry, calendar-event order",631,629,FALSE,NA,0.00126284209045902,-6.67439047077872,0.0237204514955939,1.02400401908324
69,1,"Simultaneous entry, time-on-study order",631,629,FALSE,NA,0.00341759405188069,-5.6788184690775,0.00752036785091048,1.00754871683759
69,1,"Staggered entry, time-on-study order",631,629,FALSE,NA,0.00341759405188069,-5.6788184690775,0.00752036785091048,1.00754871683759
69,1,"Staggered entry, calendar-event order",631,629,FALSE,NA,0.0033271426858127,-5.70564139563588,0.010515356257403,1.01057083691177
70,1,"Simultaneous entry, time-on-study order",631,629,FALSE,NA,0.164298122345109,-1.80607268221414,0.087647799895531,1.09160359141738
70,1,"Staggered entry, time-on-study order",631,629,FALSE,NA,0.164298122345109,-1.80607268221414,0.087647799895531,1.09160359141738
70,1,"Staggered entry, calendar-event order",631,630,FALSE,NA,0.147577218405331,-1.91340372557582,0.0828791256384699,1.08641048143805
71,1,"Simultaneous entry, time-on-study order",631,627,FALSE,NA,1.94277716913501e-05,-10.848806985076,0.0330376141368522,1.03358941608389
71,1,"Staggered entry, time-on-study order",631,627,FALSE,NA,1.94277716913501e-05,-10.848806985076,0.0330376141368522,1.03358941608389
71,1,"Staggered entry, calendar-event order",631,627,FALSE,NA,0.00184595449256366,-6.29475879512102,0.033062159452529,1.03361478617374
72,1,"Simultaneous entry, time-on-study order",631,628,FALSE,NA,0.0364361840396136,-3.31219293107452,0.0855800764017192,1.08934878898282
72,1,"Staggered entry, time-on-study order",631,628,FALSE,NA,0.0364361840396136,-3.31219293107452,0.0855800764017192,1.08934878898282
72,1,"Staggered entry, calendar-event order",631,627,FALSE,NA,0.0544529865287152,-2.9104175820951,0.0907873504024214,1.09503612150745
73,1,"Simultaneous entry, time-on-study order",631,628,FALSE,NA,0.0232946171080698,-3.75953297050569,-0.0585079939243127,0.943170700734335
73,1,"Staggered entry, time-on-study order",631,628,FALSE,NA,0.0232946171080698,-3.75953297050569,-0.0585079939243127,0.943170700734335
73,1,"Staggered entry, calendar-event order",631,625,FALSE,NA,0.0161112219601479,-4.12823923363641,-0.0657630649432888,0.936352692789475
74,1,"Simultaneous entry, time-on-study order",631,630,FALSE,NA,0.0646667232131647,-2.73850853415692,-0.0790425304563727,0.924000625441102
74,1,"Staggered entry, time-on-study order",631,630,FALSE,NA,0.0646667232131647,-2.73850853415692,-0.0790425304563727,0.924000625441102
74,1,"Staggered entry, calendar-event order",631,630,FALSE,NA,0.153056291687802,-1.87694950572738,-0.0773438210677855,0.92557156788818
75,1,"Simultaneous entry, time-on-study order",631,628,FALSE,NA,0.000598759174329835,-7.420651086885,0.00850036015268021,1.00853659079913
75,1,"Staggered entry, time-on-study order",631,628,FALSE,NA,0.000598759174329835,-7.420651086885,0.00850036015268021,1.00853659079913
75,1,"Staggered entry, calendar-event order",631,629,FALSE,NA,0.000485780000510675,-7.62975471039786,0.00517362213833739,1.00518702843108
76,1,"Simultaneous entry, time-on-study order",631,629,TRUE,383,1.0116806657713,0.0116129734128149,0.144160284125932,1.15506923295066
76,1,"Staggered entry, time-on-study order",631,629,TRUE,383,1.0116806657713,0.0116129734128149,0.144160284125932,1.15506923295066
76,1,"Staggered entry, calendar-event order",631,629,FALSE,NA,1.44954042533519,0.371246558149137,0.142835455697855,1.15353997761859
77,1,"Simultaneous entry, time-on-study order",631,627,FALSE,NA,0.00017128152132329,-8.67220203163863,-0.00564986545227751,0.994366065021739
77,1,"Staggered entry, time-on-study order",631,627,FALSE,NA,0.00017128152132329,-8.67220203163863,-0.00564986545227751,0.994366065021739
77,1,"Staggered entry, calendar-event order",631,625,FALSE,NA,0.00110179639220674,-6.81081334738487,-0.00747323498442485,0.992554620203494
78,1,"Simultaneous entry, time-on-study order",631,630,FALSE,NA,0.000915521701680913,-6.99601648940001,0.0244665405525939,1.02476830235244
78,1,"Staggered entry, time-on-study order",631,630,FALSE,NA,0.000915521701680913,-6.99601648940001,0.0244665405525939,1.02476830235244
78,1,"Staggered entry, calendar-event order",631,629,FALSE,NA,9.12282099981972e-05,-9.30214638855793,0.0261708668736237,1.0265163311257
79,1,"Simultaneous entry, time-on-study order",631,630,FALSE,NA,0.102678011848281,-2.27615728576618,-0.0823616890166856,0.920938805000156
79,1,"Staggered entry, time-on-study order",631,630,FALSE,NA,0.102678011848281,-2.27615728576618,-0.0823616890166856,0.920938805000156
79,1,"Staggered entry, calendar-event order",631,630,FALSE,NA,0.056030162554405,-2.88186511620614,-0.0789004227974279,0.924131942337194
80,1,"Simultaneous entry, time-on-study order",631,630,FALSE,NA,0.342005364728732,-1.07292885570124,-0.116545292702355,0.889989786021311
80,1,"Staggered entry, time-on-study order",631,630,FALSE,NA,0.342005364728732,-1.07292885570124,-0.116545292702355,0.889989786021311
80,1,"Staggered entry, calendar-event order",631,630,FALSE,NA,0.202609699394311,-1.59647381371177,-0.118634154990568,0.888132660235679
81,1,"Simultaneous entry, time-on-study order",631,630,FALSE,NA,0.00802720440960127,-4.82491895490201,0.0465385789265902,1.04763849505752
81,1,"Staggered entry, time-on-study order",631,630,FALSE,NA,0.00802720440960127,-4.82491895490201,0.0465385789265902,1.04763849505752
81,1,"Staggered entry, calendar-event order",631,630,FALSE,NA,0.00690017751951065,-4.97620814024456,0.046487737507031,1.04758523298322
82,1,"Simultaneous entry, time-on-study order",631,626,FALSE,NA,0.148310117099767,-1.90844981166774,-0.130273041895041,0.877855706808928
82,1,"Staggered entry, time-on-study order",631,626,FALSE,NA,0.148310117099767,-1.90844981166774,-0.130273041895041,0.877855706808928
82,1,"Staggered entry, calendar-event order",631,625,FALSE,NA,0.926637492393005,-0.0761928444902964,-0.131970058711572,0.876367234250684
83,1,"Simultaneous entry, time-on-study order",631,628,FALSE,NA,0.0133163044481998,-4.3187660961934,0.0439895351314093,1.04497141934264
83,1,"Staggered entry, time-on-study order",631,628,FALSE,NA,0.0133163044481998,-4.3187660961934,0.0439895351314093,1.04497141934264
83,1,"Staggered entry, calendar-event order",631,628,FALSE,NA,0.0487002752230342,-3.02207059751256,0.0472532647295751,1.04838749503454
84,1,"Simultaneous entry, time-on-study order",631,628,FALSE,NA,0.00859332429927499,-4.75676962142661,0.0107840947169519,1.01084245265691
84,1,"Staggered entry, time-on-study order",631,628,FALSE,NA,0.00859332429927499,-4.75676962142661,0.0107840947169519,1.01084245265691
84,1,"Staggered entry, calendar-event order",631,627,FALSE,NA,0.00187320383521411,-6.28010503324394,-0.00111755548626416,0.998883068746308
85,1,"Simultaneous entry, time-on-study order",631,629,FALSE,NA,0.0131447088570515,-4.33173596961526,-0.0527287804473666,0.948637266569602
85,1,"Staggered entry, time-on-study order",631,629,FALSE,NA,0.0131447088570515,-4.33173596961526,-0.0527287804473666,0.948637266569602
85,1,"Staggered entry, calendar-event order",631,629,FALSE,NA,0.0252736628715857,-3.67799241867638,-0.0520902661871936,0.949243178413129
86,1,"Simultaneous entry, time-on-study order",631,628,FALSE,NA,0.000285541895675083,-8.16112179471271,0.022289631599434,1.02253990145309
86,1,"Staggered entry, time-on-study order",631,628,FALSE,NA,0.000285541895675083,-8.16112179471271,0.022289631599434,1.02253990145309
86,1,"Staggered entry, calendar-event order",631,628,FALSE,NA,2.05822242430477e-05,-10.7910827555049,0.0235682991538731,1.02384822632623
87,1,"Simultaneous entry, time-on-study order",631,630,FALSE,NA,0.0386016814853967,-3.2544594416623,-0.0518688446435912,0.949453384574175
87,1,"Staggered entry, time-on-study order",631,630,FALSE,NA,0.0386016814853967,-3.2544594416623,-0.0518688446435912,0.949453384574175
87,1,"Staggered entry, calendar-event order",631,629,FALSE,NA,0.0282726213082449,-3.56586138754819,-0.0515063120976518,0.949797654727732
88,1,"Simultaneous entry, time-on-study order",631,630,FALSE,NA,3.22582208824093e-05,-10.3417376361243,0.0123815616240507,1.01245853049508
88,1,"Staggered entry, time-on-study order",631,630,FALSE,NA,3.22582208824093e-05,-10.3417376361243,0.0123815616240507,1.01245853049508
88,1,"Staggered entry, calendar-event order",631,630,FALSE,NA,0.000112544904924867,-9.09215826107322,0.0124598414416451,1.01253778866629
89,1,"Simultaneous entry, time-on-study order",631,630,FALSE,NA,0.0552597159911465,-2.89571109900159,-0.0570564988018572,0.94454070244096
89,1,"Staggered entry, time-on-study order",631,630,FALSE,NA,0.0552597159911465,-2.89571109900159,-0.0570564988018572,0.94454070244096
89,1,"Staggered entry, calendar-event order",631,630,FALSE,NA,0.00385407124985823,-5.5586252219117,-0.0532517240578039,0.948141312461745
90,1,"Simultaneous entry, time-on-study order",631,629,FALSE,NA,0.224532972412425,-1.49373271215027,0.105115052546606,1.11083840779154
90,1,"Staggered entry, time-on-study order",631,629,FALSE,NA,0.224532972412425,-1.49373271215027,0.105115052546606,1.11083840779154
90,1,"Staggered entry, calendar-event order",631,629,FALSE,NA,0.233604795082288,-1.45412450134538,0.110988488427657,1.11738204395619
91,1,"Simultaneous entry, time-on-study order",631,630,FALSE,NA,0.000635049098254719,-7.36180824197446,0.0104218903493866,1.01047638740486
91,1,"Staggered entry, time-on-study order",631,630,FALSE,NA,0.000635049098254719,-7.36180824197446,0.0104218903493866,1.01047638740486
91,1,"Staggered entry, calendar-event order",631,630,FALSE,NA,0.000426799237367337,-7.75919682540018,0.00679039944800319,1.00681350648272
92,1,"Simultaneous entry, time-on-study order",631,630,FALSE,NA,1.17992593440307,0.16545166905259,0.125507017381136,1.13372312469988
92,1,"Staggered entry, time-on-study order",631,630,FALSE,NA,1.17992593440307,0.16545166905259,0.125507017381136,1.13372312469988
92,1,"Staggered entry, calendar-event order",631,630,FALSE,NA,0.428456751739164,-0.847565475468209,0.122386280799943,1.13019058839627
93,1,"Simultaneous entry, time-on-study order",631,627,FALSE,NA,0.00190461590876295,-6.26347491342867,0.0102541144236949,1.0103068680146
93,1,"Staggered entry, time-on-study order",631,627,FALSE,NA,0.00190461590876295,-6.26347491342867,0.0102541144236949,1.0103068680146
93,1,"Staggered entry, calendar-event order",631,628,FALSE,NA,0.00115468152332328,-6.76393071041336,0.0114460017972411,1.01151175791789
94,1,"Simultaneous entry, time-on-study order",631,630,FALSE,NA,0.0707297165201168,-2.64888947585805,-0.090941207731625,0.913071390859524
94,1,"Staggered entry, time-on-study order",631,630,FALSE,NA,0.0707297165201168,-2.64888947585805,-0.090941207731625,0.913071390859524
94,1,"Staggered entry, calendar-event order",631,630,FALSE,NA,0.0856488667310646,-2.457499285694,-0.091242283983026,0.912796528127299
95,1,"Simultaneous entry, time-on-study order",631,630,FALSE,NA,0.00250835133596205,-5.98812957991334,0.0172823603271851,1.01743256436222
95,1,"Staggered entry, time-on-study order",631,630,FALSE,NA,0.00250835133596205,-5.98812957991334,0.0172823603271851,1.01743256436222
95,1,"Staggered entry, calendar-event order",631,630,FALSE,NA,0.00121575664931842,-6.7123886393814,0.0180934525551907,1.01825813076768
96,1,"Simultaneous entry, time-on-study order",631,630,FALSE,NA,0.00215203398399937,-6.14134184498602,0.0205519142521538,1.0207645590964
96,1,"Staggered entry, time-on-study order",631,630,FALSE,NA,0.00215203398399937,-6.14134184498602,0.0205519142521538,1.0207645590964
96,1,"Staggered entry, calendar-event order",631,630,FALSE,NA,0.000862478384569872,-7.05570047074106,0.020848713527867,1.02106756624214
97,1,"Simultaneous entry, time-on-study order",631,628,FALSE,NA,0.00450401622059605,-5.40278578677556,-0.0442722932396429,0.956693420852567
97,1,"Staggered entry, time-on-study order",631,628,FALSE,NA,0.00450401622059605,-5.40278578677556,-0.0442722932396429,0.956693420852567
97,1,"Staggered entry, calendar-event order",631,629,FALSE,NA,0.0207780919229462,-3.87385612029189,-0.0404424586551899,0.960364423581998
98,1,"Simultaneous entry, time-on-study order",631,629,FALSE,NA,0.00555512833458289,-5.19303375362223,0.0316831449118096,1.03219039870535
98,1,"Staggered entry, time-on-study order",631,629,FALSE,NA,0.00555512833458289,-5.19303375362223,0.0316831449118096,1.03219039870535
98,1,"Staggered entry, calendar-event order",631,630,FALSE,NA,0.00357504778964737,-5.63377673519198,0.0242310868900313,1.02452704530592
99,1,"Simultaneous entry, time-on-study order",631,630,FALSE,NA,0.390161046909136,-0.941195684302373,-0.100414189287329,0.904462721673601
99,1,"Staggered entry, time-on-study order",631,630,FALSE,NA,0.390161046909136,-0.941195684302373,-0.100414189287329,0.904462721673601
99,1,"Staggered entry, calendar-event order",631,630,FALSE,NA,0.0642093042951566,-2.74560715207125,-0.0967222162179611,0.907808145491559
100,1,"Simultaneous entry, time-on-study order",631,628,FALSE,NA,0.00134581089445285,-6.61075855209283,0.0437093044315233,1.04467862729701
100,1,"Staggered entry, time-on-study order",631,628,FALSE,NA,0.00134581089445285,-6.61075855209283,0.0437093044315233,1.04467862729701
100,1,"Staggered entry, calendar-event order",631,628,FALSE,NA,0.00906547776588298,-4.70328173170933,0.0442810721966957,1.04527611165594
101,1,"Simultaneous entry, time-on-study order",631,628,FALSE,NA,0.0064436743644861,-5.044656348078,0.0157374422695462,1.01586192798575
101,1,"Staggered entry, time-on-study order",631,628,FALSE,NA,0.0064436743644861,-5.044656348078,0.0157374422695462,1.01586192798575
101,1,"Staggered entry, calendar-event order",631,628,FALSE,NA,0.00488037727160124,-5.32253275235098,0.0123864755171975,1.01246350562034
102,1,"Simultaneous entry, time-on-study order",631,628,FALSE,NA,3.92589849916812e-05,-10.1453302229478,0.0638803038785431,1.06596479927299
102,1,"Staggered entry, time-on-study order",631,628,FALSE,NA,3.92589849916812e-05,-10.1453302229478,0.0638803038785431,1.06596479927299
102,1,"Staggered entry, calendar-event order",631,628,FALSE,NA,0.00123829376781311,-6.69402084061294,0.0629028220253265,1.06492334710875
103,1,"Simultaneous entry, time-on-study order",631,630,FALSE,NA,0.00583453774384143,-5.14396023766004,-0.0630850272664991,0.938863641286182
103,1,"Staggered entry, time-on-study order",631,630,FALSE,NA,0.00583453774384143,-5.14396023766004,-0.0630850272664991,0.938863641286182
103,1,"Staggered entry, calendar-event order",631,630,FALSE,NA,0.0269602893401504,-3.6133902607942,-0.067877866203696,0.934374585323897
104,1,"Simultaneous entry, time-on-study order",631,629,FALSE,NA,0.0707135618700611,-2.6491179017021,-0.0716805291186272,0.930828220827449
104,1,"Staggered entry, time-on-study order",631,629,FALSE,NA,0.0707135618700611,-2.6491179017021,-0.0716805291186272,0.930828220827449
104,1,"Staggered entry, calendar-event order",631,629,FALSE,NA,0.116288555528543,-2.15168062904126,-0.0763444821529808,0.926496989902507
105,1,"Simultaneous entry, time-on-study order",631,630,FALSE,NA,0.0109820429027982,-4.51149380348601,0.0375025059000072,1.03821459874054
105,1,"Staggered entry, time-on-study order",631,630,FALSE,NA,0.0109820429027982,-4.51149380348601,0.0375025059000072,1.03821459874054
105,1,"Staggered entry, calendar-event order",631,630,FALSE,NA,0.0011776682886969,-6.74421882194877,0.0374844594658921,1.03819586283824
106,1,"Simultaneous entry, time-on-study order",631,630,FALSE,NA,0.000467185861025329,-7.66878339012453,-0.0207028718937357,0.979509961275529
106,1,"Staggered entry, time-on-study order",631,630,FALSE,NA,0.000467185861025329,-7.66878339012453,-0.0207028718937357,0.979509961275529
106,1,"Staggered entry, calendar-event order",631,630,FALSE,NA,5.38264086542518e-05,-9.82974634405302,-0.0188081910625099,0.981367579264041
107,1,"Simultaneous entry, time-on-study order",631,629,FALSE,NA,0.123106970879925,-2.09470161961334,-0.0826610863765261,0.92066311962516
107,1,"Staggered entry, time-on-study order",631,629,FALSE,NA,0.123106970879925,-2.09470161961334,-0.0826610863765261,0.92066311962516
107,1,"Staggered entry, calendar-event order",631,629,FALSE,NA,0.185828533241738,-1.68293089473888,-0.0831914761653767,0.920174938782051
108,1,"Simultaneous entry, time-on-study order",631,630,FALSE,NA,0.00526587092932889,-5.24650872840041,-0.0393984801267174,0.961367546948246
108,1,"Staggered entry, time-on-study order",631,630,FALSE,NA,0.00526587092932889,-5.24650872840041,-0.0393984801267174,0.961367546948246
108,1,"Staggered entry, calendar-event order",631,630,FALSE,NA,0.0136781940286608,-4.29195239095131,-0.0378234091720175,0.962882962178199
109,1,"Simultaneous entry, time-on-study order",631,630,FALSE,NA,0.113549441629454,-2.17551692784069,-0.0972837246949983,0.907298546607778
109,1,"Staggered entry, time-on-study order",631,630,FALSE,NA,0.113549441629454,-2.17551692784069,-0.0972837246949983,0.907298546607778
109,1,"Staggered entry, calendar-event order",631,630,FALSE,NA,0.149291256570336,-1.90185613897613,-0.0998249831877236,0.904995793655286
110,1,"Simultaneous entry, time-on-study order",631,629,FALSE,NA,0.0146174104615863,-4.22554196335915,0.066720026294434,1.06899614546183
110,1,"Staggered entry, time-on-study order",631,629,FALSE,NA,0.0146174104615863,-4.22554196335915,0.066720026294434,1.06899614546183
110,1,"Staggered entry, calendar-event order",631,629,FALSE,NA,0.0161015913601386,-4.12883716963166,0.0705274998654159,1.0730740784177
111,1,"Simultaneous entry, time-on-study order",631,630,TRUE,191,18.0248619660582,2.89175202522536,0.207777318011957,1.23093903107655
111,1,"Staggered entry, time-on-study order",631,630,TRUE,191,18.0248619660582,2.89175202522536,0.207777318011957,1.23093903107655
111,1,"Staggered entry, calendar-event order",631,629,TRUE,182,17.6919174641541,2.87310789484451,0.203106847462009,1.2252033711247
112,1,"Simultaneous entry, time-on-study order",631,630,FALSE,NA,0.000954956085977414,-6.95384520181053,-0.044183949077991,0.956777942864248
112,1,"Staggered entry, time-on-study order",631,630,FALSE,NA,0.000954956085977414,-6.95384520181053,-0.044183949077991,0.956777942864248
112,1,"Staggered entry, calendar-event order",631,630,FALSE,NA,6.50870013193231e-05,-9.6397857012012,-0.0391794640080086,0.961578124996183
113,1,"Simultaneous entry, time-on-study order",631,630,FALSE,NA,0.0350511297381819,-3.3509474338332,0.0735926398034646,1.07636824659609
113,1,"Staggered entry, time-on-study order",631,630,FALSE,NA,0.0350511297381819,-3.3509474338332,0.0735926398034646,1.07636824659609
113,1,"Staggered entry, calendar-event order",631,630,FALSE,NA,0.0310280072676155,-3.47286502212589,0.0731534664861566,1.07589563816869
114,1,"Simultaneous entry, time-on-study order",631,630,FALSE,NA,2.89059941704021e-05,-10.451461573612,0.0192542923394123,1.0194408516584
114,1,"Staggered entry, time-on-study order",631,630,FALSE,NA,2.89059941704021e-05,-10.451461573612,0.0192542923394123,1.0194408516584
114,1,"Staggered entry, calendar-event order",631,630,FALSE,NA,0.0023324556946423,-6.06083362021748,0.0249084050070738,1.0252212110941
115,1,"Simultaneous entry, time-on-study order",631,630,FALSE,NA,0.0721510655266116,-2.6289932256577,-0.0949144919867502,0.90945069646575
115,1,"Staggered entry, time-on-study order",631,630,FALSE,NA,0.0721510655266116,-2.6289932256577,-0.0949144919867502,0.90945069646575
115,1,"Staggered entry, calendar-event order",631,630,FALSE,NA,0.144927811832997,-1.93151950995734,-0.104400432179308,0.900864490055572
116,1,"Simultaneous entry, time-on-study order",631,630,FALSE,NA,7.75152980645493e-05,-9.4650352467034,0.00400977707479493,1.00401782698674
116,1,"Staggered entry, time-on-study order",631,630,FALSE,NA,7.75152980645493e-05,-9.4650352467034,0.00400977707479493,1.00401782698674
116,1,"Staggered entry, calendar-event order",631,630,FALSE,NA,4.83124237710109e-05,-9.93782180944948,0.00163705622068257,1.00163839692872
117,1,"Simultaneous entry, time-on-study order",631,628,FALSE,NA,0.0146344525860226,-4.22437676397771,-0.0180436867623035,0.982118125859966
117,1,"Staggered entry, time-on-study order",631,628,FALSE,NA,0.0146344525860226,-4.22437676397771,-0.0180436867623035,0.982118125859966
117,1,"Staggered entry, calendar-event order",631,628,FALSE,NA,0.0123121572467672,-4.39716811069743,-0.0145655582540803,0.985540006332326
118,1,"Simultaneous entry, time-on-study order",631,629,FALSE,NA,0.0225682000151909,-3.79121344254296,0.0315325559685103,1.03203497394684
118,1,"Staggered entry, time-on-study order",631,629,FALSE,NA,0.0225682000151909,-3.79121344254296,0.0315325559685103,1.03203497394684
118,1,"Staggered entry, calendar-event order",631,629,FALSE,NA,0.0052771820710037,-5.24436302240534,0.0263049239719923,1.02665395215081
119,1,"Simultaneous entry, time-on-study order",631,629,FALSE,NA,0.0107963174815247,-4.52855017692969,0.0512327544283743,1.05256785460351
119,1,"Staggered entry, time-on-study order",631,629,FALSE,NA,0.0107963174815247,-4.52855017692969,0.0512327544283743,1.05256785460351
119,1,"Staggered entry, calendar-event order",631,629,FALSE,NA,0.042362971443476,-3.1614806133183,0.0531481915639733,1.05458591427617
120,1,"Simultaneous entry, time-on-study order",631,628,FALSE,NA,0.000283587556253944,-8.16798964207593,0.00842509814609016,1.00846068916788
120,1,"Staggered entry, time-on-study order",631,628,FALSE,NA,0.000283587556253944,-8.16798964207593,0.00842509814609016,1.00846068916788
120,1,"Staggered entry, calendar-event order",631,628,FALSE,NA,0.00175056909876908,-6.34781434461593,0.0128451067502231,1.0129279595047
121,1,"Simultaneous entry, time-on-study order",631,630,FALSE,NA,0.00440054114646805,-5.42602775778666,-0.0395926827828293,0.961180864944786
121,1,"Staggered entry, time-on-study order",631,630,FALSE,NA,0.00440054114646805,-5.42602775778666,-0.0395926827828293,0.961180864944786
121,1,"Staggered entry, calendar-event order",631,630,FALSE,NA,0.0063125792948023,-5.06521092290672,-0.0338052072989311,0.966759804050752
122,1,"Simultaneous entry, time-on-study order",631,626,FALSE,NA,0.0370244051194372,-3.29617798595432,-0.0693308028241687,0.933017984038136
122,1,"Staggered entry, time-on-study order",631,626,FALSE,NA,0.0370244051194372,-3.29617798595432,-0.0693308028241687,0.933017984038136
122,1,"Staggered entry, calendar-event order",631,628,FALSE,NA,0.0590002745257769,-2.83021318210797,-0.0660811729388136,0.936054878882271
123,1,"Simultaneous entry, time-on-study order",631,629,FALSE,NA,0.0130722582321325,-4.33726298645951,0.0616127260933871,1.06355037965111
123,1,"Staggered entry, time-on-study order",631,629,FALSE,NA,0.0130722582321325,-4.33726298645951,0.0616127260933871,1.06355037965111
123,1,"Staggered entry, calendar-event order",631,629,FALSE,NA,0.0239182985631639,-3.7331114827321,0.0685187280771374,1.0709206810483
124,1,"Simultaneous entry, time-on-study order",631,625,FALSE,NA,0.590379441556127,-0.526989827514669,-0.123091834260175,0.884182460590189
124,1,"Staggered entry, time-on-study order",631,625,FALSE,NA,0.590379441556127,-0.526989827514669,-0.123091834260175,0.884182460590189
124,1,"Staggered entry, calendar-event order",631,625,FALSE,NA,0.803925543011807,-0.218248622285845,-0.12075969580238,0.886246902857155
125,1,"Simultaneous entry, time-on-study order",631,630,FALSE,NA,0.194689617484564,-1.63634869373431,0.0902399802077724,1.0944368953867
125,1,"Staggered entry, time-on-study order",631,630,FALSE,NA,0.194689617484564,-1.63634869373431,0.0902399802077724,1.0944368953867
125,1,"Staggered entry, calendar-event order",631,630,FALSE,NA,0.202941449686983,-1.59483776673017,0.092559681780721,1.09697860924348
126,1,"Simultaneous entry, time-on-study order",631,625,FALSE,NA,0.00292704731118201,-5.83376110769205,0.0246103403685588,1.02491567444152
126,1,"Staggered entry, time-on-study order",631,625,FALSE,NA,0.00292704731118201,-5.83376110769205,0.0246103403685588,1.02491567444152
126,1,"Staggered entry, calendar-event order",631,625,FALSE,NA,0.000134346712222742,-8.91508669493469,0.0346633065614191,1.03527108113242
127,1,"Simultaneous entry, time-on-study order",631,630,FALSE,NA,0.0402468975844979,-3.21272235673429,0.0793082885664629,1.08253800472202
127,1,"Staggered entry, time-on-study order",631,630,FALSE,NA,0.0402468975844979,-3.21272235673429,0.0793082885664629,1.08253800472202
127,1,"Staggered entry, calendar-event order",631,629,FALSE,NA,0.0247147462596346,-3.70035519893039,0.0739268291440344,1.07672801750308
128,1,"Simultaneous entry, time-on-study order",631,628,TRUE,186,18.6555964967666,2.92614618133033,0.208309139662055,1.23159384520996
128,1,"Staggered entry, time-on-study order",631,628,TRUE,186,18.6555964967666,2.92614618133033,0.208309139662055,1.23159384520996
128,1,"Staggered entry, calendar-event order",631,628,TRUE,297,8.3231497925524,2.1190407640251,0.211264796897141,1.2352393993195
129,1,"Simultaneous entry, time-on-study order",631,630,FALSE,NA,0.0163060439566502,-4.11621944501034,-0.0725459425529983,0.930023018046959
129,1,"Staggered entry, time-on-study order",631,630,FALSE,NA,0.0163060439566502,-4.11621944501034,-0.0725459425529983,0.930023018046959
129,1,"Staggered entry, calendar-event order",631,630,FALSE,NA,0.00653693819989265,-5.03028638829058,-0.0627598637754326,0.939168975104433
130,1,"Simultaneous entry, time-on-study order",631,630,FALSE,NA,0.0112035542516859,-4.49152420712348,0.0456174022734515,1.04667387929392
130,1,"Staggered entry, time-on-study order",631,630,FALSE,NA,0.0112035542516859,-4.49152420712348,0.0456174022734515,1.04667387929392
130,1,"Staggered entry, calendar-event order",631,629,FALSE,NA,0.0172600927306417,-4.05935822076645,0.0399606678669084,1.04076983768956
131,1,"Simultaneous entry, time-on-study order",631,627,FALSE,NA,0.0234160323976903,-3.75433434602286,0.0731218594936189,1.07586163288068
131,1,"Staggered entry, time-on-study order",631,627,FALSE,NA,0.0234160323976903,-3.75433434602286,0.0731218594936189,1.07586163288068
131,1,"Staggered entry, calendar-event order",631,627,FALSE,NA,0.135688004328443,-1.99739711451263,0.0751858772243298,1.07808452362053
132,1,"Simultaneous entry, time-on-study order",631,629,FALSE,NA,0.000347170607221208,-7.9656942353826,-0.0218474229564378,0.978389503441343
132,1,"Staggered entry, time-on-study order",631,629,FALSE,NA,0.000347170607221208,-7.9656942353826,-0.0218474229564378,0.978389503441343
132,1,"Staggered entry, calendar-event order",631,629,FALSE,NA,0.0015433755053501,-6.47378337464459,-0.023104937628279,0.977159937546597
133,1,"Simultaneous entry, time-on-study order",631,630,FALSE,NA,0.0590177482935322,-2.8299170617788,0.0664373068557312,1.06869396219017
133,1,"Staggered entry, time-on-study order",631,630,FALSE,NA,0.0590177482935322,-2.8299170617788,0.0664373068557312,1.06869396219017
133,1,"Staggered entry, calendar-event order",631,630,FALSE,NA,0.0216699177544832,-3.8318302588041,0.066393103328578,1.06864672319166
134,1,"Simultaneous entry, time-on-study order",631,629,FALSE,NA,0.000814243348966339,-7.11325128213563,0.0182298319322014,1.01839700964708
134,1,"Staggered entry, time-on-study order",631,629,FALSE,NA,0.000814243348966339,-7.11325128213563,0.0182298319322014,1.01839700964708
134,1,"Staggered entry, calendar-event order",631,629,FALSE,NA,0.00455537000178018,-5.39144852176014,0.0266021790586494,1.02695917562269
135,1,"Simultaneous entry, time-on-study order",631,627,FALSE,NA,0.00070690588690063,-7.25461301705202,-0.0311177488294784,0.969361425182611
135,1,"Staggered entry, time-on-study order",631,627,FALSE,NA,0.00070690588690063,-7.25461301705202,-0.0311177488294784,0.969361425182611
135,1,"Staggered entry, calendar-event order",631,627,FALSE,NA,0.000177522651557168,-8.63641234278425,-0.0318809342140428,0.968621904941965
136,1,"Simultaneous entry, time-on-study order",631,630,FALSE,NA,0.000102570703473858,-9.18495820719273,0.00881466147334518,1.00885362500108
136,1,"Staggered entry, time-on-study order",631,630,FALSE,NA,0.000102570703473858,-9.18495820719273,0.00881466147334518,1.00885362500108
136,1,"Staggered entry, calendar-event order",631,630,FALSE,NA,0.000113925860204671,-9.07996267022031,0.0205168613810368,1.02072877899497
137,1,"Simultaneous entry, time-on-study order",631,630,FALSE,NA,0.00577869266658069,-5.15357780413339,-0.0224374314242921,0.977812415609547
137,1,"Staggered entry, time-on-study order",631,630,FALSE,NA,0.00577869266658069,-5.15357780413339,-0.0224374314242921,0.977812415609547
137,1,"Staggered entry, calendar-event order",631,630,FALSE,NA,0.00118170821851751,-6.74079424451781,-0.0190652689121835,0.981115323823057
138,1,"Simultaneous entry, time-on-study order",631,630,TRUE,414,1.48439606771205,0.395008001125112,-0.137925373306337,0.871163701386715
138,1,"Staggered entry, time-on-study order",631,630,TRUE,414,1.48439606771205,0.395008001125112,-0.137925373306337,0.871163701386715
138,1,"Staggered entry, calendar-event order",631,630,TRUE,186,1.85047591506763,0.615442857394675,-0.143346233592498,0.86645402146665
139,1,"Simultaneous entry, time-on-study order",631,625,TRUE,285,7.67551581143043,2.03803549791602,-0.181612726298201,0.833924234812881
139,1,"Staggered entry, time-on-study order",631,625,TRUE,285,7.67551581143043,2.03803549791602,-0.181612726298201,0.833924234812881
139,1,"Staggered entry, calendar-event order",631,625,TRUE,346,8.82392570969591,2.17746686279698,-0.180405281517621,0.834931760420966
140,1,"Simultaneous entry, time-on-study order",631,628,FALSE,NA,0.00558004866768767,-5.18855778081913,0.0252648799111503,1.02558674187439
140,1,"Staggered entry, time-on-study order",631,628,FALSE,NA,0.00558004866768767,-5.18855778081913,0.0252648799111503,1.02558674187439
140,1,"Staggered entry, calendar-event order",631,628,FALSE,NA,0.000679864913925456,-7.29361643552081,0.0239784860945639,1.02426828164263
141,1,"Simultaneous entry, time-on-study order",631,630,FALSE,NA,0.000658551342379837,-7.32546807113418,-0.010712840150038,0.98934433795987
141,1,"Staggered entry, time-on-study order",631,630,FALSE,NA,0.000658551342379837,-7.32546807113418,-0.010712840150038,0.98934433795987
141,1,"Staggered entry, calendar-event order",631,629,FALSE,NA,7.12901529829818e-05,-9.5487523469122,-0.00646213779861012,0.993558696910776
142,1,"Simultaneous entry, time-on-study order",631,628,FALSE,NA,0.00306286425328927,-5.78840477033452,-0.076305710073021,0.92653291281428
142,1,"Staggered entry, time-on-study order",631,628,FALSE,NA,0.00306286425328927,-5.78840477033452,-0.076305710073021,0.92653291281428
142,1,"Staggered entry, calendar-event order",631,630,FALSE,NA,0.00988063444567464,-4.61717855413481,-0.0755116311507894,0.927268945266352
143,1,"Simultaneous entry, time-on-study order",631,627,FALSE,NA,0.0334554999171027,-3.39753908388777,0.0652072009503971,1.06738016365761
143,1,"Staggered entry, time-on-study order",631,627,FALSE,NA,0.0334554999171027,-3.39753908388777,0.0652072009503971,1.06738016365761
143,1,"Staggered entry, calendar-event order",631,627,FALSE,NA,0.0601080816240471,-2.81161097686312,0.0643536394123798,1.06646947772201
144,1,"Simultaneous entry, time-on-study order",631,630,FALSE,NA,0.00095269169809599,-6.9562192133695,0.0351376029095551,1.0357622228897
144,1,"Staggered entry, time-on-study order",631,630,FALSE,NA,0.00095269169809599,-6.9562192133695,0.0351376029095551,1.0357622228897
144,1,"Staggered entry, calendar-event order",631,630,FALSE,NA,0.000634305394775907,-7.36298002427482,0.0317608195786953,1.0322705768646
145,1,"Simultaneous entry, time-on-study order",631,629,FALSE,NA,0.068775905927507,-2.67690179992082,-0.0636989376291734,0.938287440053709
145,1,"Staggered entry, time-on-study order",631,629,FALSE,NA,0.068775905927507,-2.67690179992082,-0.0636989376291734,0.938287440053709
145,1,"Staggered entry, calendar-event order",631,629,FALSE,NA,0.0273919767683548,-3.59750512714105,-0.0585391849316183,0.943141282748909
146,1,"Simultaneous entry, time-on-study order",631,630,FALSE,NA,0.000115677326229885,-9.0647059133247,0.0235031797495743,1.02378155611042
146,1,"Staggered entry, time-on-study order",631,630,FALSE,NA,0.000115677326229885,-9.0647059133247,0.0235031797495743,1.02378155611042
146,1,"Staggered entry, calendar-event order",631,630,FALSE,NA,1.43776208094038e-05,-11.1498376707227,0.0214556384090254,1.0216874656506
147,1,"Simultaneous entry, time-on-study order",631,630,FALSE,NA,0.609713985763178,-0.494765307569478,0.148838198224815,1.1604852054513
147,1,"Staggered entry, time-on-study order",631,630,FALSE,NA,0.609713985763178,-0.494765307569478,0.148838198224815,1.1604852054513
147,1,"Staggered entry, calendar-event order",631,630,FALSE,NA,2.04689099150121,0.716322052452775,0.146763120409517,1.15807960511364
148,1,"Simultaneous entry, time-on-study order",631,628,FALSE,NA,0.0186379669648005,-3.98255454408507,-0.0495104623135321,0.951695201150794
148,1,"Staggered entry, time-on-study order",631,628,FALSE,NA,0.0186379669648005,-3.98255454408507,-0.0495104623135321,0.951695201150794
148,1,"Staggered entry, calendar-event order",631,628,FALSE,NA,0.00424805373384947,-5.46129434591123,-0.0515180577649433,0.949786498786003
149,1,"Simultaneous entry, time-on-study order",631,628,FALSE,NA,0.0934537038074479,-2.37028911175738,-0.0837806871764648,0.919632921273017
149,1,"Staggered entry, time-on-study order",631,628,FALSE,NA,0.0934537038074479,-2.37028911175738,-0.0837806871764648,0.919632921273017
149,1,"Staggered entry, calendar-event order",631,629,FALSE,NA,0.173544833738847,-1.75131930526005,-0.0842753919872245,0.919178086956368
150,1,"Simultaneous entry, time-on-study order",631,630,FALSE,NA,0.000228241442731437,-8.38510652996335,-0.0113985383272891,0.98866617888345
150,1,"Staggered entry, time-on-study order",631,630,FALSE,NA,0.000228241442731437,-8.38510652996335,-0.0113985383272891,0.98866617888345
150,1,"Staggered entry, calendar-event order",631,630,FALSE,NA,0.000875788744635228,-7.04038565520362,-0.00689218958684181,0.993131507079915
151,1,"Simultaneous entry, time-on-study order",631,630,FALSE,NA,0.520141785716172,-0.653653839734173,0.119115155497759,1.12649963344552
151,1,"Staggered entry, time-on-study order",631,630,FALSE,NA,0.520141785716172,-0.653653839734173,0.119115155497759,1.12649963344552
151,1,"Staggered entry, calendar-event order",631,630,FALSE,NA,0.398981056853718,-0.91884133977642,0.115716918647054,1.12267801793384
152,1,"Simultaneous entry, time-on-study order",631,628,FALSE,NA,0.00197152329160112,-6.22894879056415,0.0016745529740791,1.00167595582085
152,1,"Staggered entry, time-on-study order",631,628,FALSE,NA,0.00197152329160112,-6.22894879056415,0.0016745529740791,1.00167595582085
152,1,"Staggered entry, calendar-event order",631,628,FALSE,NA,0.00160666268675289,-6.43359611671556,0.00488593502736318,1.00489789067148
153,1,"Simultaneous entry, time-on-study order",631,630,FALSE,NA,0.628336498785836,-0.464679429925384,0.138684480885092,1.14876158657762
153,1,"Staggered entry, time-on-study order",631,630,FALSE,NA,0.628336498785836,-0.464679429925384,0.138684480885092,1.14876158657762
153,1,"Staggered entry, calendar-event order",631,630,FALSE,NA,0.497119176192738,-0.698925490498538,0.141969786360381,1.15254182552758
154,1,"Simultaneous entry, time-on-study order",631,630,FALSE,NA,0.0233734844221063,-3.75615304346638,0.0637103208053666,1.06578361869977
154,1,"Staggered entry, time-on-study order",631,630,FALSE,NA,0.0233734844221063,-3.75615304346638,0.0637103208053666,1.06578361869977
154,1,"Staggered entry, calendar-event order",631,630,FALSE,NA,0.062768353378308,-2.76830425961892,0.0655382101568615,1.0677335347999
155,1,"Simultaneous entry, time-on-study order",631,630,FALSE,NA,0.000270814880758011,-8.21407506733543,-0.0464438484745344,0.954618162331098
155,1,"Staggered entry, time-on-study order",631,630,FALSE,NA,0.000270814880758011,-8.21407506733543,-0.0464438484745344,0.954618162331098
155,1,"Staggered entry, calendar-event order",631,630,FALSE,NA,0.000110066131695495,-9.11442917558674,-0.049269836146995,0.951924231472998
156,1,"Simultaneous entry, time-on-study order",631,630,FALSE,NA,0.017253892952807,-4.05971748254272,-0.0366866811292041,0.963978120573958
156,1,"Staggered entry, time-on-study order",631,630,FALSE,NA,0.017253892952807,-4.05971748254272,-0.0366866811292041,0.963978120573958
156,1,"Staggered entry, calendar-event order",631,630,FALSE,NA,0.0133381912005439,-4.31712383985123,-0.0443739561072025,0.956596165599736
157,1,"Simultaneous entry, time-on-study order",631,630,FALSE,NA,0.000903339241469377,-7.00941239240802,0.0257890046744166,1.0261244181751
157,1,"Staggered entry, time-on-study order",631,630,FALSE,NA,0.000903339241469377,-7.00941239240802,0.0257890046744166,1.0261244181751
157,1,"Staggered entry, calendar-event order",631,628,FALSE,NA,0.00128326382255492,-6.65834858506041,0.0155488757802027,1.01567038852786
158,1,"Simultaneous entry, time-on-study order",631,630,FALSE,NA,0.0319954161706932,-3.44216263110874,-0.0434344331661731,0.957495331970192
158,1,"Staggered entry, time-on-study order",631,630,FALSE,NA,0.0319954161706932,-3.44216263110874,-0.0434344331661731,0.957495331970192
158,1,"Staggered entry, calendar-event order",631,630,FALSE,NA,0.00797103149375852,-4.83194137250181,-0.0396607238392435,0.961115467408214
159,1,"Simultaneous entry, time-on-study order",631,630,FALSE,NA,3.52033637598508,1.25855654640371,-0.188881087090092,0.827884947049826
159,1,"Staggered entry, time-on-study order",631,630,FALSE,NA,3.52033637598508,1.25855654640371,-0.188881087090092,0.827884947049826
159,1,"Staggered entry, calendar-event order",631,630,FALSE,NA,3.8121314219874,1.33818846106006,-0.18754132739212,0.828994857276916
160,1,"Simultaneous entry, time-on-study order",631,630,FALSE,NA,9.98400117518546e-05,-9.21194153563629,-0.00805288462880732,0.991979452984704
160,1,"Staggered entry, time-on-study order",631,630,FALSE,NA,9.98400117518546e-05,-9.21194153563629,-0.00805288462880732,0.991979452984704
160,1,"Staggered entry, calendar-event order",631,630,FALSE,NA,0.0001976220603737,-8.52915413731465,-0.00584142710866009,0.99417560085467
161,1,"Simultaneous entry, time-on-study order",631,629,FALSE,NA,0.671216869170613,-0.398662991292443,-0.122033376236968,0.885118826073939
161,1,"Staggered entry, time-on-study order",631,629,FALSE,NA,0.671216869170613,-0.398662991292443,-0.122033376236968,0.885118826073939
161,1,"Staggered entry, calendar-event order",631,629,FALSE,NA,0.402475975173976,-0.910119872913734,-0.119460247918474,0.887399283086561
162,1,"Simultaneous entry, time-on-study order",631,630,FALSE,NA,0.00175941051347517,-6.34277646156098,0.0309055460610013,1.03138808061874
162,1,"Staggered entry, time-on-study order",631,630,FALSE,NA,0.00175941051347517,-6.34277646156098,0.0309055460610013,1.03138808061874
162,1,"Staggered entry, calendar-event order",631,630,FALSE,NA,0.000606589753469363,-7.40765785459436,0.0288100401428032,1.02922906369826
163,1,"Simultaneous entry, time-on-study order",631,630,FALSE,NA,0.00143302863644987,-6.54796514676992,-0.0162186891642061,0.983912125605395
163,1,"Staggered entry, time-on-study order",631,630,FALSE,NA,0.00143302863644987,-6.54796514676992,-0.0162186891642061,0.983912125605395
163,1,"Staggered entry, calendar-event order",631,630,FALSE,NA,0.00400416524051162,-5.52042014952165,-0.0198040599452029,0.980390752305885
164,1,"Simultaneous entry, time-on-study order",631,629,FALSE,NA,0.000515428957210436,-7.57051107736921,0.029363896128023,1.02979926626582
164,1,"Staggered entry, time-on-study order",631,629,FALSE,NA,0.000515428957210436,-7.57051107736921,0.029363896128023,1.02979926626582
164,1,"Staggered entry, calendar-event order",631,629,FALSE,NA,0.000414086346801307,-7.78943603873315,0.0261976680505134,1.02654384334014
165,1,"Simultaneous entry, time-on-study order",631,630,FALSE,NA,6.2051558140548e-05,-9.68754493558062,0.00893476176642683,1.0089747958933
165,1,"Staggered entry, time-on-study order",631,630,FALSE,NA,6.2051558140548e-05,-9.68754493558062,0.00893476176642683,1.0089747958933
165,1,"Staggered entry, calendar-event order",631,630,FALSE,NA,0.000153239554808959,-8.78350814332425,0.00539125958372966,1.00540581857569
166,1,"Simultaneous entry, time-on-study order",631,629,FALSE,NA,0.0335633642032565,-3.39432015797174,-0.0591007627473381,0.942611784218657
166,1,"Staggered entry, time-on-study order",631,629,FALSE,NA,0.0335633642032565,-3.39432015797174,-0.0591007627473381,0.942611784218657
166,1,"Staggered entry, calendar-event order",631,629,FALSE,NA,0.0040476370716227,-5.50962200723602,-0.0557059631010288,0.945817200164344
167,1,"Simultaneous entry, time-on-study order",631,627,FALSE,NA,0.0053397590452384,-5.23257474964262,0.0951123060594906,1.09978236041397
167,1,"Staggered entry, time-on-study order",631,627,FALSE,NA,0.0053397590452384,-5.23257474964262,0.0951123060594906,1.09978236041397
167,1,"Staggered entry, calendar-event order",631,627,FALSE,NA,0.0407861256173059,-3.19941331380435,0.0979043293756682,1.10285726901772
168,1,"Simultaneous entry, time-on-study order",631,627,FALSE,NA,0.00183918393523619,-6.29843331920102,0.0139896052132065,1.01408791765601
168,1,"Staggered entry, time-on-study order",631,627,FALSE,NA,0.00183918393523619,-6.29843331920102,0.0139896052132065,1.01408791765601
168,1,"Staggered entry, calendar-event order",631,627,FALSE,NA,0.00477207714047045,-5.34497360964861,0.0140530100218957,1.01415221774487
169,1,"Simultaneous entry, time-on-study order",631,630,FALSE,NA,0.00211945465579103,-6.15659646122396,-0.0365094742274505,0.964148959286516
169,1,"Staggered entry, time-on-study order",631,630,FALSE,NA,0.00211945465579103,-6.15659646122396,-0.0365094742274505,0.964148959286516
169,1,"Staggered entry, calendar-event order",631,630,FALSE,NA,0.000180875043191536,-8.61770413422047,-0.0403780585793027,0.960426273115292
170,1,"Simultaneous entry, time-on-study order",631,629,FALSE,NA,2.87760997013338e-06,-12.7585504798318,-0.00755028146392725,0.9924781503102
170,1,"Staggered entry, time-on-study order",631,629,FALSE,NA,2.87760997013338e-06,-12.7585504798318,-0.00755028146392725,0.9924781503102
170,1,"Staggered entry, calendar-event order",631,629,FALSE,NA,0.00041006301929232,-7.79919970448639,-0.00276385552043716,0.99723996041186
171,1,"Simultaneous entry, time-on-study order",631,627,FALSE,NA,1.89432796427301e-05,-10.8740613256017,-0.0156028809268017,0.984518213394998
171,1,"Staggered entry, time-on-study order",631,627,FALSE,NA,1.89432796427301e-05,-10.8740613256017,-0.0156028809268017,0.984518213394998
171,1,"Staggered entry, calendar-event order",631,627,FALSE,NA,4.89163463956512e-05,-9.92539893522361,-0.0150788090855799,0.98503430689103
172,1,"Simultaneous entry, time-on-study order",631,630,FALSE,NA,0.210769611671969,-1.55698962986042,-0.10064752538176,0.90425170249472
172,1,"Staggered entry, time-on-study order",631,630,FALSE,NA,0.210769611671969,-1.55698962986042,-0.10064752538176,0.90425170249472
172,1,"Staggered entry, calendar-event order",631,630,FALSE,NA,0.328896962449692,-1.11201076131262,-0.0962157044055528,0.908268077511319
173,1,"Simultaneous entry, time-on-study order",631,629,FALSE,NA,0.000249664458962505,-8.29539270576105,0.00926518741682713,1.00930824213304
173,1,"Staggered entry, time-on-study order",631,629,FALSE,NA,0.000249664458962505,-8.29539270576105,0.00926518741682713,1.00930824213304
173,1,"Staggered entry, calendar-event order",631,629,FALSE,NA,6.60724247073222e-05,-9.6247590735294,0.0153840314296306,1.01550297480125
174,1,"Simultaneous entry, time-on-study order",631,629,FALSE,NA,0.560433476435081,-0.579044729624148,-0.1105882410424,0.895307323852211
174,1,"Staggered entry, time-on-study order",631,629,FALSE,NA,0.560433476435081,-0.579044729624148,-0.1105882410424,0.895307323852211
174,1,"Staggered entry, calendar-event order",631,629,FALSE,NA,0.0905341673497756,-2.40202795974994,-0.11135933786129,0.894617221324985
175,1,"Simultaneous entry, time-on-study order",631,628,FALSE,NA,0.00355874819857466,-5.63834642556825,0.000903244594622453,1.00090365264287
175,1,"Staggered entry, time-on-study order",631,628,FALSE,NA,0.00355874819857466,-5.63834642556825,0.000903244594622453,1.00090365264287
175,1,"Staggered entry, calendar-event order",631,627,FALSE,NA,0.000782859223303964,-7.152557669576,-0.00536697327234094,0.994647403197836
176,1,"Simultaneous entry, time-on-study order",631,629,FALSE,NA,0.586754575546385,-0.533148646162304,0.140800395453716,1.15119484132629
176,1,"Staggered entry, time-on-study order",631,629,FALSE,NA,0.586754575546385,-0.533148646162304,0.140800395453716,1.15119484132629
176,1,"Staggered entry, calendar-event order",631,629,FALSE,NA,1.95543784794639,0.670614131505259,0.145938158415022,1.15712462741713
177,1,"Simultaneous entry, time-on-study order",631,628,FALSE,NA,0.00205721150015227,-6.18640385388262,-0.0348478534856365,0.965752340932656
177,1,"Staggered entry, time-on-study order",631,628,FALSE,NA,0.00205721150015227,-6.18640385388262,-0.0348478534856365,0.965752340932656
177,1,"Staggered entry, calendar-event order",631,627,FALSE,NA,0.00782982435380298,-4.84981520169554,-0.0407493999337819,0.960069693332663
178,1,"Simultaneous entry, time-on-study order",631,629,FALSE,NA,0.00154017734294679,-6.47585771142909,-0.024247288289117,0.97604431558326
178,1,"Staggered entry, time-on-study order",631,629,FALSE,NA,0.00154017734294679,-6.47585771142909,-0.024247288289117,0.97604431558326
178,1,"Staggered entry, calendar-event order",631,630,FALSE,NA,0.000864085258122736,-7.05383911564581,-0.0185202052903528,0.981650239863288
179,1,"Simultaneous entry, time-on-study order",631,624,FALSE,NA,0.00980029163693417,-4.62534313487756,0.0625036915885305,1.06449838860065
179,1,"Staggered entry, time-on-study order",631,624,FALSE,NA,0.00980029163693417,-4.62534313487756,0.0625036915885305,1.06449838860065
179,1,"Staggered entry, calendar-event order",631,625,FALSE,NA,0.0617371080831693,-2.78487010125185,0.0642990712129144,1.0664112839906
180,1,"Simultaneous entry, time-on-study order",631,630,FALSE,NA,0.25419479408379,-1.36965440004393,0.107124803110789,1.11307316080418
180,1,"Staggered entry, time-on-study order",631,630,FALSE,NA,0.25419479408379,-1.36965440004393,0.107124803110789,1.11307316080418
180,1,"Staggered entry, calendar-event order",631,630,FALSE,NA,0.339753866415556,-1.0795338458374,0.104243840653732,1.10987105360603
181,1,"Simultaneous entry, time-on-study order",631,630,FALSE,NA,0.513834588926768,-0.665853876745903,0.115825919511043,1.12280039747739
181,1,"Staggered entry, time-on-study order",631,630,FALSE,NA,0.513834588926768,-0.665853876745903,0.115825919511043,1.12280039747739
181,1,"Staggered entry, calendar-event order",631,630,FALSE,NA,0.687058141926322,-0.375336358715918,0.11847293019616,1.12577639914322
182,1,"Simultaneous entry, time-on-study order",631,629,FALSE,NA,0.0049162335466125,-5.31521258095917,-0.00290743719693818,0.997096785305377
182,1,"Staggered entry, time-on-study order",631,629,FALSE,NA,0.0049162335466125,-5.31521258095917,-0.00290743719693818,0.997096785305377
182,1,"Staggered entry, calendar-event order",631,629,FALSE,NA,0.00321920437588166,-5.73862103819266,-0.0117971697511171,0.988272144019428
183,1,"Simultaneous entry, time-on-study order",631,630,FALSE,NA,5.48801432593359e-05,-9.81035896413941,-0.0110691355462812,0.988991901916354
183,1,"Staggered entry, time-on-study order",631,630,FALSE,NA,5.48801432593359e-05,-9.81035896413941,-0.0110691355462812,0.988991901916354
183,1,"Staggered entry, calendar-event order",631,629,FALSE,NA,3.61651779196448e-05,-10.2274138380112,-0.00609002727886191,0.993928479349584
184,1,"Simultaneous entry, time-on-study order",631,630,FALSE,NA,0.00186350379507236,-6.28529680251773,0.030989556799558,1.0314747319329
184,1,"Staggered entry, time-on-study order",631,630,FALSE,NA,0.00186350379507236,-6.28529680251773,0.030989556799558,1.0314747319329
184,1,"Staggered entry, calendar-event order",631,629,FALSE,NA,0.00140574291072562,-6.56718935385955,0.0240292200425128,1.02432024813454
185,1,"Simultaneous entry, time-on-study order",631,630,FALSE,NA,0.000207819943979894,-8.47883850710052,-0.0019669151224085,0.998035017987512
185,1,"Staggered entry, time-on-study order",631,630,FALSE,NA,0.000207819943979894,-8.47883850710052,-0.0019669151224085,0.998035017987512
185,1,"Staggered entry, calendar-event order",631,630,FALSE,NA,0.000193941209408575,-8.54795548911384,-0.00323030672306747,0.996774905104251
186,1,"Simultaneous entry, time-on-study order",631,629,FALSE,NA,1.02822841360966,0.0278373345792286,-0.130254982219132,0.877871560741646
186,1,"Staggered entry, time-on-study order",631,629,FALSE,NA,1.02822841360966,0.0278373345792286,-0.130254982219132,0.877871560741646
186,1,"Staggered entry, calendar-event order",631,630,FALSE,NA,0.422291569282219,-0.862059281053455,-0.130483699239443,0.877670799533685
187,1,"Simultaneous entry, time-on-study order",631,630,FALSE,NA,0.0728586265758822,-2.61923433775943,0.0896912870121837,1.09383655002696
187,1,"Staggered entry, time-on-study order",631,630,FALSE,NA,0.0728586265758822,-2.61923433775943,0.0896912870121837,1.09383655002696
187,1,"Staggered entry, calendar-event order",631,630,FALSE,NA,0.163306093461496,-1.81212896517956,0.0872605133571367,1.09118090989587
188,1,"Simultaneous entry, time-on-study order",631,628,FALSE,NA,0.0289334870986304,-3.54275563152927,0.0355163517883399,1.0361545909701
188,1,"Staggered entry, time-on-study order",631,628,FALSE,NA,0.0289334870986304,-3.54275563152927,0.0355163517883399,1.0361545909701
188,1,"Staggered entry, calendar-event order",631,628,FALSE,NA,0.00282141174345409,-5.87051790105349,0.0389813920662512,1.0397511358499
189,1,"Simultaneous entry, time-on-study order",631,629,FALSE,NA,3.05637851276285,1.11723072252276,0.1672231069357,1.18201795229535
189,1,"Staggered entry, time-on-study order",631,629,FALSE,NA,3.05637851276285,1.11723072252276,0.1672231069357,1.18201795229535
189,1,"Staggered entry, calendar-event order",631,629,FALSE,NA,2.4527433917896,0.897207149853108,0.16446307326632,1.17876004098982
190,1,"Simultaneous entry, time-on-study order",631,626,FALSE,NA,0.00645008217521356,-5.04366240791243,-0.0126655357131409,0.987414334628487
190,1,"Staggered entry, time-on-study order",631,626,FALSE,NA,0.00645008217521356,-5.04366240791243,-0.0126655357131409,0.987414334628487
190,1,"Staggered entry, calendar-event order",631,625,FALSE,NA,0.0011533103715049,-6.7651188878786,-0.0093344086625078,0.990709021692754
191,1,"Simultaneous entry, time-on-study order",631,630,FALSE,NA,0.035136422813935,-3.34851699952862,-0.0711182389779236,0.931351763536367
191,1,"Staggered entry, time-on-study order",631,630,FALSE,NA,0.035136422813935,-3.34851699952862,-0.0711182389779236,0.931351763536367
191,1,"Staggered entry, calendar-event order",631,630,FALSE,NA,0.0222141475619238,-3.80702591551489,-0.0690526340589123,0.933277556599534
192,1,"Simultaneous entry, time-on-study order",631,630,FALSE,NA,0.0053574503321483,-5.22926710137379,0.0212453717720248,1.021472661447
192,1,"Staggered entry, time-on-study order",631,630,FALSE,NA,0.0053574503321483,-5.22926710137379,0.0212453717720248,1.021472661447
192,1,"Staggered entry, calendar-event order",631,630,FALSE,NA,0.000276740216892103,-8.19243133698372,0.0243008033318128,1.02459847417588
193,1,"Simultaneous entry, time-on-study order",631,627,FALSE,NA,0.00713527037235328,-4.94270513495864,0.0491703211174169,1.05039924067763
193,1,"Staggered entry, time-on-study order",631,627,FALSE,NA,0.00713527037235328,-4.94270513495864,0.0491703211174169,1.05039924067763
193,1,"Staggered entry, calendar-event order",631,627,FALSE,NA,0.0230222711292573,-3.77129322159496,0.0481424684638535,1.04932013970421
194,1,"Simultaneous entry, time-on-study order",631,630,FALSE,NA,1.8918152817518e-05,-10.8753886303162,0.000520037073942873,1.00052017231666
194,1,"Staggered entry, time-on-study order",631,630,FALSE,NA,1.8918152817518e-05,-10.8753886303162,0.000520037073942873,1.00052017231666
194,1,"Staggered entry, calendar-event order",631,630,FALSE,NA,0.000115398013886047,-9.06712341473121,-0.000343707063359218,0.999656351997147
195,1,"Simultaneous entry, time-on-study order",631,630,FALSE,NA,0.00059691315525293,-7.42373892374131,0.0325658314766533,1.03310190152911
195,1,"Staggered entry, time-on-study order",631,630,FALSE,NA,0.00059691315525293,-7.42373892374131,0.0325658314766533,1.03310190152911
195,1,"Staggered entry, calendar-event order",631,630,FALSE,NA,0.000320428989166292,-8.04584986881586,0.0366185922618085,1.03729731215812
196,1,"Simultaneous entry, time-on-study order",631,628,FALSE,NA,0.000959737839730339,-6.94885039441074,-0.026616382138842,0.97373471191232
196,1,"Staggered entry, time-on-study order",631,628,FALSE,NA,0.000959737839730339,-6.94885039441074,-0.026616382138842,0.97373471191232
196,1,"Staggered entry, calendar-event order",631,629,FALSE,NA,0.00013966043276513,-8.87629656184626,-0.0216074979742988,0.978624271687739
197,1,"Simultaneous entry, time-on-study order",631,630,FALSE,NA,0.00238932964479586,-6.03674243573054,0.025235550104763,1.02555666205493
197,1,"Staggered entry, time-on-study order",631,630,FALSE,NA,0.00238932964479586,-6.03674243573054,0.025235550104763,1.02555666205493
197,1,"Staggered entry, calendar-event order",631,630,FALSE,NA,0.00533294019896376,-5.23385256082168,0.0278972822068864,1.02829005531136
198,1,"Simultaneous entry, time-on-study order",631,630,FALSE,NA,0.0836868884879668,-2.48067296264671,-0.0690446297898855,0.93328502683407
198,1,"Staggered entry, time-on-study order",631,630,FALSE,NA,0.0836868884879668,-2.48067296264671,-0.0690446297898855,0.93328502683407
198,1,"Staggered entry, calendar-event order",631,630,FALSE,NA,0.0939877350880143,-2.36459098301218,-0.0725822433408592,0.929989258091435
199,1,"Simultaneous entry, time-on-study order",631,629,FALSE,NA,0.0182072690435714,-4.00593436663911,0.0339583274604338,1.03454149385848
199,1,"Staggered entry, time-on-study order",631,629,FALSE,NA,0.0182072690435714,-4.00593436663911,0.0339583274604338,1.03454149385848
199,1,"Staggered entry, calendar-event order",631,629,FALSE,NA,0.0132635956641648,-4.32273216475673,0.0400854668398414,1.04089973280158
200,1,"Simultaneous entry, time-on-study order",631,630,FALSE,NA,0.0514981582903332,-2.96620923330465,-0.0655407319100216,0.936560898068469
200,1,"Staggered entry, time-on-study order",631,630,FALSE,NA,0.0514981582903332,-2.96620923330465,-0.0655407319100216,0.936560898068469
200,1,"Staggered entry, calendar-event order",631,630,FALSE,NA,0.0438729335488423,-3.12645769690717,-0.0681731230059689,0.934098745595491
201,1,"Simultaneous entry, time-on-study order",631,629,FALSE,NA,0.154757549987515,-1.86589558031989,0.0885085297847734,1.09254357173226
201,1,"Staggered entry, time-on-study order",631,629,FALSE,NA,0.154757549987515,-1.86589558031989,0.0885085297847734,1.09254357173226
201,1,"Staggered entry, calendar-event order",631,629,FALSE,NA,0.0108408108224909,-4.52443748664517,0.079877796068351,1.08315469382465
202,1,"Simultaneous entry, time-on-study order",631,629,FALSE,NA,0.120137232220899,-2.11912058777374,0.085299858412086,1.08904357662016
202,1,"Staggered entry, time-on-study order",631,629,FALSE,NA,0.120137232220899,-2.11912058777374,0.085299858412086,1.08904357662016
202,1,"Staggered entry, calendar-event order",631,629,FALSE,NA,0.0390637647744773,-3.24255997378306,0.0846314177276699,1.08831585883163
203,1,"Simultaneous entry, time-on-study order",631,625,FALSE,NA,0.000784366736968031,-7.15063387024236,0.00234322077460994,1.00234596826198
203,1,"Staggered entry, time-on-study order",631,625,FALSE,NA,0.000784366736968031,-7.15063387024236,0.00234322077460994,1.00234596826198
203,1,"Staggered entry, calendar-event order",631,628,FALSE,NA,0.00145371502702876,-6.53363291149472,0.00712747199565841,1.00715293287881
204,1,"Simultaneous entry, time-on-study order",631,630,FALSE,NA,0.000420064305576182,-7.77510274989205,-0.0099046247379542,0.990144264514608
204,1,"Staggered entry, time-on-study order",631,630,FALSE,NA,0.000420064305576182,-7.77510274989205,-0.0099046247379542,0.990144264514608
204,1,"Staggered entry, calendar-event order",631,630,FALSE,NA,0.000115428042199977,-9.06686323341019,-0.00258189724611342,0.997421432983861
205,1,"Simultaneous entry, time-on-study order",631,630,FALSE,NA,0.00692294292741565,-4.97291432122957,0.0354201110796413,1.03605487551636
205,1,"Staggered entry, time-on-study order",631,630,FALSE,NA,0.00692294292741565,-4.97291432122957,0.0354201110796413,1.03605487551636
205,1,"Staggered entry, calendar-event order",631,630,FALSE,NA,0.00445810943023288,-5.41303049738548,0.0309974278471031,1.03148285075151
206,1,"Simultaneous entry, time-on-study order",631,629,FALSE,NA,0.000282101820303918,-8.1732424872869,0.00913255973398161,1.00917438879613
206,1,"Staggered entry, time-on-study order",631,629,FALSE,NA,0.000282101820303918,-8.1732424872869,0.00913255973398161,1.00917438879613
206,1,"Staggered entry, calendar-event order",631,629,FALSE,NA,0.000722073408350094,-7.23338375062477,0.00944502742316025,1.00948977245641
207,1,"Simultaneous entry, time-on-study order",631,628,FALSE,NA,0.0141021733299238,-4.26142635660185,0.0393321915267047,1.04011594397086
207,1,"Staggered entry, time-on-study order",631,628,FALSE,NA,0.0141021733299238,-4.26142635660185,0.0393321915267047,1.04011594397086
207,1,"Staggered entry, calendar-event order",631,628,FALSE,NA,0.0101426295108584,-4.5910079938394,0.0448440402776077,1.0458647344149
208,1,"Simultaneous entry, time-on-study order",631,630,FALSE,NA,0.00041442390959912,-7.78862117177433,-0.0140755992806713,0.98602299881567
208,1,"Staggered entry, time-on-study order",631,630,FALSE,NA,0.00041442390959912,-7.78862117177433,-0.0140755992806713,0.98602299881567
208,1,"Staggered entry, calendar-event order",631,630,FALSE,NA,0.0018778524807527,-6.27762645253127,-0.0224869759901683,0.977763971517988
209,1,"Simultaneous entry, time-on-study order",631,629,FALSE,NA,5.01165970006001e-05,-9.90115832727663,0.0228126981400505,1.02307489776913
209,1,"Staggered entry, time-on-study order",631,629,FALSE,NA,5.01165970006001e-05,-9.90115832727663,0.0228126981400505,1.02307489776913
209,1,"Staggered entry, calendar-event order",631,629,FALSE,NA,0.00123359996500959,-6.69781858351968,0.0204269897122083,1.02063704851823
210,1,"Simultaneous entry, time-on-study order",631,629,FALSE,NA,13.5068652969099,2.60319809669333,-0.201843364286695,0.817222924213245
210,1,"Staggered entry, time-on-study order",631,629,FALSE,NA,13.5068652969099,2.60319809669333,-0.201843364286695,0.817222924213245
210,1,"Staggered entry, calendar-event order",631,627,FALSE,NA,13.0944430505408,2.57218794559591,-0.202766932112208,0.81646851184329
211,1,"Simultaneous entry, time-on-study order",631,627,FALSE,NA,1.88069156080015,0.63163956069053,-0.205769402999553,0.814020765388617
211,1,"Staggered entry, time-on-study order",631,627,FALSE,NA,1.88069156080015,0.63163956069053,-0.205769402999553,0.814020765388617
211,1,"Staggered entry, calendar-event order",631,627,FALSE,NA,10.545314561989,2.35568164392575,-0.197508694484023,0.820773004398929
212,1,"Simultaneous entry, time-on-study order",631,629,FALSE,NA,0.000285803430142746,-8.16020629064149,-0.0040042894959225,0.996003716980946
212,1,"Staggered entry, time-on-study order",631,629,FALSE,NA,0.000285803430142746,-8.16020629064149,-0.0040042894959225,0.996003716980946
212,1,"Staggered entry, calendar-event order",631,629,FALSE,NA,0.000565733439241253,-7.47738754609957,-0.010155537388006,0.989895855958993
213,1,"Simultaneous entry, time-on-study order",631,629,FALSE,NA,0.501199997502433,-0.690750060943398,-0.134602270000211,0.874063483832759
213,1,"Staggered entry, time-on-study order",631,629,FALSE,NA,0.501199997502433,-0.690750060943398,-0.134602270000211,0.874063483832759
213,1,"Staggered entry, calendar-event order",631,629,FALSE,NA,1.13313278396939,0.12498617197444,-0.135454321470906,0.873319053947205
214,1,"Simultaneous entry, time-on-study order",631,624,FALSE,NA,2.98985062794218e-05,-10.4177020360255,0.0386540800891215,1.03941086853972
214,1,"Staggered entry, time-on-study order",631,624,FALSE,NA,2.98985062794218e-05,-10.4177020360255,0.0386540800891215,1.03941086853972
214,1,"Staggered entry, calendar-event order",631,626,FALSE,NA,0.00530855248473383,-5.23843608263594,0.0408905916247463,1.04173812443472
215,1,"Simultaneous entry, time-on-study order",631,630,FALSE,NA,0.0146721777553374,-4.22180224826488,-0.034746873068154,0.965849867931304
215,1,"Staggered entry, time-on-study order",631,630,FALSE,NA,0.0146721777553374,-4.22180224826488,-0.034746873068154,0.965849867931304
215,1,"Staggered entry, calendar-event order",631,630,FALSE,NA,0.0224144986977999,-3.79804726621105,-0.0384979403560129,0.962233686596603
216,1,"Simultaneous entry, time-on-study order",631,630,FALSE,NA,0.00396276796775123,-5.53081251613436,0.00524144885221596,1.00525520927627
216,1,"Staggered entry, time-on-study order",631,630,FALSE,NA,0.00396276796775123,-5.53081251613436,0.00524144885221596,1.00525520927627
216,1,"Staggered entry, calendar-event order",631,630,FALSE,NA,0.000811662347961165,-7.11642613191692,0.00844435341700122,1.0084801075386
217,1,"Simultaneous entry, time-on-study order",631,630,FALSE,NA,0.00463964852663403,-5.37311666418329,0.035077938915588,1.03570042702219
217,1,"Staggered entry, time-on-study order",631,630,FALSE,NA,0.00463964852663403,-5.37311666418329,0.035077938915588,1.03570042702219
217,1,"Staggered entry, calendar-event order",631,630,FALSE,NA,0.0185058769168087,-3.98966692616581,0.0362859060288221,1.03695227502058
218,1,"Simultaneous entry, time-on-study order",631,629,FALSE,NA,0.0121171092746213,-4.4131368354833,0.0614278509006443,1.06335377374402
218,1,"Staggered entry, time-on-study order",631,629,FALSE,NA,0.0121171092746213,-4.4131368354833,0.0614278509006443,1.06335377374402
218,1,"Staggered entry, calendar-event order",631,629,FALSE,NA,0.0241870829140097,-3.72193655220604,0.064114216781999,1.06621417135871
219,1,"Simultaneous entry, time-on-study order",631,630,FALSE,NA,0.0222415893581752,-3.80579134820646,-0.0520053036156692,0.949323831980788
219,1,"Staggered entry, time-on-study order",631,630,FALSE,NA,0.0222415893581752,-3.80579134820646,-0.0520053036156692,0.949323831980788
219,1,"Staggered entry, calendar-event order",631,630,FALSE,NA,0.0425574457451443,-3.15690045113639,-0.0525226007854781,0.948832876445175
220,1,"Simultaneous entry, time-on-study order",631,629,TRUE,393,3.05877615862531,1.11801488780203,0.166434086591984,1.18108568392207
220,1,"Staggered entry, time-on-study order",631,629,TRUE,393,3.05877615862531,1.11801488780203,0.166434086591984,1.18108568392207
220,1,"Staggered entry, calendar-event order",631,630,TRUE,412,2.27219113347672,0.820744622970505,0.169360765891965,1.18454740614917
221,1,"Simultaneous entry, time-on-study order",631,630,FALSE,NA,0.00938908650340138,-4.66820727447717,0.0138673941977221,1.01396399251447
221,1,"Staggered entry, time-on-study order",631,630,FALSE,NA,0.00938908650340138,-4.66820727447717,0.0138673941977221,1.01396399251447
221,1,"Staggered entry, calendar-event order",631,630,FALSE,NA,0.000194057320774472,-8.54735697463334,0.0144005474751757,1.01450473487677
222,1,"Simultaneous entry, time-on-study order",631,630,FALSE,NA,0.0572762787267339,-2.85986872480304,-0.0598769622425149,0.941880413309184
222,1,"Staggered entry, time-on-study order",631,630,FALSE,NA,0.0572762787267339,-2.85986872480304,-0.0598769622425149,0.941880413309184
222,1,"Staggered entry, calendar-event order",631,630,FALSE,NA,0.00931136049417778,-4.67652006580474,-0.0540538511406701,0.947381087575882
223,1,"Simultaneous entry, time-on-study order",631,623,FALSE,NA,0.00234493759046713,-6.05549649131134,-0.0605406353880277,0.941255519957992
223,1,"Staggered entry, time-on-study order",631,623,FALSE,NA,0.00234493759046713,-6.05549649131134,-0.0605406353880277,0.941255519957992
223,1,"Staggered entry, calendar-event order",631,625,FALSE,NA,0.000456073937765474,-7.69285561737131,-0.0541421382581544,0.947297449722627
224,1,"Simultaneous entry, time-on-study order",631,630,FALSE,NA,0.00271410974293384,-5.90929128252336,0.0344220167773826,1.03502131093155
224,1,"Staggered entry, time-on-study order",631,630,FALSE,NA,0.00271410974293384,-5.90929128252336,0.0344220167773826,1.03502131093155
224,1,"Staggered entry, calendar-event order",631,630,FALSE,NA,0.00209494079482666,-6.1682299862333,0.0320123140860201,1.03253021989278
225,1,"Simultaneous entry, time-on-study order",631,630,FALSE,NA,0.132826909101228,-2.01870843369193,0.0899541428395103,1.09412410912992
225,1,"Staggered entry, time-on-study order",631,630,FALSE,NA,0.132826909101228,-2.01870843369193,0.0899541428395103,1.09412410912992
225,1,"Staggered entry, calendar-event order",631,630,FALSE,NA,0.114978887041733,-2.16300675841522,0.0857625852977304,1.0895476229716
226,1,"Simultaneous entry, time-on-study order",631,628,FALSE,NA,0.245785335874513,-1.40329674239913,-0.0965165025539005,0.907994913241113
226,1,"Staggered entry, time-on-study order",631,628,FALSE,NA,0.245785335874513,-1.40329674239913,-0.0965165025539005,0.907994913241113
226,1,"Staggered entry, calendar-event order",631,629,FALSE,NA,0.34491862219352,-1.06444676747424,-0.098860132104081,0.905869401210312
227,1,"Simultaneous entry, time-on-study order",631,630,FALSE,NA,0.0111470792741001,-4.49657776390172,0.0339248372961412,1.03450684747404
227,1,"Staggered entry, time-on-study order",631,630,FALSE,NA,0.0111470792741001,-4.49657776390172,0.0339248372961412,1.03450684747404
227,1,"Staggered entry, calendar-event order",631,629,FALSE,NA,0.0151700907907774,-4.18842950074986,0.029756647500958,1.03020380077704
228,1,"Simultaneous entry, time-on-study order",631,630,FALSE,NA,0.0133559762766601,-4.31579133313321,0.0581248345399862,1.05984729300176
228,1,"Staggered entry, time-on-study order",631,630,FALSE,NA,0.0133559762766601,-4.31579133313321,0.0581248345399862,1.05984729300176
228,1,"Staggered entry, calendar-event order",631,630,FALSE,NA,0.0465105507510723,-3.06807609425373,0.0582765829655489,1.06000813536329
229,1,"Simultaneous entry, time-on-study order",631,623,FALSE,NA,6.9695252694366,1.94154711189851,0.187723679179864,1.20650008819143
229,1,"Staggered entry, time-on-study order",631,623,FALSE,NA,6.9695252694366,1.94154711189851,0.187723679179864,1.20650008819143
229,1,"Staggered entry, calendar-event order",631,623,FALSE,NA,9.71072252430394,2.27323068986489,0.194463330609538,1.2146589412654
230,1,"Simultaneous entry, time-on-study order",631,629,FALSE,NA,0.0104746393834605,-4.55879824016649,0.0995882405939926,1.10471594723057
230,1,"Staggered entry, time-on-study order",631,629,FALSE,NA,0.0104746393834605,-4.55879824016649,0.0995882405939926,1.10471594723057
230,1,"Staggered entry, calendar-event order",631,630,FALSE,NA,0.0336680051089625,-3.39120729588747,0.0990181451073266,1.10408633314214
231,1,"Simultaneous entry, time-on-study order",631,629,TRUE,415,1.19131916782586,0.175061237533291,-0.163348371976428,0.849295266201623
231,1,"Staggered entry, time-on-study order",631,629,TRUE,415,1.19131916782586,0.175061237533291,-0.163348371976428,0.849295266201623
231,1,"Staggered entry, calendar-event order",631,628,TRUE,332,1.61180103693819,0.477352210249788,-0.161453290135508,0.850906276253989
232,1,"Simultaneous entry, time-on-study order",631,630,TRUE,293,1.43686638800518,0.362464622958534,-0.140907991071114,0.868569224145259
232,1,"Staggered entry, time-on-study order",631,630,TRUE,293,1.43686638800518,0.362464622958534,-0.140907991071114,0.868569224145259
232,1,"Staggered entry, calendar-event order",631,630,FALSE,NA,1.21572030319829,0.195336743269546,-0.136443674990212,0.872455459938033
233,1,"Simultaneous entry, time-on-study order",631,627,FALSE,NA,3.64338231659265,1.2929124580574,-0.175480307672723,0.839053919935172
233,1,"Staggered entry, time-on-study order",631,627,FALSE,NA,3.64338231659265,1.2929124580574,-0.175480307672723,0.839053919935172
233,1,"Staggered entry, calendar-event order",631,628,FALSE,NA,5.33281075421962,1.67387844518714,-0.171033166734048,0.842793620296203
234,1,"Simultaneous entry, time-on-study order",631,630,FALSE,NA,0.0675770065591118,-2.69448749345194,0.0783302945734563,1.08147980659625
234,1,"Staggered entry, time-on-study order",631,630,FALSE,NA,0.0675770065591118,-2.69448749345194,0.0783302945734563,1.08147980659625
234,1,"Staggered entry, calendar-event order",631,629,FALSE,NA,0.0126272909418171,-4.37189485954473,0.0789887527293476,1.08219215029385
235,1,"Simultaneous entry, time-on-study order",631,628,FALSE,NA,0.000440583404827736,-7.72741078924469,-0.00438363973358571,0.99562595439089
235,1,"Staggered entry, time-on-study order",631,628,FALSE,NA,0.000440583404827736,-7.72741078924469,-0.00438363973358571,0.99562595439089
235,1,"Staggered entry, calendar-event order",631,629,FALSE,NA,0.00153286739348092,-6.48061518415099,0.00294663793215941,1.00295098353697
236,1,"Simultaneous entry, time-on-study order",631,629,FALSE,NA,0.00486426874457289,-5.32583888408208,-0.0285266106943242,0.971876431495387
236,1,"Staggered entry, time-on-study order",631,629,FALSE,NA,0.00486426874457289,-5.32583888408208,-0.0285266106943242,0.971876431495387
236,1,"Staggered entry, calendar-event order",631,629,FALSE,NA,0.00486697017996421,-5.32528367513455,-0.0280926405485801,0.972298288382035
237,1,"Simultaneous entry, time-on-study order",631,629,FALSE,NA,0.0713404749233385,-2.64029144189191,0.105161224408713,1.11088969845341
237,1,"Staggered entry, time-on-study order",631,629,FALSE,NA,0.0713404749233385,-2.64029144189191,0.105161224408713,1.11088969845341
237,1,"Staggered entry, calendar-event order",631,629,FALSE,NA,0.160305727458798,-1.83067249038047,0.106669750746714,1.11256676945699
238,1,"Simultaneous entry, time-on-study order",631,628,FALSE,NA,0.252826301558937,-1.37505258114451,-0.131923842011584,0.876407737988195
238,1,"Staggered entry, time-on-study order",631,628,FALSE,NA,0.252826301558937,-1.37505258114451,-0.131923842011584,0.876407737988195
238,1,"Staggered entry, calendar-event order",631,629,FALSE,NA,0.404529892576044,-0.905029645149679,-0.133957706329129,0.874627055009898
239,1,"Simultaneous entry, time-on-study order",631,630,FALSE,NA,0.00247263754511419,-6.00246986603929,-0.0469087007210354,0.954174509058387
239,1,"Staggered entry, time-on-study order",631,630,FALSE,NA,0.00247263754511419,-6.00246986603929,-0.0469087007210354,0.954174509058387
239,1,"Staggered entry, calendar-event order",631,630,FALSE,NA,0.00516574122413406,-5.26570667767811,-0.0335931354351607,0.966964848345509
240,1,"Simultaneous entry, time-on-study order",631,629,FALSE,NA,0.241745280233823,-1.41987066817407,-0.148611998041967,0.861903470263593
240,1,"Staggered entry, time-on-study order",631,629,FALSE,NA,0.241745280233823,-1.41987066817407,-0.148611998041967,0.861903470263593
240,1,"Staggered entry, calendar-event order",631,630,FALSE,NA,0.190375327108084,-1.65875774953804,-0.147370723316034,0.862973993526709
241,1,"Simultaneous entry, time-on-study order",631,630,FALSE,NA,0.319384617893814,-1.1413592037416,0.105987417600726,1.11180788720777
241,1,"Staggered entry, time-on-study order",631,630,FALSE,NA,0.319384617893814,-1.1413592037416,0.105987417600726,1.11180788720777
241,1,"Staggered entry, calendar-event order",631,630,FALSE,NA,0.0674451106029488,-2.69644118816342,0.101845648578817,1.10721255870595
242,1,"Simultaneous entry, time-on-study order",631,627,FALSE,NA,7.60743065777123e-05,-9.4837999772052,0.0159971985628158,1.0161258387894
242,1,"Staggered entry, time-on-study order",631,627,FALSE,NA,7.60743065777123e-05,-9.4837999772052,0.0159971985628158,1.0161258387894
242,1,"Staggered entry, calendar-event order",631,626,FALSE,NA,2.66048841822842e-05,-10.5344157431566,0.0153461678552055,1.01546452495671
243,1,"Simultaneous entry, time-on-study order",631,630,FALSE,NA,1.28876594199063,0.253685126391343,-0.148108372513551,0.862337656178627
243,1,"Staggered entry, time-on-study order",631,630,FALSE,NA,1.28876594199063,0.253685126391343,-0.148108372513551,0.862337656178627
243,1,"Staggered entry, calendar-event order",631,630,FALSE,NA,1.37484838892657,0.31834346244031,-0.150739782632149,0.860071475078096
244,1,"Simultaneous entry, time-on-study order",631,630,FALSE,NA,0.000178137896729234,-8.63295260687187,0.0513233556143127,1.05266322281958
244,1,"Staggered entry, time-on-study order",631,630,FALSE,NA,0.000178137896729234,-8.63295260687187,0.0513233556143127,1.05266322281958
244,1,"Staggered entry, calendar-event order",631,630,FALSE,NA,0.00634027939725851,-5.06083244253579,0.0539081759867349,1.05538768777257
245,1,"Simultaneous entry, time-on-study order",631,630,FALSE,NA,0.00051491859984425,-7.57150172834796,0.00297160777430818,1.00297602737738
245,1,"Staggered entry, time-on-study order",631,630,FALSE,NA,0.00051491859984425,-7.57150172834796,0.00297160777430818,1.00297602737738
245,1,"Staggered entry, calendar-event order",631,629,FALSE,NA,0.00674805641312081,-4.99850075435695,0.01586454360871,1.01599105360305
246,1,"Simultaneous entry, time-on-study order",631,629,FALSE,NA,3.39269962696066,1.22162595460972,-0.159647611333555,0.852444127694498
246,1,"Staggered entry, time-on-study order",631,629,FALSE,NA,3.39269962696066,1.22162595460972,-0.159647611333555,0.852444127694498
246,1,"Staggered entry, calendar-event order",631,629,FALSE,NA,3.98756178947723,1.38317996378457,-0.167467406155827,0.845804184849377
247,1,"Simultaneous entry, time-on-study order",631,629,FALSE,NA,0.0843751978903918,-2.47248178442459,-0.101812300570436,0.903199065708951
247,1,"Staggered entry, time-on-study order",631,629,FALSE,NA,0.0843751978903918,-2.47248178442459,-0.101812300570436,0.903199065708951
247,1,"Staggered entry, calendar-event order",631,628,FALSE,NA,0.0795830515599622,-2.53095412890348,-0.0897228508277714,0.91418451564623
248,1,"Simultaneous entry, time-on-study order",631,629,FALSE,NA,0.000273469190821879,-8.20432159026511,-0.00937304471066402,0.990670745350711
248,1,"Staggered entry, time-on-study order",631,629,FALSE,NA,0.000273469190821879,-8.20432159026511,-0.00937304471066402,0.990670745350711
248,1,"Staggered entry, calendar-event order",631,627,FALSE,NA,0.000289072861812924,-8.14883178462826,-0.00409248697286274,0.995915875839825
249,1,"Simultaneous entry, time-on-study order",631,629,FALSE,NA,0.00623708889320518,-5.07724172898157,0.0491251579546676,1.05035180239702
249,1,"Staggered entry, time-on-study order",631,629,FALSE,NA,0.00623708889320518,-5.07724172898157,0.0491251579546676,1.05035180239702
249,1,"Staggered entry, calendar-event order",631,628,FALSE,NA,0.000128962765362779,-8.95598683586593,0.0493731861336594,1.0506123515523
250,1,"Simultaneous entry, time-on-study order",631,630,FALSE,NA,0.00171198043164725,-6.3701044314405,0.000971854593898352,1.0009723269976
250,1,"Staggered entry, time-on-study order",631,630,FALSE,NA,0.00171198043164725,-6.3701044314405,0.000971854593898352,1.0009723269976
250,1,"Staggered entry, calendar-event order",631,630,FALSE,NA,0.000255603070666929,-8.27188482196917,0.00296903900184054,1.00297345096349
251,1,"Simultaneous entry, time-on-study order",631,630,FALSE,NA,0.00446690040573084,-5.4110605324213,-0.0011570853964826,0.998843583768706
251,1,"Staggered entry, time-on-study order",631,630,FALSE,NA,0.00446690040573084,-5.4110605324213,-0.0011570853964826,0.998843583768706
251,1,"Staggered entry, calendar-event order",631,628,FALSE,NA,0.00160215358386717,-6.43640656485183,0.00474009070401427,1.00475134270543
252,1,"Simultaneous entry, time-on-study order",631,629,FALSE,NA,7.79969062116889e-06,-11.7614264890081,-0.000932208778346977,0.999068225593271
252,1,"Staggered entry, time-on-study order",631,629,FALSE,NA,7.79969062116889e-06,-11.7614264890081,-0.000932208778346977,0.999068225593271
252,1,"Staggered entry, calendar-event order",631,629,FALSE,NA,2.73115083868486e-05,-10.5082023919699,-0.00493092482691053,0.995081212225755
253,1,"Simultaneous entry, time-on-study order",631,630,FALSE,NA,0.0870193081611731,-2.44162525206397,-0.0880371140183949,0.915726889788001
253,1,"Staggered entry, time-on-study order",631,630,FALSE,NA,0.0870193081611731,-2.44162525206397,-0.0880371140183949,0.915726889788001
253,1,"Staggered entry, calendar-event order",631,630,FALSE,NA,0.0979052555510296,-2.3237550480364,-0.0854758837045575,0.918075283361959
254,1,"Simultaneous entry, time-on-study order",631,630,FALSE,NA,0.366037485463478,-1.00501953152615,-0.114618631115452,0.891706148048236
254,1,"Staggered entry, time-on-study order",631,630,FALSE,NA,0.366037485463478,-1.00501953152615,-0.114618631115452,0.891706148048236
254,1,"Staggered entry, calendar-event order",631,629,FALSE,NA,0.195238215999057,-1.6335348454816,-0.111881590379029,0.894150127209892
255,1,"Simultaneous entry, time-on-study order",631,630,FALSE,NA,0.000278231865018149,-8.18705574506954,0.00208281133305045,1.00208498189127
255,1,"Staggered entry, time-on-study order",631,630,FALSE,NA,0.000278231865018149,-8.18705574506954,0.00208281133305045,1.00208498189127
255,1,"Staggered entry, calendar-event order",631,630,FALSE,NA,0.000325963875950447,-8.0287239927054,-0.000835374313878729,0.999164974514103
256,1,"Simultaneous entry, time-on-study order",631,628,FALSE,NA,2.8105255212696,1.03337148410533,-0.153117440269443,0.858028948743171
256,1,"Staggered entry, time-on-study order",631,628,FALSE,NA,2.8105255212696,1.03337148410533,-0.153117440269443,0.858028948743171
256,1,"Staggered entry, calendar-event order",631,628,FALSE,NA,1.13853697056866,0.129744079045507,-0.149670024503997,0.860992035830237
257,1,"Simultaneous entry, time-on-study order",631,629,FALSE,NA,0.000244938824077237,-8.31450207624312,-0.0605591525741141,0.941238090715744
257,1,"Staggered entry, time-on-study order",631,629,FALSE,NA,0.000244938824077237,-8.31450207624312,-0.0605591525741141,0.941238090715744
257,1,"Staggered entry, calendar-event order",631,629,FALSE,NA,0.0293355169948213,-3.52895631293751,-0.0634377286489964,0.938532561171563
258,1,"Simultaneous entry, time-on-study order",631,627,FALSE,NA,1.14496139928136,0.135370924019904,-0.129076524189412,0.878906705348905
258,1,"Staggered entry, time-on-study order",631,627,FALSE,NA,1.14496139928136,0.135370924019904,-0.129076524189412,0.878906705348905
258,1,"Staggered entry, calendar-event order",631,627,FALSE,NA,1.0330899989517,0.0325543102066204,-0.127213728284341,0.880545455014778
259,1,"Simultaneous entry, time-on-study order",631,627,FALSE,NA,0.0226842837780151,-3.7860829388568,0.039427654660207,1.04021524143763
259,1,"Staggered entry, time-on-study order",631,627,FALSE,NA,0.0226842837780151,-3.7860829388568,0.039427654660207,1.04021524143763
259,1,"Staggered entry, calendar-event order",631,629,FALSE,NA,0.0279800779317549,-3.57626252448224,0.0439818987962532,1.04496343962112
260,1,"Simultaneous entry, time-on-study order",631,628,FALSE,NA,0.0109030335829568,-4.51871421810517,0.0689199600767168,1.07135045490829
260,1,"Staggered entry, time-on-study order",631,628,FALSE,NA,0.0109030335829568,-4.51871421810517,0.0689199600767168,1.07135045490829
260,1,"Staggered entry, calendar-event order",631,628,FALSE,NA,0.0185289993873466,-3.98841823974643,0.0700996747411918,1.0726150885575
261,1,"Simultaneous entry, time-on-study order",631,630,FALSE,NA,0.306835119250314,-1.18144474651503,-0.0949755445526531,0.909395173862085
261,1,"Staggered entry, time-on-study order",631,630,FALSE,NA,0.306835119250314,-1.18144474651503,-0.0949755445526531,0.909395173862085
261,1,"Staggered entry, calendar-event order",631,630,FALSE,NA,0.293906265171704,-1.22449438842584,-0.0997072584992324,0.905102340274641
262,1,"Simultaneous entry, time-on-study order",631,629,FALSE,NA,0.00654865410811871,-5.02849573012535,-0.0914578352164593,0.912599794913593
262,1,"Staggered entry, time-on-study order",631,629,FALSE,NA,0.00654865410811871,-5.02849573012535,-0.0914578352164593,0.912599794913593
262,1,"Staggered entry, calendar-event order",631,629,FALSE,NA,0.0119166652783847,-4.42981741500942,-0.093291827491531,0.910927627778992
263,1,"Simultaneous entry, time-on-study order",631,629,FALSE,NA,0.00143500571091971,-6.54658645004348,0.00321820812181233,1.00322339211313
263,1,"Staggered entry, time-on-study order",631,629,FALSE,NA,0.00143500571091971,-6.54658645004348,0.00321820812181233,1.00322339211313
263,1,"Staggered entry, calendar-event order",631,629,FALSE,NA,0.00186524717506068,-6.28436170112355,0.0037550658254339,1.00376212491813
264,1,"Simultaneous entry, time-on-study order",631,629,FALSE,NA,0.00751522176972115,-4.89082474593702,0.057172080140175,1.05883799971088
264,1,"Staggered entry, time-on-study order",631,629,FALSE,NA,0.00751522176972115,-4.89082474593702,0.057172080140175,1.05883799971088
264,1,"Staggered entry, calendar-event order",631,629,FALSE,NA,0.0342904823677509,-3.37288744530526,0.0581173657160397,1.05983937721848
265,1,"Simultaneous entry, time-on-study order",631,629,FALSE,NA,0.355405057673086,-1.03449713243126,0.11211962327631,1.11864666882116
265,1,"Staggered entry, time-on-study order",631,629,FALSE,NA,0.355405057673086,-1.03449713243126,0.11211962327631,1.11864666882116
265,1,"Staggered entry, calendar-event order",631,629,FALSE,NA,0.191136920526886,-1.6547652463606,0.111229416388816,1.11765128496642
266,1,"Simultaneous entry, time-on-study order",631,629,FALSE,NA,0.0116487881398391,-4.45255312671253,-0.0500231780103652,0.951207377150761
266,1,"Staggered entry, time-on-study order",631,629,FALSE,NA,0.0116487881398391,-4.45255312671253,-0.0500231780103652,0.951207377150761
266,1,"Staggered entry, calendar-event order",631,629,FALSE,NA,0.016935012485785,-4.07837205543573,-0.0514473612508228,0.949853647754197
267,1,"Simultaneous entry, time-on-study order",631,630,FALSE,NA,0.00274983503072864,-5.89621435792901,-0.030683397814973,0.969782559754554
267,1,"Staggered entry, time-on-study order",631,630,FALSE,NA,0.00274983503072864,-5.89621435792901,-0.030683397814973,0.969782559754554
267,1,"Staggered entry, calendar-event order",631,630,FALSE,NA,0.00165259064867174,-6.40541113226836,-0.0234685591837607,0.976804685722677
268,1,"Simultaneous entry, time-on-study order",631,628,FALSE,NA,0.214915431414202,-1.53751067049336,0.0979997854012113,1.10296254841406
268,1,"Staggered entry, time-on-study order",631,628,FALSE,NA,0.214915431414202,-1.53751067049336,0.0979997854012113,1.10296254841406
268,1,"Staggered entry, calendar-event order",631,628,FALSE,NA,0.111550602427701,-2.19327695760091,0.0931633032510473,1.09764096897168
269,1,"Simultaneous entry, time-on-study order",631,627,FALSE,NA,0.0364443108090323,-3.31196991476627,-0.083179694640808,0.920185779909563
269,1,"Staggered entry, time-on-study order",631,627,FALSE,NA,0.0364443108090323,-3.31196991476627,-0.083179694640808,0.920185779909563
269,1,"Staggered entry, calendar-event order",631,626,FALSE,NA,0.0586223503103114,-2.8366392505026,-0.088373426570756,0.91541897112179
270,1,"Simultaneous entry, time-on-study order",631,625,TRUE,223,14.882521634755,2.7001874797487,0.214469957505903,1.23920489160962
270,1,"Staggered entry, time-on-study order",631,625,TRUE,223,14.882521634755,2.7001874797487,0.214469957505903,1.23920489160962
270,1,"Staggered entry, calendar-event order",631,625,TRUE,159,21.322185989709,3.05974812639189,0.21141399533982,1.23542370886322
271,1,"Simultaneous entry, time-on-study order",631,630,FALSE,NA,0.139493343501572,-1.96973839569381,-0.0992410215643123,0.905524430805011
271,1,"Staggered entry, time-on-study order",631,630,FALSE,NA,0.139493343501572,-1.96973839569381,-0.0992410215643123,0.905524430805011
271,1,"Staggered entry, calendar-event order",631,629,FALSE,NA,0.0544200307566381,-2.9110229804556,-0.106223319076214,0.89922381182051
272,1,"Simultaneous entry, time-on-study order",631,630,FALSE,NA,0.0125568815681589,-4.37748643155925,-0.0811177359611362,0.922085122475353
272,1,"Staggered entry, time-on-study order",631,630,FALSE,NA,0.0125568815681589,-4.37748643155925,-0.0811177359611362,0.922085122475353
272,1,"Staggered entry, calendar-event order",631,630,FALSE,NA,0.00448135076213639,-5.40783076859462,-0.0847613672508401,0.918731497667713
273,1,"Simultaneous entry, time-on-study order",631,630,FALSE,NA,0.00278716255599184,-5.88273120567021,0.0515469727592756,1.05289864268506
273,1,"Staggered entry, time-on-study order",631,630,FALSE,NA,0.00278716255599184,-5.88273120567021,0.0515469727592756,1.05289864268506
273,1,"Staggered entry, calendar-event order",631,630,FALSE,NA,0.054634551613419,-2.90708878294069,0.0527719110469801,1.05418916879161
274,1,"Simultaneous entry, time-on-study order",631,627,FALSE,NA,0.000211584920890746,-8.46088412285048,0.0480312985818352,1.04920349339198
274,1,"Staggered entry, time-on-study order",631,627,FALSE,NA,0.000211584920890746,-8.46088412285048,0.0480312985818352,1.04920349339198
274,1,"Staggered entry, calendar-event order",631,628,FALSE,NA,0.00023225064420565,-8.36769340651465,0.0436231489009303,1.04458862633267
275,1,"Simultaneous entry, time-on-study order",631,628,FALSE,NA,0.0422626551186997,-3.16385144059226,0.0738168294761171,1.07660958429264
275,1,"Staggered entry, time-on-study order",631,628,FALSE,NA,0.0422626551186997,-3.16385144059226,0.0738168294761171,1.07660958429264
275,1,"Staggered entry, calendar-event order",631,630,FALSE,NA,0.128095052249373,-2.05498269495205,0.0742995175059589,1.07712937629039
276,1,"Simultaneous entry, time-on-study order",631,630,FALSE,NA,2.5148707322208,0.922221403511381,0.158968643710515,1.17230118708901
276,1,"Staggered entry, time-on-study order",631,630,FALSE,NA,2.5148707322208,0.922221403511381,0.158968643710515,1.17230118708901
276,1,"Staggered entry, calendar-event order",631,630,FALSE,NA,3.24585185895646,1.17737783002152,0.154848236171752,1.16748076630908
277,1,"Simultaneous entry, time-on-study order",631,630,FALSE,NA,0.0070771184363137,-4.95088845464436,0.0605022921237269,1.06237003265109
277,1,"Staggered entry, time-on-study order",631,630,FALSE,NA,0.0070771184363137,-4.95088845464436,0.0605022921237269,1.06237003265109
277,1,"Staggered entry, calendar-event order",631,630,FALSE,NA,0.00623692280760136,-5.0772683580417,0.0595955237400074,1.06140714571736
278,1,"Simultaneous entry, time-on-study order",631,630,FALSE,NA,0.529769852835915,-0.635312606677667,0.13137784693236,1.14039859602703
278,1,"Staggered entry, time-on-study order",631,630,FALSE,NA,0.529769852835915,-0.635312606677667,0.13137784693236,1.14039859602703
278,1,"Staggered entry, calendar-event order",631,630,FALSE,NA,0.113017773303509,-2.18021018676616,0.130726315390058,1.13965583236418
279,1,"Simultaneous entry, time-on-study order",631,630,FALSE,NA,0.00298031514409949,-5.81572623100276,-0.0422980952063046,0.958583988686137
279,1,"Staggered entry, time-on-study order",631,630,FALSE,NA,0.00298031514409949,-5.81572623100276,-0.0422980952063046,0.958583988686137
279,1,"Staggered entry, calendar-event order",631,630,FALSE,NA,0.00160393850081764,-6.43529311140899,-0.0418261601719543,0.959036484819757
280,1,"Simultaneous entry, time-on-study order",631,629,FALSE,NA,0.00838202927007961,-4.78166523746918,0.0568406051733147,1.05848707958385
280,1,"Staggered entry, time-on-study order",631,629,FALSE,NA,0.00838202927007961,-4.78166523746918,0.0568406051733147,1.05848707958385
280,1,"Staggered entry, calendar-event order",631,629,FALSE,NA,0.0349824529879751,-3.35290868640796,0.0620055700299947,1.06396827104671
281,1,"Simultaneous entry, time-on-study order",631,630,FALSE,NA,0.029313926011162,-3.52969258539052,-0.0527548710182567,0.948612516404624
281,1,"Staggered entry, time-on-study order",631,630,FALSE,NA,0.029313926011162,-3.52969258539052,-0.0527548710182567,0.948612516404624
281,1,"Staggered entry, calendar-event order",631,630,FALSE,NA,0.00335997605435736,-5.69582143171178,-0.0597516424006506,0.94199845701009
282,1,"Simultaneous entry, time-on-study order",631,626,FALSE,NA,0.000626992346177869,-7.3745762244587,-0.0844711673629389,0.918998152135024
282,1,"Staggered entry, time-on-study order",631,626,FALSE,NA,0.000626992346177869,-7.3745762244587,-0.0844711673629389,0.918998152135024
282,1,"Staggered entry, calendar-event order",631,627,FALSE,NA,0.00209438686062458,-6.16849443640329,-0.0843732804156505,0.919088114461698
283,1,"Simultaneous entry, time-on-study order",631,629,FALSE,NA,0.00258248913036739,-5.95900156593679,0.0238992580011218,1.02418713403413
283,1,"Staggered entry, time-on-study order",631,629,FALSE,NA,0.00258248913036739,-5.95900156593679,0.0238992580011218,1.02418713403413
283,1,"Staggered entry, calendar-event order",631,629,FALSE,NA,7.40344116150827e-05,-9.5109805510238,0.027119607571019,1.02749069107996
284,1,"Simultaneous entry, time-on-study order",631,627,FALSE,NA,0.352073892692761,-1.04391420299205,-0.100770716431073,0.904140313639843
284,1,"Staggered entry, time-on-study order",631,627,FALSE,NA,0.352073892692761,-1.04391420299205,-0.100770716431073,0.904140313639843
284,1,"Staggered entry, calendar-event order",631,627,FALSE,NA,0.105668267135273,-2.24745064749708,-0.103986786658091,0.90123720569787
285,1,"Simultaneous entry, time-on-study order",631,630,FALSE,NA,0.0121938861870443,-4.40682058506112,-0.045003569495234,0.955994069410735
285,1,"Staggered entry, time-on-study order",631,630,FALSE,NA,0.0121938861870443,-4.40682058506112,-0.045003569495234,0.955994069410735
285,1,"Staggered entry, calendar-event order",631,630,FALSE,NA,6.6492437173641e-05,-9.618422343482,-0.0441919728412523,0.95677026593534
286,1,"Simultaneous entry, time-on-study order",631,630,FALSE,NA,0.00470449409064291,-5.35923703762561,0.100202296727149,1.10539451315083
286,1,"Staggered entry, time-on-study order",631,630,FALSE,NA,0.00470449409064291,-5.35923703762561,0.100202296727149,1.10539451315083
286,1,"Staggered entry, calendar-event order",631,630,FALSE,NA,0.0921968160030991,-2.38382968260483,0.102145061208309,1.10754412176417
287,1,"Simultaneous entry, time-on-study order",631,630,FALSE,NA,0.000187871151784368,-8.57975419295191,-0.00348727445338502,0.996518799026157
287,1,"Staggered entry, time-on-study order",631,630,FALSE,NA,0.000187871151784368,-8.57975419295191,-0.00348727445338502,0.996518799026157
287,1,"Staggered entry, calendar-event order",631,630,FALSE,NA,9.43483600257917e-05,-9.26851666811539,-0.00581261222216081,0.994204248324504
288,1,"Simultaneous entry, time-on-study order",631,629,FALSE,NA,0.0595787432946734,-2.8204564246574,-0.0604424405482758,0.941347950930987
288,1,"Staggered entry, time-on-study order",631,629,FALSE,NA,0.0595787432946734,-2.8204564246574,-0.0604424405482758,0.941347950930987
288,1,"Staggered entry, calendar-event order",631,629,FALSE,NA,0.0643963115113521,-2.74269892218053,-0.0549049199293362,0.946575144106586
289,1,"Simultaneous entry, time-on-study order",631,629,FALSE,NA,0.00222237910495195,-6.10917698802786,0.00070857028856521,1.00070882138379
289,1,"Staggered entry, time-on-study order",631,629,FALSE,NA,0.00222237910495195,-6.10917698802786,0.00070857028856521,1.00070882138379
289,1,"Staggered entry, calendar-event order",631,629,FALSE,NA,0.00633957253044956,-5.06094393702543,-0.00347595933756433,0.996530074815579
290,1,"Simultaneous entry, time-on-study order",631,628,FALSE,NA,0.000434708494836211,-7.74083487832423,-0.0442375438309603,0.956726665960853
290,1,"Staggered entry, time-on-study order",631,628,FALSE,NA,0.000434708494836211,-7.74083487832423,-0.0442375438309603,0.956726665960853
290,1,"Staggered entry, calendar-event order",631,626,FALSE,NA,0.000426593614501168,-7.75967872039074,-0.0484876883629762,0.952669068149405
291,1,"Simultaneous entry, time-on-study order",631,630,FALSE,NA,0.00562492690001748,-5.18054732652854,0.041455320955314,1.04232659065478
291,1,"Staggered entry, time-on-study order",631,630,FALSE,NA,0.00562492690001748,-5.18054732652854,0.041455320955314,1.04232659065478
291,1,"Staggered entry, calendar-event order",631,630,FALSE,NA,0.00186813824921251,-6.28281293269963,0.0285491506047606,1.02896058362663
292,1,"Simultaneous entry, time-on-study order",631,627,FALSE,NA,0.00163585060283724,-6.41559236353052,0.0730721715127158,1.07580817681649
292,1,"Staggered entry, time-on-study order",631,627,FALSE,NA,0.00163585060283724,-6.41559236353052,0.0730721715127158,1.07580817681649
292,1,"Staggered entry, calendar-event order",631,628,FALSE,NA,0.00290275045374165,-5.84209655914276,0.0724768856106028,1.07516795395218
293,1,"Simultaneous entry, time-on-study order",631,628,FALSE,NA,0.0105166842283593,-4.55479230877289,-0.0332065515062864,0.96733873368004
293,1,"Staggered entry, time-on-study order",631,628,FALSE,NA,0.0105166842283593,-4.55479230877289,-0.0332065515062864,0.96733873368004
293,1,"Staggered entry, calendar-event order",631,629,FALSE,NA,0.0170861188955398,-4.06948890562423,-0.0308760383843919,0.969595758283379
294,1,"Simultaneous entry, time-on-study order",631,629,FALSE,NA,0.00108121699979571,-6.8296680206041,-0.00561765769229682,0.994398091841047
294,1,"Staggered entry, time-on-study order",631,629,FALSE,NA,0.00108121699979571,-6.8296680206041,-0.00561765769229682,0.994398091841047
294,1,"Staggered entry, calendar-event order",631,629,FALSE,NA,0.000544560060655805,-7.5155323174396,-0.00362210944003519,0.996384442485378
295,1,"Simultaneous entry, time-on-study order",631,629,FALSE,NA,0.00734945628922604,-4.91312894274858,-0.00605242825553848,0.993965850792222
295,1,"Staggered entry, time-on-study order",631,629,FALSE,NA,0.00734945628922604,-4.91312894274858,-0.00605242825553848,0.993965850792222
295,1,"Staggered entry, calendar-event order",631,629,FALSE,NA,0.00293880609406977,-5.82975187056106,-0.00598373410022477,0.994034132782012
296,1,"Simultaneous entry, time-on-study order",631,630,TRUE,243,0.180760013436878,-1.7105850201036,-0.0834062946065255,0.919977289466237
296,1,"Staggered entry, time-on-study order",631,630,TRUE,243,0.180760013436878,-1.7105850201036,-0.0834062946065255,0.919977289466237
296,1,"Staggered entry, calendar-event order",631,630,FALSE,NA,0.0841503406765076,-2.47515030991017,-0.0899110186539392,0.914012511716515
297,1,"Simultaneous entry, time-on-study order",631,627,FALSE,NA,0.0976928846707141,-2.3259265509303,-0.0896073411022338,0.91429011894771
297,1,"Staggered entry, time-on-study order",631,627,FALSE,NA,0.0976928846707141,-2.3259265509303,-0.0896073411022338,0.91429011894771
297,1,"Staggered entry, calendar-event order",631,626,FALSE,NA,0.301918172163704,-1.19759925142201,-0.0932167131958122,0.910996054036066
298,1,"Simultaneous entry, time-on-study order",631,626,FALSE,NA,0.00278196696228418,-5.88459706107829,0.056636471490408,1.05827102877036
298,1,"Staggered entry, time-on-study order",631,626,FALSE,NA,0.00278196696228418,-5.88459706107829,0.056636471490408,1.05827102877036
298,1,"Staggered entry, calendar-event order",631,626,FALSE,NA,0.0157812573670152,-4.14893228568585,0.0532198062930427,1.05466144086507
299,1,"Simultaneous entry, time-on-study order",631,630,FALSE,NA,0.01031142091767,-4.57450317108285,0.0765876394488186,1.0795968014599
299,1,"Staggered entry, time-on-study order",631,630,FALSE,NA,0.01031142091767,-4.57450317108285,0.0765876394488186,1.0795968014599
299,1,"Staggered entry, calendar-event order",631,630,FALSE,NA,0.00417372512489862,-5.47894632661668,0.0779940595239484,1.0811162363059
300,1,"Simultaneous entry, time-on-study order",631,628,FALSE,NA,0.0812257000953208,-2.51052357825426,-0.0963095911449845,0.90818280718593
300,1,"Staggered entry, time-on-study order",631,628,FALSE,NA,0.0812257000953208,-2.51052357825426,-0.0963095911449845,0.90818280718593
300,1,"Staggered entry, calendar-event order",631,628,FALSE,NA,0.223554734464745,-1.49809899797689,-0.0989596642448296,0.905779242576486
301,1,"Simultaneous entry, time-on-study order",631,629,FALSE,NA,0.307269647749387,-1.18002958547104,0.115192128339628,1.12208900196012
301,1,"Staggered entry, time-on-study order",631,629,FALSE,NA,0.307269647749387,-1.18002958547104,0.115192128339628,1.12208900196012
301,1,"Staggered entry, calendar-event order",631,629,FALSE,NA,0.246438494520319,-1.40064283176402,0.114973271290531,1.12184345174351
302,1,"Simultaneous entry, time-on-study order",631,630,FALSE,NA,0.000644732265561782,-7.34667541949537,-0.0151825524312873,0.984932121437019
302,1,"Staggered entry, time-on-study order",631,630,FALSE,NA,0.000644732265561782,-7.34667541949537,-0.0151825524312873,0.984932121437019
302,1,"Staggered entry, calendar-event order",631,629,FALSE,NA,0.000383080529514697,-7.86726533105563,-0.0129426956053235,0.987140700899861
303,1,"Simultaneous entry, time-on-study order",631,628,FALSE,NA,0.551787530801305,-0.594592214769778,-0.141893378055261,0.867713768883416
303,1,"Staggered entry, time-on-study order",631,628,FALSE,NA,0.551787530801305,-0.594592214769778,-0.141893378055261,0.867713768883416
303,1,"Staggered entry, calendar-event order",631,628,FALSE,NA,0.829054414875326,-0.187469486826902,-0.140389662866178,0.869019544768931
304,1,"Simultaneous entry, time-on-study order",631,626,FALSE,NA,0.000256433287527373,-8.26864201479468,0.0268352539124715,1.0271985618788
304,1,"Staggered entry, time-on-study order",631,626,FALSE,NA,0.000256433287527373,-8.26864201479468,0.0268352539124715,1.0271985618788
304,1,"Staggered entry, calendar-event order",631,626,FALSE,NA,0.000523602216299419,-7.55477829112729,0.0246485483860756,1.02495483518568
305,1,"Simultaneous entry, time-on-study order",631,630,FALSE,NA,0.000139658212529117,-8.87631245936009,-0.0187226842141013,0.981451496500573
305,1,"Staggered entry, time-on-study order",631,630,FALSE,NA,0.000139658212529117,-8.87631245936009,-0.0187226842141013,0.981451496500573
305,1,"Staggered entry, calendar-event order",631,630,FALSE,NA,0.00284106951831112,-5.86357470674698,-0.0171050472999406,0.983040413469659
306,1,"Simultaneous entry, time-on-study order",631,628,FALSE,NA,0.00382864671141038,-5.56524387728588,-0.0133619349917252,0.986726939376747
306,1,"Staggered entry, time-on-study order",631,628,FALSE,NA,0.00382864671141038,-5.56524387728588,-0.0133619349917252,0.986726939376747
306,1,"Staggered entry, calendar-event order",631,630,TRUE,269,0.00502096486169635,-5.29413316022206,-0.00420998910632323,0.995798860474579
307,1,"Simultaneous entry, time-on-study order",631,629,FALSE,NA,0.00169255997822598,-6.38151311615376,0.0244807618481147,1.02478287598894
307,1,"Staggered entry, time-on-study order",631,629,FALSE,NA,0.00169255997822598,-6.38151311615376,0.0244807618481147,1.02478287598894
307,1,"Staggered entry, calendar-event order",631,629,FALSE,NA,0.000741398212573827,-7.2069726781302,0.025060108893295,1.02537675293391
308,1,"Simultaneous entry, time-on-study order",631,630,FALSE,NA,0.00118891889905021,-6.7347108729773,-0.0217690715369466,0.978466164650971
308,1,"Staggered entry, time-on-study order",631,630,FALSE,NA,0.00118891889905021,-6.7347108729773,-0.0217690715369466,0.978466164650971
308,1,"Staggered entry, calendar-event order",631,630,FALSE,NA,0.00154921775973447,-6.47000514657937,-0.0247527094766442,0.97555112675074
309,1,"Simultaneous entry, time-on-study order",631,630,FALSE,NA,0.0724536583000432,-2.62480811735575,-0.0758820504246009,0.926925530584653
309,1,"Staggered entry, time-on-study order",631,630,FALSE,NA,0.0724536583000432,-2.62480811735575,-0.0758820504246009,0.926925530584653
309,1,"Staggered entry, calendar-event order",631,630,FALSE,NA,0.0387042126370205,-3.25180683120075,-0.0768812136269023,0.925999843236599
310,1,"Simultaneous entry, time-on-study order",631,629,FALSE,NA,0.0858161582567204,-2.45554796554868,-0.104902775489707,0.900412060452423
310,1,"Staggered entry, time-on-study order",631,629,FALSE,NA,0.0858161582567204,-2.45554796554868,-0.104902775489707,0.900412060452423
310,1,"Staggered entry, calendar-event order",631,629,FALSE,NA,0.0355658823947987,-3.33636846034109,-0.100963151267502,0.90396634228609
311,1,"Simultaneous entry, time-on-study order",631,630,FALSE,NA,0.120609952457829,-2.11519347356807,0.071881508635443,1.07452801422956
311,1,"Staggered entry, time-on-study order",631,630,FALSE,NA,0.120609952457829,-2.11519347356807,0.071881508635443,1.07452801422956
311,1,"Staggered entry, calendar-event order",631,630,FALSE,NA,0.0703642824319823,-2.65406949638306,0.0729392771107543,1.07566521743167
312,1,"Simultaneous entry, time-on-study order",631,630,FALSE,NA,0.00282469415365668,-5.86935518443705,-0.0242691043992582,0.976023022325238
312,1,"Staggered entry, time-on-study order",631,630,FALSE,NA,0.00282469415365668,-5.86935518443705,-0.0242691043992582,0.976023022325238
312,1,"Staggered entry, calendar-event order",631,630,FALSE,NA,0.0141309491410204,-4.2593879124949,-0.0250135679073384,0.975296679203591
313,1,"Simultaneous entry, time-on-study order",631,630,FALSE,NA,0.00439982897253012,-5.42618960869289,-0.0352619518606084,0.965352507248603
313,1,"Staggered entry, time-on-study order",631,630,FALSE,NA,0.00439982897253012,-5.42618960869289,-0.0352619518606084,0.965352507248603
313,1,"Staggered entry, calendar-event order",631,630,FALSE,NA,0.0134008296519576,-4.31243865961669,-0.0403059338436444,0.960495546104478
314,1,"Simultaneous entry, time-on-study order",631,630,FALSE,NA,0.0182996322874944,-4.00087431291618,-0.0510222330468313,0.950257543177106
314,1,"Staggered entry, time-on-study order",631,630,FALSE,NA,0.0182996322874944,-4.00087431291618,-0.0510222330468313,0.950257543177106
314,1,"Staggered entry, calendar-event order",631,630,FALSE,NA,0.00454431990712661,-5.39387719794487,-0.050751489326061,0.950514854271145
315,1,"Simultaneous entry, time-on-study order",631,630,FALSE,NA,0.000244066133422812,-8.31807133077732,0.00576342379146762,1.00578006427172
315,1,"Staggered entry, time-on-study order",631,630,FALSE,NA,0.000244066133422812,-8.31807133077732,0.00576342379146762,1.00578006427172
315,1,"Staggered entry, calendar-event order",631,630,FALSE,NA,0.000447139612778118,-7.7126396792795,0.00776724251641168,1.00779748579615
316,1,"Simultaneous entry, time-on-study order",631,629,FALSE,NA,0.246420129551038,-1.40071735605311,-0.094130959631949,0.910163559750782
316,1,"Staggered entry, time-on-study order",631,629,FALSE,NA,0.246420129551038,-1.40071735605311,-0.094130959631949,0.910163559750782
316,1,"Staggered entry, calendar-event order",631,629,FALSE,NA,0.206107402670025,-1.57935787387522,-0.0966869512668445,0.907840159865923
317,1,"Simultaneous entry, time-on-study order",631,629,FALSE,NA,0.0206102551122568,-3.88196650607502,0.0611419315134947,1.0630497837451
317,1,"Staggered entry, time-on-study order",631,629,FALSE,NA,0.0206102551122568,-3.88196650607502,0.0611419315134947,1.0630497837451
317,1,"Staggered entry, calendar-event order",631,629,FALSE,NA,0.0522648455498361,-2.95143130313747,0.0599671415227057,1.06180165678652
318,1,"Simultaneous entry, time-on-study order",631,627,FALSE,NA,0.0514483496665818,-2.96717689366782,0.0992866716631319,1.10438284945196
318,1,"Staggered entry, time-on-study order",631,627,FALSE,NA,0.0514483496665818,-2.96717689366782,0.0992866716631319,1.10438284945196
318,1,"Staggered entry, calendar-event order",631,627,FALSE,NA,0.203764568517486,-1.590790027491,0.0980272610463277,1.10299285343794
319,1,"Simultaneous entry, time-on-study order",631,630,FALSE,NA,9.54762407249798e-05,-9.25663312965062,0.00555796779012316,1.00557344194811
319,1,"Staggered entry, time-on-study order",631,630,FALSE,NA,9.54762407249798e-05,-9.25663312965062,0.00555796779012316,1.00557344194811
319,1,"Staggered entry, calendar-event order",631,630,FALSE,NA,0.000219332120111333,-8.42492344672966,0.00243126231596058,1.00243422023085
320,1,"Simultaneous entry, time-on-study order",631,628,FALSE,NA,1.02178935720623,0.0215553621294761,0.13957285803834,1.14978257356927
320,1,"Staggered entry, time-on-study order",631,628,FALSE,NA,1.02178935720623,0.0215553621294761,0.13957285803834,1.14978257356927
320,1,"Staggered entry, calendar-event order",631,629,FALSE,NA,2.04589767776671,0.715836655412137,0.141723699469958,1.15225823498904
321,1,"Simultaneous entry, time-on-study order",631,629,FALSE,NA,0.00726653989404928,-4.92447504378042,0.0188487828065766,1.01902754248096
321,1,"Staggered entry, time-on-study order",631,629,FALSE,NA,0.00726653989404928,-4.92447504378042,0.0188487828065766,1.01902754248096
321,1,"Staggered entry, calendar-event order",631,629,FALSE,NA,0.00466652346057166,-5.3673409255262,0.0231930164383493,1.02346406587246
322,1,"Simultaneous entry, time-on-study order",631,629,FALSE,NA,0.00931533838955112,-4.67609294820772,0.0916533763392973,1.09598486194811
322,1,"Staggered entry, time-on-study order",631,629,FALSE,NA,0.00931533838955112,-4.67609294820772,0.0916533763392973,1.09598486194811
322,1,"Staggered entry, calendar-event order",631,629,FALSE,NA,0.00341007101506955,-5.68102216236997,0.0903458142358967,1.09455273018139
323,1,"Simultaneous entry, time-on-study order",631,628,FALSE,NA,1.22681242699314,0.20441928280654,0.138561632184944,1.14862047137801
323,1,"Staggered entry, time-on-study order",631,628,FALSE,NA,1.22681242699314,0.20441928280654,0.138561632184944,1.14862047137801
323,1,"Staggered entry, calendar-event order",631,628,FALSE,NA,1.6505413118364,0.501103301889659,0.144787422445487,1.15579384832166
324,1,"Simultaneous entry, time-on-study order",631,628,FALSE,NA,0.229297536025097,-1.47273483481449,0.130291434092435,1.13916032510818
324,1,"Staggered entry, time-on-study order",631,628,FALSE,NA,0.229297536025097,-1.47273483481449,0.130291434092435,1.13916032510818
324,1,"Staggered entry, calendar-event order",631,628,FALSE,NA,1.17152314864697,0.15830473860572,0.125516860594757,1.13373428423371
325,1,"Simultaneous entry, time-on-study order",631,629,FALSE,NA,0.00629955345721607,-5.06727652790372,0.0632273042143866,1.06526895183586
325,1,"Staggered entry, time-on-study order",631,629,FALSE,NA,0.00629955345721607,-5.06727652790372,0.0632273042143866,1.06526895183586
325,1,"Staggered entry, calendar-event order",631,630,FALSE,NA,0.00438471038253817,-5.42963170265092,0.0590459969159227,1.06082403425189
326,1,"Simultaneous entry, time-on-study order",631,630,FALSE,NA,1.33150732812295,0.286311629916446,0.141957469384865,1.15252762978556
326,1,"Staggered entry, time-on-study order",631,630,FALSE,NA,1.33150732812295,0.286311629916446,0.141957469384865,1.15252762978556
326,1,"Staggered entry, calendar-event order",631,630,FALSE,NA,1.31629839549962,0.274823551501146,0.146409610708116,1.1576702850918
327,1,"Simultaneous entry, time-on-study order",631,630,FALSE,NA,0.0032220227038831,-5.73774594773353,0.0423624408186973,1.04327253478679
327,1,"Staggered entry, time-on-study order",631,630,FALSE,NA,0.0032220227038831,-5.73774594773353,0.0423624408186973,1.04327253478679
327,1,"Staggered entry, calendar-event order",631,630,FALSE,NA,0.000453723369360322,-7.69802286422254,0.0401418060027461,1.04095837787319
328,1,"Simultaneous entry, time-on-study order",631,630,FALSE,NA,0.000496384158328779,-7.60816041825994,0.0151048234240268,1.01521947782013
328,1,"Staggered entry, time-on-study order",631,630,FALSE,NA,0.000496384158328779,-7.60816041825994,0.0151048234240268,1.01521947782013
328,1,"Staggered entry, calendar-event order",631,630,FALSE,NA,0.000689907722748013,-7.27895270446412,0.0175067040536155,1.01766084458076
329,1,"Simultaneous entry, time-on-study order",631,630,FALSE,NA,0.000491696518339077,-7.61764886443564,-0.00315574016198972,0.996849233952282
329,1,"Staggered entry, time-on-study order",631,630,FALSE,NA,0.000491696518339077,-7.61764886443564,-0.00315574016198972,0.996849233952282
329,1,"Staggered entry, calendar-event order",631,630,FALSE,NA,0.000388726825035591,-7.85263371030418,0.00480353188468113,1.00481508733889
330,1,"Simultaneous entry, time-on-study order",631,628,FALSE,NA,0.00491156052606038,-5.31616356159017,0.0908737849981656,1.09513077460253
330,1,"Staggered entry, time-on-study order",631,628,FALSE,NA,0.00491156052606038,-5.31616356159017,0.0908737849981656,1.09513077460253
330,1,"Staggered entry, calendar-event order",631,627,FALSE,NA,0.0111711916151748,-4.49441699162899,0.095992530574073,1.10075084198639
331,1,"Simultaneous entry, time-on-study order",631,628,FALSE,NA,0.00124232085411225,-6.69077399218969,0.00357173823087727,1.00357812448896
331,1,"Staggered entry, time-on-study order",631,628,FALSE,NA,0.00124232085411225,-6.69077399218969,0.00357173823087727,1.00357812448896
331,1,"Staggered entry, calendar-event order",631,628,FALSE,NA,0.0024500010683647,-6.01166681835837,0.00248822047673776,1.00249131866644
332,1,"Simultaneous entry, time-on-study order",631,630,FALSE,NA,0.00612962155402078,-5.09462226764115,0.0251146876240718,1.0254327182229
332,1,"Staggered entry, time-on-study order",631,630,FALSE,NA,0.00612962155402078,-5.09462226764115,0.0251146876240718,1.0254327182229
332,1,"Staggered entry, calendar-event order",631,630,FALSE,NA,0.0138570450382422,-4.27896150865491,0.0213245305508955,1.02155352317594
333,1,"Simultaneous entry, time-on-study order",631,630,TRUE,362,8.02888726688115,2.08304594636181,0.1944034442162,1.21458620190034
333,1,"Staggered entry, time-on-study order",631,630,TRUE,362,8.02888726688115,2.08304594636181,0.1944034442162,1.21458620190034
333,1,"Staggered entry, calendar-event order",631,630,TRUE,195,8.78220969930943,2.17272805016342,0.190628522894103,1.21000987761572
334,1,"Simultaneous entry, time-on-study order",631,628,FALSE,NA,0.00120169782640351,-6.72401986681664,-0.0497442285252013,0.951472752970405
334,1,"Staggered entry, time-on-study order",631,628,FALSE,NA,0.00120169782640351,-6.72401986681664,-0.0497442285252013,0.951472752970405
334,1,"Staggered entry, calendar-event order",631,628,FALSE,NA,0.0329955545458189,-3.41138243732272,-0.0588050201216546,0.942890595928944
335,1,"Simultaneous entry, time-on-study order",631,630,FALSE,NA,0.753376762507779,-0.283189827698966,-0.142687629431831,0.867024859647781
335,1,"Staggered entry, time-on-study order",631,630,FALSE,NA,0.753376762507779,-0.283189827698966,-0.142687629431831,0.867024859647781
335,1,"Staggered entry, calendar-event order",631,630,FALSE,NA,0.442009691024883,-0.816423471749134,-0.147914286248747,0.86250504031627
336,1,"Simultaneous entry, time-on-study order",631,629,FALSE,NA,0.00155482966674375,-6.46638927842232,-0.00322753266535737,0.996777670219197
336,1,"Staggered entry, time-on-study order",631,629,FALSE,NA,0.00155482966674375,-6.46638927842232,-0.00322753266535737,0.996777670219197
336,1,"Staggered entry, calendar-event order",631,629,FALSE,NA,0.000920971107874202,-6.99008189258735,0.00162536174503594,1.00162668336137
337,1,"Simultaneous entry, time-on-study order",631,624,FALSE,NA,0.562618570722637,-0.575153374721359,-0.137097837523646,0.871884918897684
337,1,"Staggered entry, time-on-study order",631,624,FALSE,NA,0.562618570722637,-0.575153374721359,-0.137097837523646,0.871884918897684
337,1,"Staggered entry, calendar-event order",631,627,FALSE,NA,0.918850798183551,-0.0846315221644189,-0.143598812369178,0.866235201205699
338,1,"Simultaneous entry, time-on-study order",631,630,FALSE,NA,0.000427332592035154,-7.7579479438604,-0.00428106833934197,0.995728082370792
338,1,"Staggered entry, time-on-study order",631,630,FALSE,NA,0.000427332592035154,-7.7579479438604,-0.00428106833934197,0.995728082370792
338,1,"Staggered entry, calendar-event order",631,630,FALSE,NA,0.000354800314434444,-7.94395542129913,-0.00807417860779157,0.991958330019977
339,1,"Simultaneous entry, time-on-study order",631,624,FALSE,NA,0.000158509248377861,-8.74969761696206,0.0138001250565733,1.01389578632165
339,1,"Staggered entry, time-on-study order",631,624,FALSE,NA,0.000158509248377861,-8.74969761696206,0.0138001250565733,1.01389578632165
339,1,"Staggered entry, calendar-event order",631,625,FALSE,NA,0.0081151214298403,-4.81402611449965,0.016707487823614,1.01684783844426
340,1,"Simultaneous entry, time-on-study order",631,630,FALSE,NA,0.00563844956642509,-5.178146150834,-0.00924198868482984,0.990800587229601
340,1,"Staggered entry, time-on-study order",631,630,FALSE,NA,0.00563844956642509,-5.178146150834,-0.00924198868482984,0.990800587229601
340,1,"Staggered entry, calendar-event order",631,630,FALSE,NA,0.000131971872066325,-8.93292174849152,-0.00774386183895529,0.992286044612202
341,1,"Simultaneous entry, time-on-study order",631,630,FALSE,NA,0.139219774351708,-1.97170148404664,0.0933985938977044,1.09789926401107
341,1,"Staggered entry, time-on-study order",631,630,FALSE,NA,0.139219774351708,-1.97170148404664,0.0933985938977044,1.09789926401107
341,1,"Staggered entry, calendar-event order",631,630,FALSE,NA,0.145939668427485,-1.92456197262555,0.0865851050664787,1.09044416609216
342,1,"Simultaneous entry, time-on-study order",631,629,FALSE,NA,0.000116345167986992,-9.05894919905695,0.0283983884361753,1.02880546699081
342,1,"Staggered entry, time-on-study order",631,629,FALSE,NA,0.000116345167986992,-9.05894919905695,0.0283983884361753,1.02880546699081
342,1,"Staggered entry, calendar-event order",631,629,FALSE,NA,1.85680279833152e-06,-13.1966544749152,0.0292990494281069,1.02973248934699
343,1,"Simultaneous entry, time-on-study order",631,629,FALSE,NA,0.00273478331791256,-5.90170307187283,-0.0252303362319774,0.975085288688626
343,1,"Staggered entry, time-on-study order",631,629,FALSE,NA,0.00273478331791256,-5.90170307187283,-0.0252303362319774,0.975085288688626
343,1,"Staggered entry, calendar-event order",631,629,FALSE,NA,0.00187277442542488,-6.28033429767701,-0.0274162269372656,0.972956186659145
344,1,"Simultaneous entry, time-on-study order",631,630,FALSE,NA,0.0373052668764714,-3.28862075917803,0.0568629804673896,1.0585107638085
344,1,"Staggered entry, time-on-study order",631,630,FALSE,NA,0.0373052668764714,-3.28862075917803,0.0568629804673896,1.0585107638085
344,1,"Staggered entry, calendar-event order",631,630,FALSE,NA,0.0346114541296576,-3.36357060749175,0.0533109730670586,1.05475759532929
345,1,"Simultaneous entry, time-on-study order",631,628,FALSE,NA,0.000229106677619641,-8.38132282174653,-0.00998521394106958,0.990064472792581
345,1,"Staggered entry, time-on-study order",631,628,FALSE,NA,0.000229106677619641,-8.38132282174653,-0.00998521394106958,0.990064472792581
345,1,"Staggered entry, calendar-event order",631,628,FALSE,NA,0.000162875730063809,-8.72252304017285,-0.0085842966299528,0.991452443240552
346,1,"Simultaneous entry, time-on-study order",631,630,FALSE,NA,0.381464042518854,-0.963738685599174,0.123262141531188,1.13118091158075
346,1,"Staggered entry, time-on-study order",631,630,FALSE,NA,0.381464042518854,-0.963738685599174,0.123262141531188,1.13118091158075
346,1,"Staggered entry, calendar-event order",631,630,FALSE,NA,0.670281158866591,-0.400058014522017,0.123829294942847,1.13182264665787
347,1,"Simultaneous entry, time-on-study order",631,629,FALSE,NA,0.355715781079501,-1.03362323474958,0.114056696481662,1.12081566938781
347,1,"Staggered entry, time-on-study order",631,629,FALSE,NA,0.355715781079501,-1.03362323474958,0.114056696481662,1.12081566938781
347,1,"Staggered entry, calendar-event order",631,629,FALSE,NA,0.450925670590848,-0.796452763282006,0.11415601724959,1.12092699518919
348,1,"Simultaneous entry, time-on-study order",631,628,FALSE,NA,0.012488441385551,-4.38295175161856,-0.0461092684206251,0.954937611965071
348,1,"Staggered entry, time-on-study order",631,628,FALSE,NA,0.012488441385551,-4.38295175161856,-0.0461092684206251,0.954937611965071
348,1,"Staggered entry, calendar-event order",631,628,FALSE,NA,6.83918155077677e-05,-9.59025739681434,-0.0388797440316127,0.961866372363699
349,1,"Simultaneous entry, time-on-study order",631,629,FALSE,NA,0.458344400167018,-0.780134412022132,-0.115554417095854,0.890872092245982
349,1,"Staggered entry, time-on-study order",631,629,FALSE,NA,0.458344400167018,-0.780134412022132,-0.115554417095854,0.890872092245982
349,1,"Staggered entry, calendar-event order",631,628,FALSE,NA,0.520618521747863,-0.65273770935984,-0.12118312842118,0.885871716448863
350,1,"Simultaneous entry, time-on-study order",631,628,FALSE,NA,0.0704186014808699,-2.65329782513903,-0.0722566558946282,0.930292100217121
350,1,"Staggered entry, time-on-study order",631,628,FALSE,NA,0.0704186014808699,-2.65329782513903,-0.0722566558946282,0.930292100217121
350,1,"Staggered entry, calendar-event order",631,628,FALSE,NA,0.0350820557050176,-3.35006551270999,-0.0744637717844576,0.928241101968558
351,1,"Simultaneous entry, time-on-study order",631,630,FALSE,NA,0.0628962870505266,-2.76626814642144,0.0560612719159074,1.05766248675824
351,1,"Staggered entry, time-on-study order",631,630,FALSE,NA,0.0628962870505266,-2.76626814642144,0.0560612719159074,1.05766248675824
351,1,"Staggered entry, calendar-event order",631,629,FALSE,NA,0.0163311080394529,-4.11468352130394,0.0618021206893902,1.06375182942174
352,1,"Simultaneous entry, time-on-study order",631,630,FALSE,NA,0.0527599074663544,-2.94200370499441,0.0517368655136381,1.05309859949295
352,1,"Staggered entry, time-on-study order",631,630,FALSE,NA,0.0527599074663544,-2.94200370499441,0.0517368655136381,1.05309859949295
352,1,"Staggered entry, calendar-event order",631,630,FALSE,NA,0.0229027930900967,-3.7764964068597,0.0473743285318136,1.04851442449404
353,1,"Simultaneous entry, time-on-study order",631,629,FALSE,NA,0.00234481603904203,-6.05554832833082,0.0109317913202629,1.0109917616796
353,1,"Staggered entry, time-on-study order",631,629,FALSE,NA,0.00234481603904203,-6.05554832833082,0.0109317913202629,1.0109917616796
353,1,"Staggered entry, calendar-event order",631,629,FALSE,NA,0.00591176611682546,-5.13081065687226,0.00867274223152624,1.00871045941873
354,1,"Simultaneous entry, time-on-study order",631,628,FALSE,NA,0.100654343036898,-2.2960629779326,-0.0993590982310428,0.905417515810786
354,1,"Staggered entry, time-on-study order",631,628,FALSE,NA,0.100654343036898,-2.2960629779326,-0.0993590982310428,0.905417515810786
354,1,"Staggered entry, calendar-event order",631,629,FALSE,NA,0.136803578165736,-1.98920911795347,-0.0926652005008109,0.911498618497565
355,1,"Simultaneous entry, time-on-study order",631,630,FALSE,NA,0.00270193135766031,-5.91378844403762,0.0444047537697667,1.04540540104491
355,1,"Staggered entry, time-on-study order",631,630,FALSE,NA,0.00270193135766031,-5.91378844403762,0.0444047537697667,1.04540540104491
355,1,"Staggered entry, calendar-event order",631,629,FALSE,NA,0.0104673444811424,-4.55949491748802,0.0598700794235749,1.06169860109033
356,1,"Simultaneous entry, time-on-study order",631,630,FALSE,NA,0.00859230609128435,-4.75688811670071,-0.0686790104469992,0.933626316279516
356,1,"Staggered entry, time-on-study order",631,630,FALSE,NA,0.00859230609128435,-4.75688811670071,-0.0686790104469992,0.933626316279516
356,1,"Staggered entry, calendar-event order",631,630,FALSE,NA,0.0126266838982094,-4.37194293463878,-0.069113709936549,0.933220557594336
357,1,"Simultaneous entry, time-on-study order",631,629,FALSE,NA,0.0112396118338527,-4.48831096946766,0.0390144209608985,1.03978547824776
357,1,"Staggered entry, time-on-study order",631,629,FALSE,NA,0.0112396118338527,-4.48831096946766,0.0390144209608985,1.03978547824776
357,1,"Staggered entry, calendar-event order",631,629,FALSE,NA,0.0212357761976004,-3.8520679631371,0.03983972478476,1.04064397138907
358,1,"Simultaneous entry, time-on-study order",631,626,FALSE,NA,0.00314757299425692,-5.76112360112901,-0.0160981615728783,0.984030721310856
358,1,"Staggered entry, time-on-study order",631,626,FALSE,NA,0.00314757299425692,-5.76112360112901,-0.0160981615728783,0.984030721310856
358,1,"Staggered entry, calendar-event order",631,626,FALSE,NA,0.00750526597717697,-4.89215037452776,-0.0131637337036966,0.986922529309512
359,1,"Simultaneous entry, time-on-study order",631,630,FALSE,NA,0.0192315237590007,-3.95120448388308,-0.0446249700604298,0.956356076748653
359,1,"Staggered entry, time-on-study order",631,630,FALSE,NA,0.0192315237590007,-3.95120448388308,-0.0446249700604298,0.956356076748653
359,1,"Staggered entry, calendar-event order",631,630,FALSE,NA,0.0299783254788691,-3.50728064247505,-0.0378588865347083,0.962848802236077
360,1,"Simultaneous entry, time-on-study order",631,629,FALSE,NA,0.260813739759376,-1.3439487671909,-0.0970144754102539,0.907542868982839
360,1,"Staggered entry, time-on-study order",631,629,FALSE,NA,0.260813739759376,-1.3439487671909,-0.0970144754102539,0.907542868982839
360,1,"Staggered entry, calendar-event order",631,630,FALSE,NA,0.156230768029625,-1.85642108255156,-0.0995009703484398,0.905289071422244
361,1,"Simultaneous entry, time-on-study order",631,626,FALSE,NA,0.024495250492073,-3.70927603769065,0.0376689837432785,1.03838745285558
361,1,"Staggered entry, time-on-study order",631,626,FALSE,NA,0.024495250492073,-3.70927603769065,0.0376689837432785,1.03838745285558
361,1,"Staggered entry, calendar-event order",631,626,FALSE,NA,0.00432962733374251,-5.44227380678191,0.0401955621383237,1.04101433727695
362,1,"Simultaneous entry, time-on-study order",631,629,FALSE,NA,0.00102063115654298,-6.88733406212744,-0.0472976180800696,0.953803486181562
362,1,"Staggered entry, time-on-study order",631,629,FALSE,NA,0.00102063115654298,-6.88733406212744,-0.0472976180800696,0.953803486181562
362,1,"Staggered entry, calendar-event order",631,629,FALSE,NA,0.00557943321071343,-5.18866808288898,-0.0494440364069589,0.951758420466989
363,1,"Simultaneous entry, time-on-study order",631,626,FALSE,NA,0.000977538046906169,-6.93047334419606,-0.0451832996458449,0.955822263892435
363,1,"Staggered entry, time-on-study order",631,626,FALSE,NA,0.000977538046906169,-6.93047334419606,-0.0451832996458449,0.955822263892435
363,1,"Staggered entry, calendar-event order",631,625,FALSE,NA,0.00511964572532743,-5.27467003659674,-0.0474019040385342,0.953704023057212
364,1,"Simultaneous entry, time-on-study order",631,630,FALSE,NA,0.00164295058574928,-6.41126151600358,0.0710768708049883,1.07366375609345
364,1,"Staggered entry, time-on-study order",631,630,FALSE,NA,0.00164295058574928,-6.41126151600358,0.0710768708049883,1.07366375609345
364,1,"Staggered entry, calendar-event order",631,630,FALSE,NA,0.0212445298873212,-3.85165583381641,0.0693475186426077,1.07180861791114
365,1,"Simultaneous entry, time-on-study order",631,628,FALSE,NA,0.0858215294215606,-2.45548537830558,-0.0761795231553195,0.926649836523663
365,1,"Staggered entry, time-on-study order",631,628,FALSE,NA,0.0858215294215606,-2.45548537830558,-0.0761795231553195,0.926649836523663
365,1,"Staggered entry, calendar-event order",631,628,FALSE,NA,0.0199208305679612,-3.91598933251613,-0.0745103306267933,0.928197885143512
366,1,"Simultaneous entry, time-on-study order",631,629,FALSE,NA,0.0295951175984973,-3.52014587725392,0.0428671729092805,1.04379924082586
366,1,"Staggered entry, time-on-study order",631,629,FALSE,NA,0.0295951175984973,-3.52014587725392,0.0428671729092805,1.04379924082586
366,1,"Staggered entry, calendar-event order",631,630,FALSE,NA,0.00633504456168113,-5.06165843102997,0.0394667913296217,1.0402559527943
367,1,"Simultaneous entry, time-on-study order",631,630,FALSE,NA,0.000162059596650182,-8.72754640982667,0.00229960854915643,1.00230225467686
367,1,"Staggered entry, time-on-study order",631,630,FALSE,NA,0.000162059596650182,-8.72754640982667,0.00229960854915643,1.00230225467686
367,1,"Staggered entry, calendar-event order",631,630,FALSE,NA,0.00116587089481676,-6.75428692204127,0.00864077538463912,1.00867821464131
368,1,"Simultaneous entry, time-on-study order",631,629,FALSE,NA,0.00699000354523527,-4.96327421554981,-0.0266473541554042,0.973704553851726
368,1,"Staggered entry, time-on-study order",631,629,FALSE,NA,0.00699000354523527,-4.96327421554981,-0.0266473541554042,0.973704553851726
368,1,"Staggered entry, calendar-event order",631,629,FALSE,NA,0.00245048561811593,-6.01146906259091,-0.020823080841629,0.979392222490403
369,1,"Simultaneous entry, time-on-study order",631,630,FALSE,NA,0.0059730226310209,-5.12050217635234,-0.0314934179125215,0.968997334457971
369,1,"Staggered entry, time-on-study order",631,630,FALSE,NA,0.0059730226310209,-5.12050217635234,-0.0314934179125215,0.968997334457971
369,1,"Staggered entry, calendar-event order",631,630,FALSE,NA,0.00994396460149502,-4.61078948456536,-0.0322147308800885,0.968298636135463
370,1,"Simultaneous entry, time-on-study order",631,629,FALSE,NA,0.00237155844337428,-6.0442079688962,-0.0389545585981273,0.961794413439827
370,1,"Staggered entry, time-on-study order",631,629,FALSE,NA,0.00237155844337428,-6.0442079688962,-0.0389545585981273,0.961794413439827
370,1,"Staggered entry, calendar-event order",631,629,FALSE,NA,0.00259323890660584,-5.95484764145736,-0.0341791729514298,0.966398336682223
371,1,"Simultaneous entry, time-on-study order",631,629,FALSE,NA,0.000635409923104361,-7.36124021915234,-0.00705356189150826,0.992971256090164
371,1,"Staggered entry, time-on-study order",631,629,FALSE,NA,0.000635409923104361,-7.36124021915234,-0.00705356189150826,0.992971256090164
371,1,"Staggered entry, calendar-event order",631,629,FALSE,NA,0.000329713751722705,-8.01728569895143,-0.00192633428795997,0.998075519903146
372,1,"Simultaneous entry, time-on-study order",631,628,FALSE,NA,0.0058261225204829,-5.14540359071702,-0.029656338713932,0.970779095421495
372,1,"Staggered entry, time-on-study order",631,628,FALSE,NA,0.0058261225204829,-5.14540359071702,-0.029656338713932,0.970779095421495
372,1,"Staggered entry, calendar-event order",631,627,FALSE,NA,0.00219856668579158,-6.1199496373988,-0.0344372848572201,0.966148929954597
373,1,"Simultaneous entry, time-on-study order",631,628,FALSE,NA,0.000225588963011303,-8.39679596235937,0.0621817689449412,1.06415575761859
373,1,"Staggered entry, time-on-study order",631,628,FALSE,NA,0.000225588963011303,-8.39679596235937,0.0621817689449412,1.06415575761859
373,1,"Staggered entry, calendar-event order",631,630,FALSE,NA,0.0105046856209186,-4.55593387174711,0.0553914451583889,1.05695427334081
374,1,"Simultaneous entry, time-on-study order",631,630,FALSE,NA,0.000661079245686094,-7.32163683772501,-0.0795923383847049,0.92349274220336
374,1,"Staggered entry, time-on-study order",631,630,FALSE,NA,0.000661079245686094,-7.32163683772501,-0.0795923383847049,0.92349274220336
374,1,"Staggered entry, calendar-event order",631,630,FALSE,NA,0.0166331319675268,-4.09635867112677,-0.0848886593617143,0.918614557838965
375,1,"Simultaneous entry, time-on-study order",631,630,FALSE,NA,0.00142368878228776,-6.55450404164248,0.00209498632980941,1.00209718234694
375,1,"Staggered entry, time-on-study order",631,630,FALSE,NA,0.00142368878228776,-6.55450404164248,0.00209498632980941,1.00209718234694
375,1,"Staggered entry, calendar-event order",631,630,FALSE,NA,0.00145199317883119,-6.53481806036523,0.00743759386984533,1.00746532147072
376,1,"Simultaneous entry, time-on-study order",631,630,FALSE,NA,0.00700070871790846,-4.9617438896363,-0.0329765681892361,0.967561231035083
376,1,"Staggered entry, time-on-study order",631,630,FALSE,NA,0.00700070871790846,-4.9617438896363,-0.0329765681892361,0.967561231035083
376,1,"Staggered entry, calendar-event order",631,629,FALSE,NA,0.0116568668984851,-4.45185983927167,-0.0290149911309279,0.971401901944355
377,1,"Simultaneous entry, time-on-study order",631,629,FALSE,NA,0.000441502635251665,-7.72532656907813,-0.00247208561291894,0.997530967474371
377,1,"Staggered entry, time-on-study order",631,629,FALSE,NA,0.000441502635251665,-7.72532656907813,-0.00247208561291894,0.997530967474371
377,1,"Staggered entry, calendar-event order",631,629,FALSE,NA,0.000304884370093389,-8.09557796768682,-0.0013776642779586,0.998623284265831
378,1,"Simultaneous entry, time-on-study order",631,630,FALSE,NA,0.318834412577232,-1.14308339379742,-0.117013306753724,0.889573355751088
378,1,"Staggered entry, time-on-study order",631,630,FALSE,NA,0.318834412577232,-1.14308339379742,-0.117013306753724,0.889573355751088
378,1,"Staggered entry, calendar-event order",631,629,FALSE,NA,0.294567069862976,-1.22224856034944,-0.118027817677425,0.88867133149834
379,1,"Simultaneous entry, time-on-study order",631,629,FALSE,NA,0.00117952332007353,-6.74264488816021,0.0203945418853575,1.02060393160129
379,1,"Staggered entry, time-on-study order",631,629,FALSE,NA,0.00117952332007353,-6.74264488816021,0.0203945418853575,1.02060393160129
379,1,"Staggered entry, calendar-event order",631,629,FALSE,NA,0.00235558248023535,-6.05096724441712,0.0203757520427258,1.02058475479419
380,1,"Simultaneous entry, time-on-study order",631,629,FALSE,NA,0.0112419651372549,-4.48810161552298,0.053450635020597,1.05490491512281
380,1,"Staggered entry, time-on-study order",631,629,FALSE,NA,0.0112419651372549,-4.48810161552298,0.053450635020597,1.05490491512281
380,1,"Staggered entry, calendar-event order",631,628,FALSE,NA,0.000893264200317922,-7.02062816382588,0.0526345997734088,1.05404442667184
381,1,"Simultaneous entry, time-on-study order",631,630,FALSE,NA,0.0115411058721876,-4.46184019301454,0.022749598888218,1.02301034454516
381,1,"Staggered entry, time-on-study order",631,630,FALSE,NA,0.0115411058721876,-4.46184019301454,0.022749598888218,1.02301034454516
381,1,"Staggered entry, calendar-event order",631,630,FALSE,NA,0.000261046512334613,-8.25081195834018,0.0195337889553672,1.01972582174884
382,1,"Simultaneous entry, time-on-study order",631,630,FALSE,NA,0.000810826731570651,-7.11745617455318,-0.0320817370034856,0.9684274224885
382,1,"Staggered entry, time-on-study order",631,630,FALSE,NA,0.000810826731570651,-7.11745617455318,-0.0320817370034856,0.9684274224885
382,1,"Staggered entry, calendar-event order",631,630,FALSE,NA,0.00113818223695934,-6.7783228181731,-0.0277324321641327,0.972648581463159
383,1,"Simultaneous entry, time-on-study order",631,630,FALSE,NA,0.0019471323246655,-6.24139759153964,-0.0302362934361359,0.970216250728883
383,1,"Staggered entry, time-on-study order",631,630,FALSE,NA,0.0019471323246655,-6.24139759153964,-0.0302362934361359,0.970216250728883
383,1,"Staggered entry, calendar-event order",631,630,FALSE,NA,0.000943045835791701,-6.9663956701582,-0.0225417193309882,0.977710446916725
384,1,"Simultaneous entry, time-on-study order",631,625,FALSE,NA,0.0858208628056621,-2.45549314580276,0.109934734177855,1.11620521803027
384,1,"Staggered entry, time-on-study order",631,625,FALSE,NA,0.0858208628056621,-2.45549314580276,0.109934734177855,1.11620521803027
384,1,"Staggered entry, calendar-event order",631,625,FALSE,NA,0.331969344089073,-1.10271265141008,0.114886080980587,1.12174564212933
385,1,"Simultaneous entry, time-on-study order",631,630,FALSE,NA,0.0295948667142934,-3.52015435450583,-0.0809200094314064,0.922267461192743
385,1,"Staggered entry, time-on-study order",631,630,FALSE,NA,0.0295948667142934,-3.52015435450583,-0.0809200094314064,0.922267461192743
385,1,"Staggered entry, calendar-event order",631,628,FALSE,NA,0.058885961223341,-2.83215256608337,-0.0824562733079803,0.920851702775275
386,1,"Simultaneous entry, time-on-study order",631,625,FALSE,NA,2.66193405838619,0.979052948210878,0.169373456531819,1.18456243890908
386,1,"Staggered entry, time-on-study order",631,625,FALSE,NA,2.66193405838619,0.979052948210878,0.169373456531819,1.18456243890908
386,1,"Staggered entry, calendar-event order",631,626,FALSE,NA,1.37245160850924,0.316598635863206,0.164988506734591,1.17937956371115
387,1,"Simultaneous entry, time-on-study order",631,630,FALSE,NA,0.00179454878373493,-6.32300166260545,-0.0195603236628731,0.98062973822667
387,1,"Staggered entry, time-on-study order",631,630,FALSE,NA,0.00179454878373493,-6.32300166260545,-0.0195603236628731,0.98062973822667
387,1,"Staggered entry, calendar-event order",631,630,FALSE,NA,0.000433206685798196,-7.74429560944269,-0.0171284089550532,0.983017448286811
388,1,"Simultaneous entry, time-on-study order",631,629,FALSE,NA,0.000827686324792238,-7.09687631014703,-0.0128890347638194,0.987193673121809
388,1,"Staggered entry, time-on-study order",631,629,FALSE,NA,0.000827686324792238,-7.09687631014703,-0.0128890347638194,0.987193673121809
388,1,"Staggered entry, calendar-event order",631,629,FALSE,NA,0.00143168534440501,-6.54890296614895,-0.0162073297269474,0.983923302356934
389,1,"Simultaneous entry, time-on-study order",631,629,FALSE,NA,0.0273475822024192,-3.59912715612717,-0.0332849893144481,0.967262860725714
389,1,"Staggered entry, time-on-study order",631,629,FALSE,NA,0.0273475822024192,-3.59912715612717,-0.0332849893144481,0.967262860725714
389,1,"Staggered entry, calendar-event order",631,630,FALSE,NA,0.00984168465763738,-4.62112837752744,-0.0348801053170067,0.965721194153284
390,1,"Simultaneous entry, time-on-study order",631,630,FALSE,NA,2.84014941303959e-05,-10.4690688039558,-0.00734782183097709,0.992679107414387
390,1,"Staggered entry, time-on-study order",631,630,FALSE,NA,2.84014941303959e-05,-10.4690688039558,-0.00734782183097709,0.992679107414387
390,1,"Staggered entry, calendar-event order",631,630,FALSE,NA,1.17953003593093e-05,-11.3478093804599,-0.00361409031965002,0.99639243264421
391,1,"Simultaneous entry, time-on-study order",631,630,TRUE,413,10.1424523128747,2.3167298143743,0.199516967498156,1.22081292339629
391,1,"Staggered entry, time-on-study order",631,630,TRUE,413,10.1424523128747,2.3167298143743,0.199516967498156,1.22081292339629
391,1,"Staggered entry, calendar-event order",631,629,TRUE,376,10.5205470068486,2.3533302028065,0.19376925131247,1.21381616415217
392,1,"Simultaneous entry, time-on-study order",631,630,FALSE,NA,0.00287674441240421,-5.85109603659188,0.0479315341068083,1.04909882537742
392,1,"Staggered entry, time-on-study order",631,630,FALSE,NA,0.00287674441240421,-5.85109603659188,0.0479315341068083,1.04909882537742
392,1,"Staggered entry, calendar-event order",631,630,FALSE,NA,0.000714653067803579,-7.24371335288265,0.0432304051207076,1.04417845119893
393,1,"Simultaneous entry, time-on-study order",631,629,FALSE,NA,0.0117590451869481,-4.44313253139392,-0.0260592687313491,0.974277343715359
393,1,"Staggered entry, time-on-study order",631,629,FALSE,NA,0.0117590451869481,-4.44313253139392,-0.0260592687313491,0.974277343715359
393,1,"Staggered entry, calendar-event order",631,630,FALSE,NA,0.00757938802136946,-4.88232281855427,-0.0237515600521355,0.97652828826059
394,1,"Simultaneous entry, time-on-study order",631,628,FALSE,NA,0.147211768212357,-1.91588312878814,0.098237898683117,1.10322520971661
394,1,"Staggered entry, time-on-study order",631,628,FALSE,NA,0.147211768212357,-1.91588312878814,0.098237898683117,1.10322520971661
394,1,"Staggered entry, calendar-event order",631,628,FALSE,NA,0.123286535690931,-2.09324407436148,0.103652964589803,1.1092154510754
395,1,"Simultaneous entry, time-on-study order",631,630,FALSE,NA,0.358492600453727,-1.02584725945191,-0.113299452610165,0.892883243860819
395,1,"Staggered entry, time-on-study order",631,630,FALSE,NA,0.358492600453727,-1.02584725945191,-0.113299452610165,0.892883243860819
395,1,"Staggered entry, calendar-event order",631,630,FALSE,NA,0.338881109151521,-1.08210594358248,-0.115439378540725,0.890974582779347
396,1,"Simultaneous entry, time-on-study order",631,629,FALSE,NA,2.65570932050739e-05,-10.5362136819254,0.0272905365122781,1.02766633398674
396,1,"Staggered entry, time-on-study order",631,629,FALSE,NA,2.65570932050739e-05,-10.5362136819254,0.0272905365122781,1.02766633398674
396,1,"Staggered entry, calendar-event order",631,629,FALSE,NA,7.16884043262933e-05,-9.54318154831494,0.0261851509596713,1.02653099407802
397,1,"Simultaneous entry, time-on-study order",631,629,FALSE,NA,0.0128332409158145,-4.35571652774754,-0.0377084649146533,0.962993646406352
397,1,"Staggered entry, time-on-study order",631,629,FALSE,NA,0.0128332409158145,-4.35571652774754,-0.0377084649146533,0.962993646406352
397,1,"Staggered entry, calendar-event order",631,629,FALSE,NA,0.0193432662544687,-3.9454109172565,-0.0431677463403958,0.957750717413425
398,1,"Simultaneous entry, time-on-study order",631,630,FALSE,NA,0.00821372421896801,-4.80194883852224,0.0395393048382301,1.0403313881383
398,1,"Staggered entry, time-on-study order",631,630,FALSE,NA,0.00821372421896801,-4.80194883852224,0.0395393048382301,1.0403313881383
398,1,"Staggered entry, calendar-event order",631,630,FALSE,NA,0.0318732316814986,-3.4459887537013,0.0438271208614228,1.044801714854
399,1,"Simultaneous entry, time-on-study order",631,627,FALSE,NA,0.0420688353215125,-3.1684480660626,-0.0536840152763879,0.947731527877912
399,1,"Staggered entry, time-on-study order",631,627,FALSE,NA,0.0420688353215125,-3.1684480660626,-0.0536840152763879,0.947731527877912
399,1,"Staggered entry, calendar-event order",631,627,FALSE,NA,0.0384704586978284,-3.25786463876865,-0.0514930058965665,0.9498102930104
400,1,"Simultaneous entry, time-on-study order",631,629,FALSE,NA,0.00032567622457207,-8.0296068462831,-0.0434769635215458,0.957454610219417
400,1,"Staggered entry, time-on-study order",631,629,FALSE,NA,0.00032567622457207,-8.0296068462831,-0.0434769635215458,0.957454610219417
400,1,"Staggered entry, calendar-event order",631,629,FALSE,NA,0.000235497515842106,-8.3538101930046,-0.0402845634862178,0.960516072456931
401,1,"Simultaneous entry, time-on-study order",631,629,FALSE,NA,0.0202408519231742,-3.90005234438276,-0.0467931086659709,0.954284810425637
401,1,"Staggered entry, time-on-study order",631,629,FALSE,NA,0.0202408519231742,-3.90005234438276,-0.0467931086659709,0.954284810425637
401,1,"Staggered entry, calendar-event order",631,629,FALSE,NA,0.013552348756582,-4.30119540670891,-0.0448971459374246,0.95609581511482
402,1,"Simultaneous entry, time-on-study order",631,629,FALSE,NA,0.0161571434240595,-4.1253930098277,-0.0797078783218658,0.923386048073792
402,1,"Staggered entry, time-on-study order",631,629,FALSE,NA,0.0161571434240595,-4.1253930098277,-0.0797078783218658,0.923386048073792
402,1,"Staggered entry, calendar-event order",631,630,FALSE,NA,0.0198002117892967,-3.92206264490973,-0.0726409328564943,0.929934679073956
403,1,"Simultaneous entry, time-on-study order",631,629,FALSE,NA,0.0146045185729101,-4.22642430685518,0.0490438538350949,1.05026640793999
403,1,"Staggered entry, time-on-study order",631,629,FALSE,NA,0.0146045185729101,-4.22642430685518,0.0490438538350949,1.05026640793999
403,1,"Staggered entry, calendar-event order",631,629,FALSE,NA,0.0284873919743547,-3.55829367645422,0.048913185083574,1.0501291799056
404,1,"Simultaneous entry, time-on-study order",631,626,FALSE,NA,0.252100069008337,-1.37792917105432,-0.0974503966146184,0.90714733801881
404,1,"Staggered entry, time-on-study order",631,626,FALSE,NA,0.252100069008337,-1.37792917105432,-0.0974503966146184,0.90714733801881
404,1,"Staggered entry, calendar-event order",631,626,FALSE,NA,0.148740224608875,-1.90555395363097,-0.104508199807082,0.900767411257603
405,1,"Simultaneous entry, time-on-study order",631,630,FALSE,NA,0.0136022046483609,-4.29752339288084,0.0662745914097091,1.06852008332222
405,1,"Staggered entry, time-on-study order",631,630,FALSE,NA,0.0136022046483609,-4.29752339288084,0.0662745914097091,1.06852008332222
405,1,"Staggered entry, calendar-event order",631,630,FALSE,NA,0.0963968992488458,-2.33928124335136,0.0708123102999595,1.07337974463867
406,1,"Simultaneous entry, time-on-study order",631,630,TRUE,282,8.03989319034262,2.08441579831938,0.18910941178535,1.20817313363124
406,1,"Staggered entry, time-on-study order",631,630,TRUE,282,8.03989319034262,2.08441579831938,0.18910941178535,1.20817313363124
406,1,"Staggered entry, calendar-event order",631,630,TRUE,239,8.05785458677249,2.08664734078509,0.185044142082223,1.20327155386728
407,1,"Simultaneous entry, time-on-study order",631,630,FALSE,NA,0.00220893117191775,-6.11524651305685,-0.0279588193101701,0.972428411249498
407,1,"Staggered entry, time-on-study order",631,630,FALSE,NA,0.00220893117191775,-6.11524651305685,-0.0279588193101701,0.972428411249498
407,1,"Staggered entry, calendar-event order",631,630,FALSE,NA,0.0118240746756512,-4.4376175991965,-0.0236501040481666,0.976627367944509
408,1,"Simultaneous entry, time-on-study order",631,630,FALSE,NA,0.000262645465246532,-8.24470547609873,-0.0409214817023171,0.959904497055959
408,1,"Staggered entry, time-on-study order",631,630,FALSE,NA,0.000262645465246532,-8.24470547609873,-0.0409214817023171,0.959904497055959
408,1,"Staggered entry, calendar-event order",631,630,FALSE,NA,2.91714466041961e-06,-12.7449052761179,-0.0426452095715092,0.958251308155845
409,1,"Simultaneous entry, time-on-study order",631,629,FALSE,NA,0.00184300761865036,-6.29635646647209,0.0299194211410581,1.03037150444824
409,1,"Staggered entry, time-on-study order",631,629,FALSE,NA,0.00184300761865036,-6.29635646647209,0.0299194211410581,1.03037150444824
409,1,"Staggered entry, calendar-event order",631,630,FALSE,NA,0.0215995026003191,-3.83508499232017,0.0318377454482502,1.03234998823069
410,1,"Simultaneous entry, time-on-study order",631,630,FALSE,NA,0.0276200897977307,-3.58921187982124,-0.0655786066670835,0.936525426723719
410,1,"Staggered entry, time-on-study order",631,630,FALSE,NA,0.0276200897977307,-3.58921187982124,-0.0655786066670835,0.936525426723719
410,1,"Staggered entry, calendar-event order",631,630,FALSE,NA,0.020154851287632,-3.90431026087576,-0.0662129717152857,0.935931516124233
411,1,"Simultaneous entry, time-on-study order",631,628,FALSE,NA,0.0153466357636934,-4.17685899745888,-0.104074097055769,0.901158521754052
411,1,"Staggered entry, time-on-study order",631,628,FALSE,NA,0.0153466357636934,-4.17685899745888,-0.104074097055769,0.901158521754052
411,1,"Staggered entry, calendar-event order",631,628,FALSE,NA,0.00464407803798109,-5.37216241124352,-0.113014888436102,0.893137362598473
412,1,"Simultaneous entry, time-on-study order",631,629,FALSE,NA,0.067285109655865,-2.69881632006766,0.0929635091646812,1.0974216887033
412,1,"Staggered entry, time-on-study order",631,629,FALSE,NA,0.067285109655865,-2.69881632006766,0.0929635091646812,1.0974216887033
412,1,"Staggered entry, calendar-event order",631,629,FALSE,NA,0.0319717246698201,-3.44290337085872,0.095176649399005,1.09985312636041
413,1,"Simultaneous entry, time-on-study order",631,630,FALSE,NA,0.263930975739571,-1.3320676655532,0.103626459674187,1.10918605180309
413,1,"Staggered entry, time-on-study order",631,630,FALSE,NA,0.263930975739571,-1.3320676655532,0.103626459674187,1.10918605180309
413,1,"Staggered entry, calendar-event order",631,630,FALSE,NA,0.271648549356158,-1.30324614611976,0.108258553447787,1.11433582351223
414,1,"Simultaneous entry, time-on-study order",631,630,FALSE,NA,0.00148164006387322,-6.51460565348681,-0.040883044598618,0.959941393713749
414,1,"Staggered entry, time-on-study order",631,630,FALSE,NA,0.00148164006387322,-6.51460565348681,-0.040883044598618,0.959941393713749
414,1,"Staggered entry, calendar-event order",631,630,FALSE,NA,0.000666899282756023,-7.31287152381614,-0.0405462965221931,0.960264706565998
415,1,"Simultaneous entry, time-on-study order",631,630,TRUE,256,0.00731779668287533,-4.91744599592559,0.0172113063752285,1.01736027432595
415,1,"Staggered entry, time-on-study order",631,630,TRUE,256,0.00731779668287533,-4.91744599592559,0.0172113063752285,1.01736027432595
415,1,"Staggered entry, calendar-event order",631,630,FALSE,NA,0.00554259250728177,-5.19529292607962,0.0171963740411575,1.01734508287588
416,1,"Simultaneous entry, time-on-study order",631,630,FALSE,NA,0.000110451536450617,-9.11093371736994,0.0111492349242946,1.01121161927435
416,1,"Staggered entry, time-on-study order",631,630,FALSE,NA,0.000110451536450617,-9.11093371736994,0.0111492349242946,1.01121161927435
416,1,"Staggered entry, calendar-event order",631,629,FALSE,NA,0.000527145909207284,-7.54803318017766,0.0152621626938585,1.01537922427835
417,1,"Simultaneous entry, time-on-study order",631,628,FALSE,NA,0.712318640052699,-0.33922993951712,0.127402202971524,1.1358737777289
417,1,"Staggered entry, time-on-study order",631,628,FALSE,NA,0.712318640052699,-0.33922993951712,0.127402202971524,1.1358737777289
417,1,"Staggered entry, calendar-event order",631,628,FALSE,NA,0.839124084236667,-0.175396688055064,0.129474058529944,1.13822958373113
418,1,"Simultaneous entry, time-on-study order",631,630,FALSE,NA,0.135173668707353,-2.0011948924228,0.0773364397683455,1.08040550663135
418,1,"Staggered entry, time-on-study order",631,630,FALSE,NA,0.135173668707353,-2.0011948924228,0.0773364397683455,1.08040550663135
418,1,"Staggered entry, calendar-event order",631,630,FALSE,NA,0.117968855388397,-2.13733462674054,0.0778470902884034,1.08095735715457
419,1,"Simultaneous entry, time-on-study order",631,629,FALSE,NA,0.00010160782235863,-9.19439003406481,0.0303065913758457,1.03077051086225
419,1,"Staggered entry, time-on-study order",631,629,FALSE,NA,0.00010160782235863,-9.19439003406481,0.0303065913758457,1.03077051086225
419,1,"Staggered entry, calendar-event order",631,628,FALSE,NA,0.00124194033178708,-6.69108033866429,0.0331907851423855,1.03374774413938
420,1,"Simultaneous entry, time-on-study order",631,630,FALSE,NA,0.000261153459391439,-8.25040235640945,0.0288044913723056,1.02922335275824
420,1,"Staggered entry, time-on-study order",631,630,FALSE,NA,0.000261153459391439,-8.25040235640945,0.0288044913723056,1.02922335275824
420,1,"Staggered entry, calendar-event order",631,629,FALSE,NA,0.000244965033914277,-8.31439507632207,0.021199253796394,1.02142555428194
421,1,"Simultaneous entry, time-on-study order",631,630,FALSE,NA,0.00130538298732792,-6.64125880438376,0.0281332434632396,1.02853272055338
421,1,"Staggered entry, time-on-study order",631,630,FALSE,NA,0.00130538298732792,-6.64125880438376,0.0281332434632396,1.02853272055338
421,1,"Staggered entry, calendar-event order",631,630,FALSE,NA,0.000724798038240937,-7.22961750986039,0.0267811025371541,1.02714293916999
422,1,"Simultaneous entry, time-on-study order",631,630,FALSE,NA,0.0852464234269974,-2.46220911763412,-0.0860222697295802,0.917573796872292
422,1,"Staggered entry, time-on-study order",631,630,FALSE,NA,0.0852464234269974,-2.46220911763412,-0.0860222697295802,0.917573796872292
422,1,"Staggered entry, calendar-event order",631,630,FALSE,NA,0.0017461735607997,-6.35032842169423,-0.0861643123906971,0.917443471504513
423,1,"Simultaneous entry, time-on-study order",631,630,FALSE,NA,0.0615949156373158,-2.7871759502044,0.0655164021322532,1.0677102498946
423,1,"Staggered entry, time-on-study order",631,630,FALSE,NA,0.0615949156373158,-2.7871759502044,0.0655164021322532,1.0677102498946
423,1,"Staggered entry, calendar-event order",631,630,FALSE,NA,0.0568218895656347,-2.86783364781804,0.0605955368327544,1.06246909765424
424,1,"Simultaneous entry, time-on-study order",631,630,FALSE,NA,4.80471842579712,1.56959844045485,0.190323999642528,1.20964145757243
424,1,"Staggered entry, time-on-study order",631,630,FALSE,NA,4.80471842579712,1.56959844045485,0.190323999642528,1.20964145757243
424,1,"Staggered entry, calendar-event order",631,630,FALSE,NA,1.92203703497948,0.653385579342412,0.189462786551312,1.20860014697301
425,1,"Simultaneous entry, time-on-study order",631,628,FALSE,NA,0.0308646039898085,-3.4781452536152,-0.0636210660984573,0.938360508777867
425,1,"Staggered entry, time-on-study order",631,628,FALSE,NA,0.0308646039898085,-3.4781452536152,-0.0636210660984573,0.938360508777867
425,1,"Staggered entry, calendar-event order",631,628,FALSE,NA,0.0562693626220233,-2.8776050727377,-0.0671266732085315,0.935076744662822
426,1,"Simultaneous entry, time-on-study order",631,629,FALSE,NA,0.00278415951429357,-5.88380924135051,-0.036238607494746,0.964410150537372
426,1,"Staggered entry, time-on-study order",631,629,FALSE,NA,0.00278415951429357,-5.88380924135051,-0.036238607494746,0.964410150537372
426,1,"Staggered entry, calendar-event order",631,630,FALSE,NA,0.0234111747935469,-3.75454181533193,-0.0381048087632142,0.962612045425991
427,1,"Simultaneous entry, time-on-study order",631,630,FALSE,NA,0.0477845407198044,-3.0410531076986,-0.0546007393954655,0.94686311763502
427,1,"Staggered entry, time-on-study order",631,630,FALSE,NA,0.0477845407198044,-3.0410531076986,-0.0546007393954655,0.94686311763502
427,1,"Staggered entry, calendar-event order",631,630,FALSE,NA,0.0502388004829522,-2.99096763284464,-0.0536599465877121,0.947754338807518
428,1,"Simultaneous entry, time-on-study order",631,630,FALSE,NA,0.23989157904912,-1.42756821167371,0.0934114163158874,1.09791334182482
428,1,"Staggered entry, time-on-study order",631,630,FALSE,NA,0.23989157904912,-1.42756821167371,0.0934114163158874,1.09791334182482
428,1,"Staggered entry, calendar-event order",631,630,FALSE,NA,0.175445625243807,-1.74042611175334,0.0895976943138046,1.09373417970329
429,1,"Simultaneous entry, time-on-study order",631,630,FALSE,NA,0.000835158444934327,-7.08788909670214,0.0170055675874718,1.01715098538656
429,1,"Staggered entry, time-on-study order",631,630,FALSE,NA,0.000835158444934327,-7.08788909670214,0.0170055675874718,1.01715098538656
429,1,"Staggered entry, calendar-event order",631,630,FALSE,NA,0.0118521607242575,-4.43524508842305,0.0231378594652871,1.02340761624936
430,1,"Simultaneous entry, time-on-study order",631,627,FALSE,NA,0.016098540845436,-4.1290266418172,-0.0653766320374562,0.936714600203397
430,1,"Staggered entry, time-on-study order",631,627,FALSE,NA,0.016098540845436,-4.1290266418172,-0.0653766320374562,0.936714600203397
430,1,"Staggered entry, calendar-event order",631,627,FALSE,NA,0.01929644253082,-3.94783452488918,-0.0596473439262967,0.942096711135789
431,1,"Simultaneous entry, time-on-study order",631,630,FALSE,NA,0.00115820396159291,-6.7608847827045,-0.0407445018611294,0.960074395835289
431,1,"Staggered entry, time-on-study order",631,630,FALSE,NA,0.00115820396159291,-6.7608847827045,-0.0407445018611294,0.960074395835289
431,1,"Staggered entry, calendar-event order",631,630,FALSE,NA,0.000660053709320605,-7.3231893484963,-0.0459957311500492,0.95504603913025
432,1,"Simultaneous entry, time-on-study order",631,630,FALSE,NA,0.0170521636848141,-4.07147818096889,-0.0786934610844103,0.924323222060141
432,1,"Staggered entry, time-on-study order",631,630,FALSE,NA,0.0170521636848141,-4.07147818096889,-0.0786934610844103,0.924323222060141
432,1,"Staggered entry, calendar-event order",631,630,FALSE,NA,0.00157125628604257,-6.45587979740429,-0.0833993907898741,0.919983640842691
433,1,"Simultaneous entry, time-on-study order",631,630,FALSE,NA,0.00780362354777635,-4.85316709575275,-0.039621355690226,0.961153305489961
433,1,"Staggered entry, time-on-study order",631,630,FALSE,NA,0.00780362354777635,-4.85316709575275,-0.039621355690226,0.961153305489961
433,1,"Staggered entry, calendar-event order",631,630,FALSE,NA,0.0157338450812769,-4.15194114923536,-0.0340913653702405,0.96648319750829
434,1,"Simultaneous entry, time-on-study order",631,630,FALSE,NA,0.000295141710285627,-8.12805494311745,-0.0130767058379453,0.98700842280841
434,1,"Staggered entry, time-on-study order",631,630,FALSE,NA,0.000295141710285627,-8.12805494311745,-0.0130767058379453,0.98700842280841
434,1,"Staggered entry, calendar-event order",631,630,FALSE,NA,0.000820650422231863,-7.1054133342774,-0.0120747981705486,0.987997809669384
435,1,"Simultaneous entry, time-on-study order",631,630,FALSE,NA,0.00118896609263128,-6.73467117923161,-0.0617731572835925,0.940096116562129
435,1,"Staggered entry, time-on-study order",631,630,FALSE,NA,0.00118896609263128,-6.73467117923161,-0.0617731572835925,0.940096116562129
435,1,"Staggered entry, calendar-event order",631,630,FALSE,NA,0.0132981283206576,-4.32013198142762,-0.0628369769952966,0.939096555553054
436,1,"Simultaneous entry, time-on-study order",631,628,FALSE,NA,0.00103296841460311,-6.87531866568857,0.0268492244591833,1.02721291250453
436,1,"Staggered entry, time-on-study order",631,628,FALSE,NA,0.00103296841460311,-6.87531866568857,0.0268492244591833,1.02721291250453
436,1,"Staggered entry, calendar-event order",631,628,FALSE,NA,0.0015361201727175,-6.47849540987076,0.0249004226209629,1.02521302741521
437,1,"Simultaneous entry, time-on-study order",631,630,FALSE,NA,0.0154469692278684,-4.17034246136255,-0.065402744586752,0.936690140516577
437,1,"Staggered entry, time-on-study order",631,630,FALSE,NA,0.0154469692278684,-4.17034246136255,-0.065402744586752,0.936690140516577
437,1,"Staggered entry, calendar-event order",631,630,FALSE,NA,0.00098200443775243,-6.92591473052386,-0.0620698457072591,0.93981724229864
438,1,"Simultaneous entry, time-on-study order",631,628,FALSE,NA,0.60079456743369,-0.509502220793983,0.125143467746947,1.1333110349847
438,1,"Staggered entry, time-on-study order",631,628,FALSE,NA,0.60079456743369,-0.509502220793983,0.125143467746947,1.1333110349847
438,1,"Staggered entry, calendar-event order",631,628,FALSE,NA,0.377399100497781,-0.974452029469233,0.119697429493727,1.12715575589152
439,1,"Simultaneous entry, time-on-study order",631,630,FALSE,NA,1.36099704215341e-05,-11.2047079145925,-0.0201869540668271,0.98001543830728
439,1,"Staggered entry, time-on-study order",631,630,FALSE,NA,1.36099704215341e-05,-11.2047079145925,-0.0201869540668271,0.98001543830728
439,1,"Staggered entry, calendar-event order",631,630,FALSE,NA,0.0134929147143959,-4.30559056728303,-0.0288099123542244,0.971601136286763
440,1,"Simultaneous entry, time-on-study order",631,626,FALSE,NA,0.00946728735665145,-4.65991285878897,-0.0272060249475074,0.973160725482009
440,1,"Staggered entry, time-on-study order",631,626,FALSE,NA,0.00946728735665145,-4.65991285878897,-0.0272060249475074,0.973160725482009
440,1,"Staggered entry, calendar-event order",631,627,FALSE,NA,0.00807861163412896,-4.81853524867245,-0.0211814946268403,0.979041257715797
441,1,"Simultaneous entry, time-on-study order",631,630,FALSE,NA,0.0453643340953733,-3.09302907528734,-0.0539810528609,0.94745005779977
441,1,"Staggered entry, time-on-study order",631,630,FALSE,NA,0.0453643340953733,-3.09302907528734,-0.0539810528609,0.94745005779977
441,1,"Staggered entry, calendar-event order",631,630,FALSE,NA,0.0604869748198615,-2.80532722935774,-0.0572798356466584,0.944329775255474
442,1,"Simultaneous entry, time-on-study order",631,630,FALSE,NA,1.45182650520961,0.372822422493253,0.172645338979904,1.18844453538004
442,1,"Staggered entry, time-on-study order",631,630,FALSE,NA,1.45182650520961,0.372822422493253,0.172645338979904,1.18844453538004
442,1,"Staggered entry, calendar-event order",631,630,FALSE,NA,0.0160994899335765,-4.1289676886379,0.169275189961733,1.18444604174022
443,1,"Simultaneous entry, time-on-study order",631,626,FALSE,NA,0.0113006178799474,-4.48289787511735,0.05340315512602,1.05485482953769
443,1,"Staggered entry, time-on-study order",631,626,FALSE,NA,0.0113006178799474,-4.48289787511735,0.05340315512602,1.05485482953769
443,1,"Staggered entry, calendar-event order",631,629,FALSE,NA,0.0116481404047749,-4.4526087336191,0.0549861909717236,1.05652602497701
444,1,"Simultaneous entry, time-on-study order",631,630,FALSE,NA,2.50825814551414e-05,-10.593336918663,0.0155128218040566,1.01563377023202
444,1,"Staggered entry, time-on-study order",631,630,FALSE,NA,2.50825814551414e-05,-10.593336918663,0.0155128218040566,1.01563377023202
444,1,"Staggered entry, calendar-event order",631,630,FALSE,NA,0.000998785268403814,-6.90897074896277,0.0166466262398446,1.01678595335759
445,1,"Simultaneous entry, time-on-study order",631,629,FALSE,NA,0.0311709790363007,-3.46826777612604,-0.049934799065796,0.951291447569793
445,1,"Staggered entry, time-on-study order",631,629,FALSE,NA,0.0311709790363007,-3.46826777612604,-0.049934799065796,0.951291447569793
445,1,"Staggered entry, calendar-event order",631,628,FALSE,NA,0.0238767777083274,-3.73484893639974,-0.0473127174055426,0.953789084501015
446,1,"Simultaneous entry, time-on-study order",631,630,FALSE,NA,0.00855788261157712,-4.76090247788725,0.0399125730633436,1.04071978327235
446,1,"Staggered entry, time-on-study order",631,630,FALSE,NA,0.00855788261157712,-4.76090247788725,0.0399125730633436,1.04071978327235
446,1,"Staggered entry, calendar-event order",631,630,FALSE,NA,0.000828076691184092,-7.09640478566518,0.0379143203440956,1.03864223855644
447,1,"Simultaneous entry, time-on-study order",631,630,FALSE,NA,0.000306486164520265,-8.09033794383438,-0.0400790134108952,0.960713526900666
447,1,"Staggered entry, time-on-study order",631,630,FALSE,NA,0.000306486164520265,-8.09033794383438,-0.0400790134108952,0.960713526900666
447,1,"Staggered entry, calendar-event order",631,630,FALSE,NA,0.00429965008550049,-5.44922163505879,-0.0468847862721743,0.954197327888737
448,1,"Simultaneous entry, time-on-study order",631,630,FALSE,NA,0.000681570567690539,-7.2911107645867,0.00728128387222873,1.00730785687568
448,1,"Staggered entry, time-on-study order",631,630,FALSE,NA,0.000681570567690539,-7.2911107645867,0.00728128387222873,1.00730785687568
448,1,"Staggered entry, calendar-event order",631,630,FALSE,NA,0.00158179996443058,-6.44919186236563,0.00242286861695234,1.00242580613505
449,1,"Simultaneous entry, time-on-study order",631,630,TRUE,226,1.02682470634949,0.0264712312266313,-0.131251465869938,0.876997211793426
449,1,"Staggered entry, time-on-study order",631,630,TRUE,226,1.02682470634949,0.0264712312266313,-0.131251465869938,0.876997211793426
449,1,"Staggered entry, calendar-event order",631,628,FALSE,NA,0.582332801656474,-0.540713170527814,-0.129858404178748,0.878219774367288
450,1,"Simultaneous entry, time-on-study order",631,629,FALSE,NA,0.000448658366491105,-7.70924883624718,-0.0752988317200082,0.927466288566612
450,1,"Staggered entry, time-on-study order",631,629,FALSE,NA,0.000448658366491105,-7.70924883624718,-0.0752988317200082,0.927466288566612
450,1,"Staggered entry, calendar-event order",631,628,FALSE,NA,0.00927109674181388,-4.68085359552727,-0.0757574288714881,0.927041052682017
451,1,"Simultaneous entry, time-on-study order",631,629,FALSE,NA,0.0155599417850586,-4.16305550155903,-0.04594583571089,0.955093692760629
451,1,"Staggered entry, time-on-study order",631,629,FALSE,NA,0.0155599417850586,-4.16305550155903,-0.04594583571089,0.955093692760629
451,1,"Staggered entry, calendar-event order",631,629,FALSE,NA,0.019795327116335,-3.92230937336053,-0.0493746770350946,0.951824436122575
452,1,"Simultaneous entry, time-on-study order",631,630,FALSE,NA,0.0057855689566384,-5.15238857284614,0.0620836980862032,1.06405140006691
452,1,"Staggered entry, time-on-study order",631,630,FALSE,NA,0.0057855689566384,-5.15238857284614,0.0620836980862032,1.06405140006691
452,1,"Staggered entry, calendar-event order",631,630,FALSE,NA,0.0101441398306445,-4.59085909681558,0.0575759632680702,1.05926573288543
453,1,"Simultaneous entry, time-on-study order",631,630,FALSE,NA,0.00687600225869617,-4.97971786297174,0.0316967471158513,1.03220443886525
453,1,"Staggered entry, time-on-study order",631,630,FALSE,NA,0.00687600225869617,-4.97971786297174,0.0316967471158513,1.03220443886525
453,1,"Staggered entry, calendar-event order",631,630,FALSE,NA,0.0198200678684579,-3.92106032584509,0.0379932088979394,1.03872417877263
454,1,"Simultaneous entry, time-on-study order",631,629,FALSE,NA,0.00565258346696338,-5.1756425875411,0.0222362322651823,1.02248529996096
454,1,"Staggered entry, time-on-study order",631,629,FALSE,NA,0.00565258346696338,-5.1756425875411,0.0222362322651823,1.02248529996096
454,1,"Staggered entry, calendar-event order",631,629,FALSE,NA,0.0119382553498561,-4.42800729979647,0.021220550828015,1.02144730784591
455,1,"Simultaneous entry, time-on-study order",631,630,FALSE,NA,0.00284466763997747,-5.86230904073165,0.0214969527601041,1.0217296768772
455,1,"Staggered entry, time-on-study order",631,630,FALSE,NA,0.00284466763997747,-5.86230904073165,0.0214969527601041,1.0217296768772
455,1,"Staggered entry, calendar-event order",631,630,FALSE,NA,0.00618716496790704,-5.08527829915419,0.0315796932236411,1.03208362238928
456,1,"Simultaneous entry, time-on-study order",631,630,FALSE,NA,0.000371218153145106,-7.89872065430104,-0.0368832014543115,0.96378869789362
456,1,"Staggered entry, time-on-study order",631,630,FALSE,NA,0.000371218153145106,-7.89872065430104,-0.0368832014543115,0.96378869789362
456,1,"Staggered entry, calendar-event order",631,630,FALSE,NA,0.00885641359028704,-4.7266133829627,-0.0376350907832408,0.963064307821041
457,1,"Simultaneous entry, time-on-study order",631,623,FALSE,NA,0.0897162795247738,-2.41110303781395,-0.0803869518763843,0.922759213885282
457,1,"Staggered entry, time-on-study order",631,623,FALSE,NA,0.0897162795247738,-2.41110303781395,-0.0803869518763843,0.922759213885282
457,1,"Staggered entry, calendar-event order",631,625,FALSE,NA,0.153741076160019,-1.87248541521561,-0.08179556084676,0.92146032200925
458,1,"Simultaneous entry, time-on-study order",631,630,FALSE,NA,0.000299151541287388,-8.11456028591892,-0.046571043312081,0.954496747550852
458,1,"Staggered entry, time-on-study order",631,630,FALSE,NA,0.000299151541287388,-8.11456028591892,-0.046571043312081,0.954496747550852
458,1,"Staggered entry, calendar-event order",631,630,FALSE,NA,0.0134472949975415,-4.30897730858513,-0.0447398587962275,0.956246208519455
459,1,"Simultaneous entry, time-on-study order",631,630,FALSE,NA,0.000100354275400707,-9.20680387873954,-0.0107307988711837,0.989326570760326
459,1,"Staggered entry, time-on-study order",631,630,FALSE,NA,0.000100354275400707,-9.20680387873954,-0.0107307988711837,0.989326570760326
459,1,"Staggered entry, calendar-event order",631,630,FALSE,NA,2.60914890941766e-05,-10.5539013851597,-0.00648602773409464,0.99353496114113
460,1,"Simultaneous entry, time-on-study order",631,630,FALSE,NA,0.0227323620548625,-3.78396572857298,-0.0448790732652799,0.956113094477168
460,1,"Staggered entry, time-on-study order",631,630,FALSE,NA,0.0227323620548625,-3.78396572857298,-0.0448790732652799,0.956113094477168
460,1,"Staggered entry, calendar-event order",631,630,FALSE,NA,0.0303542076029701,-3.49482013507352,-0.0484531899606313,0.952701934277131
461,1,"Simultaneous entry, time-on-study order",631,628,TRUE,335,2.40575715812572,0.877864680673712,-0.165272308197385,0.847662847115331
461,1,"Staggered entry, time-on-study order",631,628,TRUE,335,2.40575715812572,0.877864680673712,-0.165272308197385,0.847662847115331
461,1,"Staggered entry, calendar-event order",631,628,FALSE,NA,0.190750093317145,-1.65679111960592,-0.160601019040451,0.851631788200357
462,1,"Simultaneous entry, time-on-study order",631,629,FALSE,NA,0.0010980419458998,-6.81422673452995,-0.0255718120919908,0.974752377444896
462,1,"Staggered entry, time-on-study order",631,629,FALSE,NA,0.0010980419458998,-6.81422673452995,-0.0255718120919908,0.974752377444896
462,1,"Staggered entry, calendar-event order",631,629,FALSE,NA,0.00169419343036861,-6.38054850369326,-0.0255325670174827,0.974790632425231
463,1,"Simultaneous entry, time-on-study order",631,630,FALSE,NA,0.00991797812096544,-4.61340619691022,-0.0271022078815969,0.973261761417724
463,1,"Staggered entry, time-on-study order",631,630,FALSE,NA,0.00991797812096544,-4.61340619691022,-0.0271022078815969,0.973261761417724
463,1,"Staggered entry, calendar-event order",631,630,FALSE,NA,0.0230449578829021,-3.77030828041376,-0.028865574384863,0.971547056499655
464,1,"Simultaneous entry, time-on-study order",631,630,FALSE,NA,0.00251772839657948,-5.98439821391987,0.0219675746185018,1.02221063836313
464,1,"Staggered entry, time-on-study order",631,630,FALSE,NA,0.00251772839657948,-5.98439821391987,0.0219675746185018,1.02221063836313
464,1,"Staggered entry, calendar-event order",631,630,FALSE,NA,0.00306824485824743,-5.78664958828129,0.0231250691047201,1.02339452658065
465,1,"Simultaneous entry, time-on-study order",631,629,FALSE,NA,0.0598898623930269,-2.81524803037034,0.1037797655998,1.10935610963254
465,1,"Staggered entry, time-on-study order",631,629,FALSE,NA,0.0598898623930269,-2.81524803037034,0.1037797655998,1.10935610963254
465,1,"Staggered entry, calendar-event order",631,629,FALSE,NA,0.0219771016555193,-3.81775420150755,0.108787666823266,1.114925589514
466,1,"Simultaneous entry, time-on-study order",631,628,FALSE,NA,0.00159226546082213,-6.44259745871307,0.00665234817276199,1.00667452418779
466,1,"Staggered entry, time-on-study order",631,628,FALSE,NA,0.00159226546082213,-6.44259745871307,0.00665234817276199,1.00667452418779
466,1,"Staggered entry, calendar-event order",631,628,FALSE,NA,0.000195177515202882,-8.54160107912981,0.00768720405118402,1.0077168264601
467,1,"Simultaneous entry, time-on-study order",631,630,FALSE,NA,0.00113293165954807,-6.78294661689487,0.0166546460435094,1.016794107814
467,1,"Staggered entry, time-on-study order",631,630,FALSE,NA,0.00113293165954807,-6.78294661689487,0.0166546460435094,1.016794107814
467,1,"Staggered entry, calendar-event order",631,630,FALSE,NA,0.00214141415835943,-6.14628884653159,0.0152072663504722,1.01532348520174
468,1,"Simultaneous entry, time-on-study order",631,630,FALSE,NA,0.000447125860527565,-7.71267043580754,-0.0552774527588994,0.946222579464787
468,1,"Staggered entry, time-on-study order",631,630,FALSE,NA,0.000447125860527565,-7.71267043580754,-0.0552774527588994,0.946222579464787
468,1,"Staggered entry, calendar-event order",631,630,FALSE,NA,0.00428901296140912,-5.45169865144004,-0.0621597371773925,0.939732764542045
469,1,"Simultaneous entry, time-on-study order",631,628,FALSE,NA,0.00102626882071267,-6.88182555805991,0.0573666721221334,1.05904406114412
469,1,"Staggered entry, time-on-study order",631,628,FALSE,NA,0.00102626882071267,-6.88182555805991,0.0573666721221334,1.05904406114412
469,1,"Staggered entry, calendar-event order",631,628,FALSE,NA,0.00393707443240433,-5.53731736133074,0.0507011717684351,1.05200847647462
470,1,"Simultaneous entry, time-on-study order",631,630,FALSE,NA,0.000144679435853987,-8.84099005015542,-0.000944494112962227,0.99905595178121
470,1,"Staggered entry, time-on-study order",631,630,FALSE,NA,0.000144679435853987,-8.84099005015542,-0.000944494112962227,0.99905595178121
470,1,"Staggered entry, calendar-event order",631,630,FALSE,NA,0.000870719536508307,-7.04619063467807,-0.00347733308544197,0.996528705835444
471,1,"Simultaneous entry, time-on-study order",631,630,FALSE,NA,0.128938908216998,-2.04841656650795,-0.0730974229321783,0.92951026999856
471,1,"Staggered entry, time-on-study order",631,630,FALSE,NA,0.128938908216998,-2.04841656650795,-0.0730974229321783,0.92951026999856
471,1,"Staggered entry, calendar-event order",631,630,FALSE,NA,0.0631126831244228,-2.76283352924579,-0.0696101831634434,0.932757353566416
472,1,"Simultaneous entry, time-on-study order",631,630,FALSE,NA,0.00341537773412133,-5.67946718179182,-0.0185533704027976,0.981617683862566
472,1,"Staggered entry, time-on-study order",631,630,FALSE,NA,0.00341537773412133,-5.67946718179182,-0.0185533704027976,0.981617683862566
472,1,"Staggered entry, calendar-event order",631,630,FALSE,NA,0.000110258625391833,-9.11268181185095,-0.021276104006332,0.978948635611437
473,1,"Simultaneous entry, time-on-study order",631,630,FALSE,NA,0.00176700208345999,-6.33847090655077,0.0191284847163301,1.01931260629527
473,1,"Staggered entry, time-on-study order",631,630,FALSE,NA,0.00176700208345999,-6.33847090655077,0.0191284847163301,1.01931260629527
473,1,"Staggered entry, calendar-event order",631,630,FALSE,NA,0.00141474620387321,-6.56080512519443,0.0156125490297945,1.01573506162096
474,1,"Simultaneous entry, time-on-study order",631,628,FALSE,NA,0.0239426316657775,-3.73209465733427,0.0735036679118779,1.07627248433728
474,1,"Staggered entry, time-on-study order",631,628,FALSE,NA,0.0239426316657775,-3.73209465733427,0.0735036679118779,1.07627248433728
474,1,"Staggered entry, calendar-event order",631,628,FALSE,NA,0.0301485765794233,-3.50161756821951,0.0811233399227689,1.08450465103786
475,1,"Simultaneous entry, time-on-study order",631,629,FALSE,NA,1.8372827601645,0.608287719354822,-0.161990348130526,0.850449412927347
475,1,"Staggered entry, time-on-study order",631,629,FALSE,NA,1.8372827601645,0.608287719354822,-0.161990348130526,0.850449412927347
475,1,"Staggered entry, calendar-event order",631,629,FALSE,NA,2.00156421412868,0.693928981937932,-0.162802563304265,0.849758945451709
476,1,"Simultaneous entry, time-on-study order",631,630,FALSE,NA,7.43950665794636e-06,-11.8087060207337,-0.00323856328376244,0.996766675205723
476,1,"Staggered entry, time-on-study order",631,630,FALSE,NA,7.43950665794636e-06,-11.8087060207337,-0.00323856328376244,0.996766675205723
476,1,"Staggered entry, calendar-event order",631,630,FALSE,NA,5.93817012510742e-06,-12.0341095317961,-0.00612942528405504,0.993889321321572
477,1,"Simultaneous entry, time-on-study order",631,630,FALSE,NA,0.00455861296495143,-5.390736876079,-0.0298707142753596,0.970571006413287
477,1,"Staggered entry, time-on-study order",631,630,FALSE,NA,0.00455861296495143,-5.390736876079,-0.0298707142753596,0.970571006413287
477,1,"Staggered entry, calendar-event order",631,630,FALSE,NA,0.00876730371773096,-4.7367259636849,-0.0223567497703004,0.977891310315167
478,1,"Simultaneous entry, time-on-study order",631,629,FALSE,NA,0.0067243643538959,-5.0020178778283,0.0138497276441248,1.01394607942348
478,1,"Staggered entry, time-on-study order",631,629,FALSE,NA,0.0067243643538959,-5.0020178778283,0.0138497276441248,1.01394607942348
478,1,"Staggered entry, calendar-event order",631,630,FALSE,NA,0.00262702567912121,-5.94190299325182,0.0148368795497928,1.01494749242008
479,1,"Simultaneous entry, time-on-study order",631,630,FALSE,NA,9.71091972885891e-06,-11.5422595603878,0.0128786721891564,1.01296195944688
479,1,"Staggered entry, time-on-study order",631,630,FALSE,NA,9.71091972885891e-06,-11.5422595603878,0.0128786721891564,1.01296195944688
479,1,"Staggered entry, calendar-event order",631,630,FALSE,NA,0.00105183833888208,-6.85721584673929,0.0143835882399665,1.01448752979824
480,1,"Simultaneous entry, time-on-study order",631,630,FALSE,NA,0.0050378763895612,-5.29077063696979,-0.0468375444601878,0.9542424069643
480,1,"Staggered entry, time-on-study order",631,630,FALSE,NA,0.0050378763895612,-5.29077063696979,-0.0468375444601878,0.9542424069643
480,1,"Staggered entry, calendar-event order",631,629,FALSE,NA,0.0241753956511922,-3.72241987164673,-0.0352002385311835,0.965412084204221
481,1,"Simultaneous entry, time-on-study order",631,629,FALSE,NA,0.000560258173460485,-7.48711285643743,-0.0118764816482279,0.988193765389044
481,1,"Staggered entry, time-on-study order",631,629,FALSE,NA,0.000560258173460485,-7.48711285643743,-0.0118764816482279,0.988193765389044
481,1,"Staggered entry, calendar-event order",631,628,FALSE,NA,0.00159869480389532,-6.43856773020493,-0.0194489851353407,0.980738926176078
482,1,"Simultaneous entry, time-on-study order",631,630,FALSE,NA,0.00484058928537771,-5.3307188124877,-0.0527525407607626,0.948614726918625
482,1,"Staggered entry, time-on-study order",631,630,FALSE,NA,0.00484058928537771,-5.3307188124877,-0.0527525407607626,0.948614726918625
482,1,"Staggered entry, calendar-event order",631,630,FALSE,NA,0.0075811910781707,-4.88208495734885,-0.0585814705204118,0.943101402307642
483,1,"Simultaneous entry, time-on-study order",631,630,FALSE,NA,0.0229492329404276,-3.7744707661092,0.0868635931954623,1.09074788413671
483,1,"Staggered entry, time-on-study order",631,630,FALSE,NA,0.0229492329404276,-3.7744707661092,0.0868635931954623,1.09074788413671
483,1,"Staggered entry, calendar-event order",631,630,FALSE,NA,0.0119229886016016,-4.42928692715947,0.0827701793453636,1.08629212749054
484,1,"Simultaneous entry, time-on-study order",631,629,FALSE,NA,0.00091317313443882,-6.99858506288416,0.0228053722362564,1.02306740284831
484,1,"Staggered entry, time-on-study order",631,629,FALSE,NA,0.00091317313443882,-6.99858506288416,0.0228053722362564,1.02306740284831
484,1,"Staggered entry, calendar-event order",631,629,FALSE,NA,0.000480531873272276,-7.64061699820078,0.0224968046899396,1.02275176615022
485,1,"Simultaneous entry, time-on-study order",631,629,FALSE,NA,0.0260408256923298,-3.64808975352966,0.0650726207629384,1.06723652510077
485,1,"Staggered entry, time-on-study order",631,629,FALSE,NA,0.0260408256923298,-3.64808975352966,0.0650726207629384,1.06723652510077
485,1,"Staggered entry, calendar-event order",631,630,FALSE,NA,0.0831147356535231,-2.48753326849038,0.0688605498627725,1.07128680763922
486,1,"Simultaneous entry, time-on-study order",631,629,FALSE,NA,0.000524473911786961,-7.55311487056999,0.00158480196482501,1.00158605842712
486,1,"Staggered entry, time-on-study order",631,629,FALSE,NA,0.000524473911786961,-7.55311487056999,0.00158480196482501,1.00158605842712
486,1,"Staggered entry, calendar-event order",631,630,FALSE,NA,0.00586255797950131,-5.13916925536503,0.00401225143724684,1.00402031129383
487,1,"Simultaneous entry, time-on-study order",631,630,FALSE,NA,0.00113545055187848,-6.78072574480987,-0.0197408050590439,0.980452768772715
487,1,"Staggered entry, time-on-study order",631,630,FALSE,NA,0.00113545055187848,-6.78072574480987,-0.0197408050590439,0.980452768772715
487,1,"Staggered entry, calendar-event order",631,630,FALSE,NA,0.000253072227760675,-8.28183562475985,-0.0209076868979857,0.979309363482068
488,1,"Simultaneous entry, time-on-study order",631,628,FALSE,NA,1.21278304076011,0.192917752266074,-0.159106824074614,0.852905243289196
488,1,"Staggered entry, time-on-study order",631,628,FALSE,NA,1.21278304076011,0.192917752266074,-0.159106824074614,0.852905243289196
488,1,"Staggered entry, calendar-event order",631,629,FALSE,NA,0.271537305370817,-1.30365574436658,-0.156527498477933,0.855108003211049
489,1,"Simultaneous entry, time-on-study order",631,628,FALSE,NA,0.0293453557914881,-3.52862098061228,0.0694365427075487,1.07190403891846
489,1,"Staggered entry, time-on-study order",631,628,FALSE,NA,0.0293453557914881,-3.52862098061228,0.0694365427075487,1.07190403891846
489,1,"Staggered entry, calendar-event order",631,628,FALSE,NA,0.00216843862661395,-6.1337478973195,0.0686187530696524,1.07102780523886
490,1,"Simultaneous entry, time-on-study order",631,630,FALSE,NA,0.00464567543220379,-5.37181850669458,0.0159855960524863,1.01611404924725
490,1,"Staggered entry, time-on-study order",631,630,FALSE,NA,0.00464567543220379,-5.37181850669458,0.0159855960524863,1.01611404924725
490,1,"Staggered entry, calendar-event order",631,629,FALSE,NA,0.00145999303142223,-6.52932361627175,0.0147942554461673,1.01490423211496
491,1,"Simultaneous entry, time-on-study order",631,625,FALSE,NA,0.00180796580637958,-6.31555292959167,-0.0591547109042954,0.942560933421838
491,1,"Staggered entry, time-on-study order",631,625,FALSE,NA,0.00180796580637958,-6.31555292959167,-0.0591547109042954,0.942560933421838
491,1,"Staggered entry, calendar-event order",631,627,FALSE,NA,0.000180754149734657,-8.6183727387676,-0.0568243592088095,0.94475999318729
492,1,"Simultaneous entry, time-on-study order",631,630,FALSE,NA,0.000483608574600335,-7.6342347086109,0.012574972703779,1.01265437013081
492,1,"Staggered entry, time-on-study order",631,630,FALSE,NA,0.000483608574600335,-7.6342347086109,0.012574972703779,1.01265437013081
492,1,"Staggered entry, calendar-event order",631,630,FALSE,NA,0.000421800500972494,-7.7709781022188,0.00731593986227263,1.00734276673166
493,1,"Simultaneous entry, time-on-study order",631,629,FALSE,NA,0.000898141834266831,-7.01518255751616,-0.0203443868523728,0.979861163891194
493,1,"Staggered entry, time-on-study order",631,629,FALSE,NA,0.000898141834266831,-7.01518255751616,-0.0203443868523728,0.979861163891194
493,1,"Staggered entry, calendar-event order",631,629,FALSE,NA,5.13372261443039e-05,-9.87709441311406,-0.0196010370370088,0.980589814293973
494,1,"Simultaneous entry, time-on-study order",631,630,FALSE,NA,0.086000993427338,-2.45339643131467,0.0966857367954387,1.10151415385393
494,1,"Staggered entry, time-on-study order",631,630,FALSE,NA,0.086000993427338,-2.45339643131467,0.0966857367954387,1.10151415385393
494,1,"Staggered entry, calendar-event order",631,630,FALSE,NA,0.024307035660617,-3.7169894371836,0.0959195778133744,1.10067054210271
495,1,"Simultaneous entry, time-on-study order",631,628,FALSE,NA,8.1367230576127e-05,-9.41653793878481,0.00305242836304089,1.00305709176619
495,1,"Staggered entry, time-on-study order",631,628,FALSE,NA,8.1367230576127e-05,-9.41653793878481,0.00305242836304089,1.00305709176619
495,1,"Staggered entry, calendar-event order",631,628,FALSE,NA,0.00337630500141553,-5.69097336230801,0.00248719310855587,1.00249028873928
496,1,"Simultaneous entry, time-on-study order",631,626,FALSE,NA,0.00536622202691626,-5.22763115121966,-0.0535742340940637,0.947835576676764
496,1,"Staggered entry, time-on-study order",631,626,FALSE,NA,0.00536622202691626,-5.22763115121966,-0.0535742340940637,0.947835576676764
496,1,"Staggered entry, calendar-event order",631,629,FALSE,NA,0.0123669311270918,-4.39272921332547,-0.052054197457856,0.949277417025875
497,1,"Simultaneous entry, time-on-study order",631,621,FALSE,NA,2.16794243483126,0.77377853102528,-0.22589239746992,0.797803942769982
497,1,"Staggered entry, time-on-study order",631,621,FALSE,NA,2.16794243483126,0.77377853102528,-0.22589239746992,0.797803942769982
497,1,"Staggered entry, calendar-event order",631,621,TRUE,341,32.7226218644207,3.48806663885499,-0.218711311695889,0.80355366121611
498,1,"Simultaneous entry, time-on-study order",631,628,FALSE,NA,0.313461707804766,-1.16007807053279,-0.12584968122235,0.881747380010409
498,1,"Staggered entry, time-on-study order",631,628,FALSE,NA,0.313461707804766,-1.16007807053279,-0.12584968122235,0.881747380010409
498,1,"Staggered entry, calendar-event order",631,628,FALSE,NA,0.415155477568715,-0.879102184169365,-0.127006184413576,0.880728225792718
499,1,"Simultaneous entry, time-on-study order",631,625,FALSE,NA,1.51915687112311,0.41815549091016,0.186110540439047,1.20455540510189
499,1,"Staggered entry, time-on-study order",631,625,FALSE,NA,1.51915687112311,0.41815549091016,0.186110540439047,1.20455540510189
499,1,"Staggered entry, calendar-event order",631,625,TRUE,239,7.44460788251634,2.00748999618162,0.190468106486591,1.20981578774611
500,1,"Simultaneous entry, time-on-study order",631,630,FALSE,NA,0.0098005324088581,-4.62531856734679,0.0351834235469704,1.03580968326229
500,1,"Staggered entry, time-on-study order",631,630,FALSE,NA,0.0098005324088581,-4.62531856734679,0.0351834235469704,1.03580968326229
500,1,"Staggered entry, calendar-event order",631,630,FALSE,NA,0.013704106808747,-4.2900597240074,0.0319208223319469,1.03243575621322
501,1,"Simultaneous entry, time-on-study order",631,630,FALSE,NA,0.0942820419420045,-2.36146454287547,-0.0851240732470545,0.918398328669447
501,1,"Staggered entry, time-on-study order",631,630,FALSE,NA,0.0942820419420045,-2.36146454287547,-0.0851240732470545,0.918398328669447
501,1,"Staggered entry, calendar-event order",631,629,FALSE,NA,0.130201354124291,-2.03867314892158,-0.094913888606918,0.909451245210125
502,1,"Simultaneous entry, time-on-study order",631,629,FALSE,NA,0.000555362664104153,-7.49588920878626,0.0172818020432454,1.01743199634611
502,1,"Staggered entry, time-on-study order",631,629,FALSE,NA,0.000555362664104153,-7.49588920878626,0.0172818020432454,1.01743199634611
502,1,"Staggered entry, calendar-event order",631,629,FALSE,NA,0.00164456941256731,-6.41027668430693,0.0189355159178588,1.0191159297432
503,1,"Simultaneous entry, time-on-study order",631,630,FALSE,NA,0.00416534627726445,-5.48095586701987,-0.0762726254891513,0.926563567277234
503,1,"Staggered entry, time-on-study order",631,630,FALSE,NA,0.00416534627726445,-5.48095586701987,-0.0762726254891513,0.926563567277234
503,1,"Staggered entry, calendar-event order",631,630,FALSE,NA,0.0624315946160538,-2.77368380777027,-0.0775284991193409,0.92540065091724
504,1,"Simultaneous entry, time-on-study order",631,629,FALSE,NA,0.168405957986016,-1.7813777978353,0.100880305958724,1.10614423496571
504,1,"Staggered entry, time-on-study order",631,629,FALSE,NA,0.168405957986016,-1.7813777978353,0.100880305958724,1.10614423496571
504,1,"Staggered entry, calendar-event order",631,629,FALSE,NA,0.289866640130506,-1.23833432338934,0.0962406314360908,1.10102397309979
505,1,"Simultaneous entry, time-on-study order",631,629,FALSE,NA,0.000231558775837991,-8.37067682535411,0.018077157881492,1.01824153871888
505,1,"Staggered entry, time-on-study order",631,629,FALSE,NA,0.000231558775837991,-8.37067682535411,0.018077157881492,1.01824153871888
505,1,"Staggered entry, calendar-event order",631,629,FALSE,NA,0.000119304593799313,-9.03383072332084,0.0183314816655278,1.01850053469309
506,1,"Simultaneous entry, time-on-study order",631,630,FALSE,NA,4.08797946204141e-05,-10.1048746360439,0.044479726891667,1.04548378128965
506,1,"Staggered entry, time-on-study order",631,630,FALSE,NA,4.08797946204141e-05,-10.1048746360439,0.044479726891667,1.04548378128965
506,1,"Staggered entry, calendar-event order",631,630,FALSE,NA,0.000744085668501801,-7.2033543839242,0.0428151198187929,1.0437449092636
507,1,"Simultaneous entry, time-on-study order",631,629,FALSE,NA,0.0342101117397364,-3.37523401370926,-0.0639636112726532,0.93803913295994
507,1,"Staggered entry, time-on-study order",631,629,FALSE,NA,0.0342101117397364,-3.37523401370926,-0.0639636112726532,0.93803913295994
507,1,"Staggered entry, calendar-event order",631,629,FALSE,NA,0.0442758041784267,-3.11731693221615,-0.0628859888995292,0.939050529770523
508,1,"Simultaneous entry, time-on-study order",631,630,FALSE,NA,0.000103472306131287,-9.17620655467381,-0.0540171234412758,0.947415883342658
508,1,"Staggered entry, time-on-study order",631,630,FALSE,NA,0.000103472306131287,-9.17620655467381,-0.0540171234412758,0.947415883342658
508,1,"Staggered entry, calendar-event order",631,629,FALSE,NA,0.00103691310068061,-6.87150715201114,-0.045029097406163,0.955969665190778
509,1,"Simultaneous entry, time-on-study order",631,628,FALSE,NA,0.0520292824546249,-2.9559485947682,0.101022358215382,1.10630137641136
509,1,"Staggered entry, time-on-study order",631,628,FALSE,NA,0.0520292824546249,-2.9559485947682,0.101022358215382,1.10630137641136
509,1,"Staggered entry, calendar-event order",631,629,FALSE,NA,0.0979805494753832,-2.32298629475127,0.0977857745177869,1.10272652768109
510,1,"Simultaneous entry, time-on-study order",631,630,FALSE,NA,0.000793128966718462,-7.13952471812945,0.0153612033072112,1.01547979303962
510,1,"Staggered entry, time-on-study order",631,630,FALSE,NA,0.000793128966718462,-7.13952471812945,0.0153612033072112,1.01547979303962
510,1,"Staggered entry, calendar-event order",631,630,FALSE,NA,0.00784089149454114,-4.84840274004602,0.0177958021061251,1.01795509088001
511,1,"Simultaneous entry, time-on-study order",631,626,FALSE,NA,0.00408209433459465,-5.50114510496571,-0.0270457639727443,0.973316697666269
511,1,"Staggered entry, time-on-study order",631,626,FALSE,NA,0.00408209433459465,-5.50114510496571,-0.0270457639727443,0.973316697666269
511,1,"Staggered entry, calendar-event order",631,625,FALSE,NA,0.000207429885396132,-8.48071717710055,-0.0277897864013255,0.97259279754545
512,1,"Simultaneous entry, time-on-study order",631,630,FALSE,NA,0.140513007649071,-1.96245521336153,-0.0811952431336254,0.922013657034294
512,1,"Staggered entry, time-on-study order",631,630,FALSE,NA,0.140513007649071,-1.96245521336153,-0.0811952431336254,0.922013657034294
512,1,"Staggered entry, calendar-event order",631,630,FALSE,NA,0.047887898462373,-3.03889244818867,-0.0787265778415478,0.924292611979336
513,1,"Simultaneous entry, time-on-study order",631,630,FALSE,NA,0.572139772543996,-0.558371959858394,-0.138126051222143,0.87098889561121
513,1,"Staggered entry, time-on-study order",631,630,FALSE,NA,0.572139772543996,-0.558371959858394,-0.138126051222143,0.87098889561121
513,1,"Staggered entry, calendar-event order",631,630,FALSE,NA,0.313199163974491,-1.16091598417144,-0.134318072459394,0.874311925827011
514,1,"Simultaneous entry, time-on-study order",631,630,FALSE,NA,0.0307314018969984,-3.48247028406258,-0.0519971007500916,0.94933161918851
514,1,"Staggered entry, time-on-study order",631,630,FALSE,NA,0.0307314018969984,-3.48247028406258,-0.0519971007500916,0.94933161918851
514,1,"Staggered entry, calendar-event order",631,630,FALSE,NA,0.0195939314391762,-3.93253538113817,-0.0424175466417237,0.958469491291294
515,1,"Simultaneous entry, time-on-study order",631,630,FALSE,NA,0.00203445532144753,-6.19752715122199,-0.0636981528199273,0.938288176430656
515,1,"Staggered entry, time-on-study order",631,630,FALSE,NA,0.00203445532144753,-6.19752715122199,-0.0636981528199273,0.938288176430656
515,1,"Staggered entry, calendar-event order",631,630,FALSE,NA,0.0706929401348578,-2.64940956771544,-0.068364926465044,0.933919599405947
516,1,"Simultaneous entry, time-on-study order",631,628,FALSE,NA,3.65306166158574,1.29556562738208,0.164480046116027,1.17878004807663
516,1,"Staggered entry, time-on-study order",631,628,FALSE,NA,3.65306166158574,1.29556562738208,0.164480046116027,1.17878004807663
516,1,"Staggered entry, calendar-event order",631,628,FALSE,NA,1.48951303962829,0.39844924749897,0.164731151262413,1.17907608297954
517,1,"Simultaneous entry, time-on-study order",631,629,FALSE,NA,0.243907483233003,-1.4109662926688,0.107989016988626,1.1140355098546
517,1,"Staggered entry, time-on-study order",631,629,FALSE,NA,0.243907483233003,-1.4109662926688,0.107989016988626,1.1140355098546
517,1,"Staggered entry, calendar-event order",631,630,FALSE,NA,0.550676432944937,-0.596607878354432,0.111309250392498,1.11774051510497
518,1,"Simultaneous entry, time-on-study order",631,630,FALSE,NA,0.0037656076125096,-5.58184604628665,0.00973637661125588,1.00978392933111
518,1,"Staggered entry, time-on-study order",631,630,FALSE,NA,0.0037656076125096,-5.58184604628665,0.00973637661125588,1.00978392933111
518,1,"Staggered entry, calendar-event order",631,629,FALSE,NA,0.0022392387562412,-6.10161931183797,0.00512694904467453,1.00514011433757
519,1,"Simultaneous entry, time-on-study order",631,630,FALSE,NA,0.290600745272265,-1.23580496325095,-0.150197124293998,0.860538326694458
519,1,"Staggered entry, time-on-study order",631,630,FALSE,NA,0.290600745272265,-1.23580496325095,-0.150197124293998,0.860538326694458
519,1,"Staggered entry, calendar-event order",631,630,FALSE,NA,0.999040067327604,-0.000960393702825964,-0.144237595971276,0.865682041057234
520,1,"Simultaneous entry, time-on-study order",631,630,FALSE,NA,0.189153255477107,-1.6651977169642,0.102043507559046,1.10743165232782
520,1,"Staggered entry, time-on-study order",631,630,FALSE,NA,0.189153255477107,-1.6651977169642,0.102043507559046,1.10743165232782
520,1,"Staggered entry, calendar-event order",631,630,FALSE,NA,0.12744376679613,-2.06008005640873,0.0970911950857413,1.10196086245423
521,1,"Simultaneous entry, time-on-study order",631,628,FALSE,NA,0.0230969853464318,-3.76805317445431,-0.104570416812165,0.900711369950377
521,1,"Staggered entry, time-on-study order",631,628,FALSE,NA,0.0230969853464318,-3.76805317445431,-0.104570416812165,0.900711369950377
521,1,"Staggered entry, calendar-event order",631,628,FALSE,NA,0.0100243560300604,-4.60273754425571,-0.100822958897678,0.904093080353503
522,1,"Simultaneous entry, time-on-study order",631,630,FALSE,NA,0.00105838071665208,-6.85101516466805,-0.000682300055162417,0.99931793265859
522,1,"Staggered entry, time-on-study order",631,630,FALSE,NA,0.00105838071665208,-6.85101516466805,-0.000682300055162417,0.99931793265859
522,1,"Staggered entry, calendar-event order",631,628,FALSE,NA,0.000514279467053126,-7.57274373004587,-0.0092611246404279,0.990781627494965
523,1,"Simultaneous entry, time-on-study order",631,630,FALSE,NA,0.21654363976166,-1.52996318251404,0.0962468307134021,1.10103079867388
523,1,"Staggered entry, time-on-study order",631,630,FALSE,NA,0.21654363976166,-1.52996318251404,0.0962468307134021,1.10103079867388
523,1,"Staggered entry, calendar-event order",631,630,FALSE,NA,0.360415405896803,-1.02049800750007,0.0990025585720778,1.1040691243957
524,1,"Simultaneous entry, time-on-study order",631,630,FALSE,NA,0.015563156156232,-4.16284894299658,0.0558723958181726,1.05746273845945
524,1,"Staggered entry, time-on-study order",631,630,FALSE,NA,0.015563156156232,-4.16284894299658,0.0558723958181726,1.05746273845945
524,1,"Staggered entry, calendar-event order",631,630,FALSE,NA,0.0335147916832574,-3.39576839481864,0.0526586050303453,1.05406972958283
525,1,"Simultaneous entry, time-on-study order",631,629,FALSE,NA,0.00872300018910047,-4.74179204185268,0.0470363983280383,1.04816015966267
525,1,"Staggered entry, time-on-study order",631,629,FALSE,NA,0.00872300018910047,-4.74179204185268,0.0470363983280383,1.04816015966267
525,1,"Staggered entry, calendar-event order",631,630,FALSE,NA,0.00454544631533268,-5.39362935698081,0.034452364018164,1.03505272144909
526,1,"Simultaneous entry, time-on-study order",631,630,FALSE,NA,0.6287909594565,-0.463956415425172,0.120416837909939,1.12796693297752
526,1,"Staggered entry, time-on-study order",631,630,FALSE,NA,0.6287909594565,-0.463956415425172,0.120416837909939,1.12796693297752
526,1,"Staggered entry, calendar-event order",631,630,FALSE,NA,0.62773834764269,-0.465631843215183,0.121958484389477,1.12970720032262
527,1,"Simultaneous entry, time-on-study order",631,630,FALSE,NA,0.0402723055578766,-3.21209125326505,-0.0667020573813983,0.935473877356637
527,1,"Staggered entry, time-on-study order",631,630,FALSE,NA,0.0402723055578766,-3.21209125326505,-0.0667020573813983,0.935473877356637
527,1,"Staggered entry, calendar-event order",631,630,FALSE,NA,0.00618526948231476,-5.08558470378535,-0.073282829889345,0.929337948303058
528,1,"Simultaneous entry, time-on-study order",631,629,FALSE,NA,9.3489464077128e-05,-9.27766181168599,0.0119960502771736,1.01206829146895
528,1,"Staggered entry, time-on-study order",631,629,FALSE,NA,9.3489464077128e-05,-9.27766181168599,0.0119960502771736,1.01206829146895
528,1,"Staggered entry, calendar-event order",631,629,FALSE,NA,2.1183711885403e-05,-10.7622779788779,0.0136071112244693,1.01370010929537
529,1,"Simultaneous entry, time-on-study order",631,627,FALSE,NA,0.002705402482681,-5.91250458563347,-0.0341497700464248,0.966426752018458
529,1,"Staggered entry, time-on-study order",631,627,FALSE,NA,0.002705402482681,-5.91250458563347,-0.0341497700464248,0.966426752018458
529,1,"Staggered entry, calendar-event order",631,628,FALSE,NA,0.0057430791187124,-5.15975978064735,-0.0272296887112988,0.97313769710894
530,1,"Simultaneous entry, time-on-study order",631,629,FALSE,NA,0.0401036852803764,-3.21628704663859,0.0555674018465971,1.05714026787735
530,1,"Staggered entry, time-on-study order",631,629,FALSE,NA,0.0401036852803764,-3.21628704663859,0.0555674018465971,1.05714026787735
530,1,"Staggered entry, calendar-event order",631,630,FALSE,NA,0.0741190182908026,-2.60208312251504,0.0645214526122647,1.06664846039505
531,1,"Simultaneous entry, time-on-study order",631,630,FALSE,NA,0.13658247964748,-1.99082660033885,-0.0882737857787826,0.915510188737482
531,1,"Staggered entry, time-on-study order",631,630,FALSE,NA,0.13658247964748,-1.99082660033885,-0.0882737857787826,0.915510188737482
531,1,"Staggered entry, calendar-event order",631,630,FALSE,NA,0.0360421115953464,-3.32306725763242,-0.090240219124049,0.913711667889653
532,1,"Simultaneous entry, time-on-study order",631,630,FALSE,NA,1.15279856530678,0.142192521173233,-0.145196152609288,0.864852633370999
532,1,"Staggered entry, time-on-study order",631,630,FALSE,NA,1.15279856530678,0.142192521173233,-0.145196152609288,0.864852633370999
532,1,"Staggered entry, calendar-event order",631,630,FALSE,NA,1.54627413884282,0.435848255818757,-0.139873442671225,0.86946826601727
533,1,"Simultaneous entry, time-on-study order",631,630,FALSE,NA,0.000240618415325606,-8.33229821817725,0.00706567373061185,1.00709069449806
533,1,"Staggered entry, time-on-study order",631,630,FALSE,NA,0.000240618415325606,-8.33229821817725,0.00706567373061185,1.00709069449806
533,1,"Staggered entry, calendar-event order",631,630,FALSE,NA,1.47953726029414e-05,-11.1211960880466,0.00501053463022567,1.00502310835045
534,1,"Simultaneous entry, time-on-study order",631,630,FALSE,NA,0.0164199241305958,-4.1092597955169,-0.0805400601030357,0.922617942673587
534,1,"Staggered entry, time-on-study order",631,630,FALSE,NA,0.0164199241305958,-4.1092597955169,-0.0805400601030357,0.922617942673587
534,1,"Staggered entry, calendar-event order",631,629,FALSE,NA,0.0148103619856278,-4.21242820902761,-0.0753594769052948,0.927410043907196
535,1,"Simultaneous entry, time-on-study order",631,630,FALSE,NA,0.000904522339849562,-7.00810355487167,0.0320836704537128,1.03260390012755
535,1,"Staggered entry, time-on-study order",631,630,FALSE,NA,0.000904522339849562,-7.00810355487167,0.0320836704537128,1.03260390012755
535,1,"Staggered entry, calendar-event order",631,630,FALSE,NA,0.00839259883197444,-4.78040505295369,0.0263899506960692,1.02674124888434
536,1,"Simultaneous entry, time-on-study order",631,630,FALSE,NA,0.137569480648084,-1.98362617569929,0.0816361760201926,1.08506096680795
536,1,"Staggered entry, time-on-study order",631,630,FALSE,NA,0.137569480648084,-1.98362617569929,0.0816361760201926,1.08506096680795
536,1,"Staggered entry, calendar-event order",631,630,FALSE,NA,0.0411360024624508,-3.19087156859739,0.0772319216226177,1.08029259055215
537,1,"Simultaneous entry, time-on-study order",631,630,FALSE,NA,0.000926615750919867,-6.98397158650774,-0.0162308938858762,0.983900117305033
537,1,"Staggered entry, time-on-study order",631,630,FALSE,NA,0.000926615750919867,-6.98397158650774,-0.0162308938858762,0.983900117305033
537,1,"Staggered entry, calendar-event order",631,630,FALSE,NA,0.00426379370827616,-5.45759597314913,-0.0143973087344708,0.985705836915014
538,1,"Simultaneous entry, time-on-study order",631,628,FALSE,NA,0.662813176688256,-0.411262113288995,0.128411912463977,1.13702125947862
538,1,"Staggered entry, time-on-study order",631,628,FALSE,NA,0.662813176688256,-0.411262113288995,0.128411912463977,1.13702125947862
538,1,"Staggered entry, calendar-event order",631,629,TRUE,325,0.867150995370676,-0.142542158921731,0.122131429782261,1.12990259487392
539,1,"Simultaneous entry, time-on-study order",631,630,FALSE,NA,0.000551109592084189,-7.50357687188417,0.00571472619521295,1.00573108639279
539,1,"Staggered entry, time-on-study order",631,630,FALSE,NA,0.000551109592084189,-7.50357687188417,0.00571472619521295,1.00573108639279
539,1,"Staggered entry, calendar-event order",631,630,FALSE,NA,0.00131475376186079,-6.63410588422431,0.00694265936238719,1.00696681549213
540,1,"Simultaneous entry, time-on-study order",631,630,FALSE,NA,1.83136337367959,0.605060702408618,-0.151837676006124,0.859127726466933
540,1,"Staggered entry, time-on-study order",631,630,FALSE,NA,1.83136337367959,0.605060702408618,-0.151837676006124,0.859127726466933
540,1,"Staggered entry, calendar-event order",631,630,FALSE,NA,1.91192666086967,0.648111456607813,-0.148831841933692,0.861714006877346
541,1,"Simultaneous entry, time-on-study order",631,629,FALSE,NA,0.0131456034777209,-4.33166791255619,0.0398802899051675,1.04068618609328
541,1,"Staggered entry, time-on-study order",631,629,FALSE,NA,0.0131456034777209,-4.33166791255619,0.0398802899051675,1.04068618609328
541,1,"Staggered entry, calendar-event order",631,629,FALSE,NA,0.0310637046554185,-3.47171519421391,0.0451536054494476,1.04618854782923
542,1,"Simultaneous entry, time-on-study order",631,630,FALSE,NA,0.000629649707795731,-7.37034691258664,0.0615268565724578,1.0634590570105
542,1,"Staggered entry, time-on-study order",631,630,FALSE,NA,0.000629649707795731,-7.37034691258664,0.0615268565724578,1.0634590570105
542,1,"Staggered entry, calendar-event order",631,630,FALSE,NA,0.000289832706652601,-8.14620667505108,0.0632203981038976,1.06526159499618
543,1,"Simultaneous entry, time-on-study order",631,628,FALSE,NA,0.235437055628573,-1.44631168096007,0.0965809222921563,1.10139870524549
543,1,"Staggered entry, time-on-study order",631,628,FALSE,NA,0.235437055628573,-1.44631168096007,0.0965809222921563,1.10139870524549
543,1,"Staggered entry, calendar-event order",631,630,FALSE,NA,0.15698071404735,-1.85163232164207,0.0952781358612703,1.09996475222738
544,1,"Simultaneous entry, time-on-study order",631,629,FALSE,NA,0.000172637183982116,-8.66431836809052,0.0110390218040645,1.01110017662791
544,1,"Staggered entry, time-on-study order",631,629,FALSE,NA,0.000172637183982116,-8.66431836809052,0.0110390218040645,1.01110017662791
544,1,"Staggered entry, calendar-event order",631,629,FALSE,NA,0.000306755914685779,-8.08945819277991,0.00856549859030062,1.0086022874366
545,1,"Simultaneous entry, time-on-study order",631,629,FALSE,NA,0.0185658818108533,-3.98642969391643,-0.0630866223204797,0.938862143749188
545,1,"Staggered entry, time-on-study order",631,629,FALSE,NA,0.0185658818108533,-3.98642969391643,-0.0630866223204797,0.938862143749188
545,1,"Staggered entry, calendar-event order",631,628,FALSE,NA,0.00313180855052111,-5.76614462963088,-0.0660157122944652,0.936116155643375
546,1,"Simultaneous entry, time-on-study order",631,628,FALSE,NA,0.00142745472122644,-6.55186233586785,-0.00174212230003853,0.998259394314179
546,1,"Staggered entry, time-on-study order",631,628,FALSE,NA,0.00142745472122644,-6.55186233586785,-0.00174212230003853,0.998259394314179
546,1,"Staggered entry, calendar-event order",631,628,FALSE,NA,0.00514180377202956,-5.27035133266561,9.36820900025521e-05,1.00009368647831
547,1,"Simultaneous entry, time-on-study order",631,630,FALSE,NA,0.00140584998544952,-6.56711318726794,0.0781476624624871,1.0812823116912
547,1,"Staggered entry, time-on-study order",631,630,FALSE,NA,0.00140584998544952,-6.56711318726794,0.0781476624624871,1.0812823116912
547,1,"Staggered entry, calendar-event order",631,630,FALSE,NA,0.105914492148018,-2.24512318825861,0.0793062231563261,1.08253576883936
548,1,"Simultaneous entry, time-on-study order",631,630,FALSE,NA,0.0538691195053161,-2.92119788722899,0.0792881006046123,1.08251615070667
548,1,"Staggered entry, time-on-study order",631,630,FALSE,NA,0.0538691195053161,-2.92119788722899,0.0792881006046123,1.08251615070667
548,1,"Staggered entry, calendar-event order",631,630,FALSE,NA,0.155099981496001,-1.86368532810332,0.0812464432776799,1.08463816541668
549,1,"Simultaneous entry, time-on-study order",631,629,FALSE,NA,0.0163373103215188,-4.11430381010569,-0.0603305945193501,0.941453242849268
549,1,"Staggered entry, time-on-study order",631,629,FALSE,NA,0.0163373103215188,-4.11430381010569,-0.0603305945193501,0.941453242849268
549,1,"Staggered entry, calendar-event order",631,629,FALSE,NA,0.0135654769487841,-4.30022717323987,-0.0579486363893278,0.943698417950109
550,1,"Simultaneous entry, time-on-study order",631,629,FALSE,NA,0.0725561345306983,-2.62339474732448,-0.104103463695811,0.901132058144699
550,1,"Staggered entry, time-on-study order",631,629,FALSE,NA,0.0725561345306983,-2.62339474732448,-0.104103463695811,0.901132058144699
550,1,"Staggered entry, calendar-event order",631,629,FALSE,NA,0.0219226239584231,-3.82023611793409,-0.110990639538383,0.894947126008047
551,1,"Simultaneous entry, time-on-study order",631,630,FALSE,NA,0.00468793873122238,-5.36276229607133,-0.0367508847554317,0.963916231669781
551,1,"Staggered entry, time-on-study order",631,630,FALSE,NA,0.00468793873122238,-5.36276229607133,-0.0367508847554317,0.963916231669781
551,1,"Staggered entry, calendar-event order",631,630,FALSE,NA,0.00844560738597932,-4.7741088087534,-0.0256550879206809,0.97467120751269
552,1,"Simultaneous entry, time-on-study order",631,630,FALSE,NA,1.93816838936546e-05,-10.8511820670587,0.000245239613011434,1.0002452696867
552,1,"Staggered entry, time-on-study order",631,630,FALSE,NA,1.93816838936546e-05,-10.8511820670587,0.000245239613011434,1.0002452696867
552,1,"Staggered entry, calendar-event order",631,630,FALSE,NA,8.05569505422729e-06,-11.7291312565133,-0.000749679540554429,0.999250601398943
553,1,"Simultaneous entry, time-on-study order",631,630,FALSE,NA,0.0778297307661538,-2.5532317772722,-0.101506558338368,0.903475254026368
553,1,"Staggered entry, time-on-study order",631,630,FALSE,NA,0.0778297307661538,-2.5532317772722,-0.101506558338368,0.903475254026368
553,1,"Staggered entry, calendar-event order",631,630,FALSE,NA,0.127866523352537,-2.05676834545074,-0.101333142743779,0.903631944310618
554,1,"Simultaneous entry, time-on-study order",631,630,FALSE,NA,0.0452058916842519,-3.09652785364166,-0.0467713635510894,0.954305561684088
554,1,"Staggered entry, time-on-study order",631,630,FALSE,NA,0.0452058916842519,-3.09652785364166,-0.0467713635510894,0.954305561684088
554,1,"Staggered entry, calendar-event order",631,630,FALSE,NA,0.0380086891613091,-3.26994048325524,-0.0487652925802202,0.952404639903345
555,1,"Simultaneous entry, time-on-study order",631,626,FALSE,NA,9.0668931663973,2.20462966590975,-0.190704842170255,0.826376463642104
555,1,"Staggered entry, time-on-study order",631,626,FALSE,NA,9.0668931663973,2.20462966590975,-0.190704842170255,0.826376463642104
555,1,"Staggered entry, calendar-event order",631,626,FALSE,NA,4.19797862543502,1.43460312977877,-0.187384037346016,0.829125260171507
556,1,"Simultaneous entry, time-on-study order",631,629,FALSE,NA,0.00821856385013016,-4.80135979927442,0.0257883863009341,1.02612378364717
556,1,"Staggered entry, time-on-study order",631,629,FALSE,NA,0.00821856385013016,-4.80135979927442,0.0257883863009341,1.02612378364717
556,1,"Staggered entry, calendar-event order",631,629,FALSE,NA,0.00867975865945048,-4.7467615549072,0.0231956294340113,1.02346674018312
557,1,"Simultaneous entry, time-on-study order",631,626,FALSE,NA,0.0237921385243433,-3.73840006697365,-0.0799810626612538,0.923133827919116
557,1,"Staggered entry, time-on-study order",631,626,FALSE,NA,0.0237921385243433,-3.73840006697365,-0.0799810626612538,0.923133827919116
557,1,"Staggered entry, calendar-event order",631,627,FALSE,NA,0.0725728502565971,-2.62316439050089,-0.0763277782592172,0.926512466139054
558,1,"Simultaneous entry, time-on-study order",631,630,FALSE,NA,0.000216144125495704,-8.43956512512556,-0.00199471978071626,0.998007268350644
558,1,"Staggered entry, time-on-study order",631,630,FALSE,NA,0.000216144125495704,-8.43956512512556,-0.00199471978071626,0.998007268350644
558,1,"Staggered entry, calendar-event order",631,630,FALSE,NA,3.00541675286399e-05,-10.4125092201219,-0.00735123350699589,0.992675720720659
559,1,"Simultaneous entry, time-on-study order",631,629,FALSE,NA,0.0343598200692673,-3.37086741851346,0.0940092003370638,1.09856985308362
559,1,"Staggered entry, time-on-study order",631,629,FALSE,NA,0.0343598200692673,-3.37086741851346,0.0940092003370638,1.09856985308362
559,1,"Staggered entry, calendar-event order",631,629,FALSE,NA,0.0225530484440111,-3.79188503618306,0.0971577610635931,1.10203421799806
560,1,"Simultaneous entry, time-on-study order",631,629,FALSE,NA,0.0585770856176336,-2.83741168928731,0.101072291621945,1.10635661918699
560,1,"Staggered entry, time-on-study order",631,629,FALSE,NA,0.0585770856176336,-2.83741168928731,0.101072291621945,1.10635661918699
560,1,"Staggered entry, calendar-event order",631,629,FALSE,NA,0.256869136549799,-1.35918852007566,0.100071061141184,1.10524945557274
561,1,"Simultaneous entry, time-on-study order",631,628,FALSE,NA,0.00781109682067273,-4.85220988700477,0.0107639617197788,1.01082210157353
561,1,"Staggered entry, time-on-study order",631,628,FALSE,NA,0.00781109682067273,-4.85220988700477,0.0107639617197788,1.01082210157353
561,1,"Staggered entry, calendar-event order",631,628,FALSE,NA,0.00412255441130701,-5.49128230499858,0.00665849824701148,1.00668071532989
562,1,"Simultaneous entry, time-on-study order",631,630,FALSE,NA,0.000675999284397082,-7.29931854050607,-0.0220761790248366,0.978165716502459
562,1,"Staggered entry, time-on-study order",631,630,FALSE,NA,0.000675999284397082,-7.29931854050607,-0.0220761790248366,0.978165716502459
562,1,"Staggered entry, calendar-event order",631,630,FALSE,NA,0.00060804827784925,-7.40525627479315,-0.022666364875979,0.977588587260016
563,1,"Simultaneous entry, time-on-study order",631,630,FALSE,NA,0.000300008402197573,-8.11170007637503,-0.00228612347959412,0.997716487710474
563,1,"Staggered entry, time-on-study order",631,630,FALSE,NA,0.000300008402197573,-8.11170007637503,-0.00228612347959412,0.997716487710474
563,1,"Staggered entry, calendar-event order",631,630,FALSE,NA,1.18689019198064e-06,-13.6441739554781,0.00170055694573349,1.00170200371268
564,1,"Simultaneous entry, time-on-study order",631,630,FALSE,NA,0.00077291322607694,-7.16534377172339,-0.0671063952541218,0.935095706298671
564,1,"Staggered entry, time-on-study order",631,630,FALSE,NA,0.00077291322607694,-7.16534377172339,-0.0671063952541218,0.935095706298671
564,1,"Staggered entry, calendar-event order",631,630,FALSE,NA,0.0142168645556973,-4.25332637429966,-0.0659010405906546,0.936223507832919
565,1,"Simultaneous entry, time-on-study order",631,630,FALSE,NA,0.00187096518411919,-6.2813008400305,0.0465599131344473,1.04766084583335
565,1,"Staggered entry, time-on-study order",631,630,FALSE,NA,0.00187096518411919,-6.2813008400305,0.0465599131344473,1.04766084583335
565,1,"Staggered entry, calendar-event order",631,630,FALSE,NA,0.0239391089449874,-3.73224179988805,0.0491126039768527,1.05033861638656
566,1,"Simultaneous entry, time-on-study order",631,630,FALSE,NA,0.0040577755020268,-5.50712036142851,0.028824026580671,1.02924345904728
566,1,"Staggered entry, time-on-study order",631,630,FALSE,NA,0.0040577755020268,-5.50712036142851,0.028824026580671,1.02924345904728
566,1,"Staggered entry, calendar-event order",631,630,FALSE,NA,0.000518105965458699,-7.56533077010308,0.0304429310938097,1.03091105540367
567,1,"Simultaneous entry, time-on-study order",631,627,FALSE,NA,0.0380919822891954,-3.26775145759859,-0.0851430084875898,0.918380938740828
567,1,"Staggered entry, time-on-study order",631,627,FALSE,NA,0.0380919822891954,-3.26775145759859,-0.0851430084875898,0.918380938740828
567,1,"Staggered entry, calendar-event order",631,627,FALSE,NA,0.0147722189046167,-4.2150069632134,-0.0850715941196201,0.918446526677057
568,1,"Simultaneous entry, time-on-study order",631,629,FALSE,NA,0.144512346432828,-1.93439033263793,0.0772241610060581,1.08028420684812
568,1,"Staggered entry, time-on-study order",631,629,FALSE,NA,0.144512346432828,-1.93439033263793,0.0772241610060581,1.08028420684812
568,1,"Staggered entry, calendar-event order",631,629,FALSE,NA,0.105753965981407,-2.24663995838871,0.0730347769528435,1.07576794819538
569,1,"Simultaneous entry, time-on-study order",631,630,FALSE,NA,0.0407379175964688,-3.20059598396044,-0.0562876894081096,0.945267153421161
569,1,"Staggered entry, time-on-study order",631,630,FALSE,NA,0.0407379175964688,-3.20059598396044,-0.0562876894081096,0.945267153421161
569,1,"Staggered entry, calendar-event order",631,630,FALSE,NA,0.00941842717856314,-4.66508717051653,-0.0568173180864252,0.944766645381445
570,1,"Simultaneous entry, time-on-study order",631,629,FALSE,NA,0.0676350915609416,-2.693628324691,-0.0725870474492901,0.929984790332932
570,1,"Staggered entry, time-on-study order",631,629,FALSE,NA,0.0676350915609416,-2.693628324691,-0.0725870474492901,0.929984790332932
570,1,"Staggered entry, calendar-event order",631,629,FALSE,NA,0.067882599989031,-2.68997553662379,-0.071771927545486,0.930743148480188
571,1,"Simultaneous entry, time-on-study order",631,630,FALSE,NA,0.118315968776879,-2.1343965316732,0.0787813217064053,1.08196769334957
571,1,"Staggered entry, time-on-study order",631,630,FALSE,NA,0.118315968776879,-2.1343965316732,0.0787813217064053,1.08196769334957
571,1,"Staggered entry, calendar-event order",631,629,FALSE,NA,0.0856855499359729,-2.45707107977738,0.080724266132227,1.08407194000347
572,1,"Simultaneous entry, time-on-study order",631,630,FALSE,NA,0.0063783426723179,-5.05484698460048,-0.0186707867129204,0.981502432702491
572,1,"Staggered entry, time-on-study order",631,630,FALSE,NA,0.0063783426723179,-5.05484698460048,-0.0186707867129204,0.981502432702491
572,1,"Staggered entry, calendar-event order",631,630,FALSE,NA,0.00144501544101576,-6.53963527165078,-0.0133404912552494,0.986748098716076
573,1,"Simultaneous entry, time-on-study order",631,628,FALSE,NA,0.137890425922749,-1.98129592427439,-0.0893536461465632,0.914522099163768
573,1,"Staggered entry, time-on-study order",631,628,FALSE,NA,0.137890425922749,-1.98129592427439,-0.0893536461465632,0.914522099163768
573,1,"Staggered entry, calendar-event order",631,628,FALSE,NA,0.0221514435081302,-3.80985261494716,-0.087113868419055,0.916572721004088
574,1,"Simultaneous entry, time-on-study order",631,630,FALSE,NA,0.000440641978575635,-7.7272778522025,0.00263487823723617,1.00263835257972
574,1,"Staggered entry, time-on-study order",631,630,FALSE,NA,0.000440641978575635,-7.7272778522025,0.00263487823723617,1.00263835257972
574,1,"Staggered entry, calendar-event order",631,630,FALSE,NA,0.00342253164168234,-5.67737475564869,0.00106808458593712,1.00106865519141
575,1,"Simultaneous entry, time-on-study order",631,629,FALSE,NA,0.0112682130805564,-4.48576951890928,0.019416385424215,1.01960610936402
575,1,"Staggered entry, time-on-study order",631,629,FALSE,NA,0.0112682130805564,-4.48576951890928,0.019416385424215,1.01960610936402
575,1,"Staggered entry, calendar-event order",631,629,FALSE,NA,0.00985490723851838,-4.61978575105307,0.0174207183642223,1.01757334407342
576,1,"Simultaneous entry, time-on-study order",631,630,FALSE,NA,0.000409709419959276,-7.80006238134168,0.0385678588038845,1.03932125306218
576,1,"Staggered entry, time-on-study order",631,630,FALSE,NA,0.000409709419959276,-7.80006238134168,0.0385678588038845,1.03932125306218
576,1,"Staggered entry, calendar-event order",631,629,FALSE,NA,0.00329582605589147,-5.7150984426323,0.0397231975322521,1.04052271507121
577,1,"Simultaneous entry, time-on-study order",631,630,FALSE,NA,0.0109486481169369,-4.51453928998186,0.0333335355918637,1.0338953226277
577,1,"Staggered entry, time-on-study order",631,630,FALSE,NA,0.0109486481169369,-4.51453928998186,0.0333335355918637,1.0338953226277
577,1,"Staggered entry, calendar-event order",631,630,FALSE,NA,0.000820096562255167,-7.10608846579124,0.0331661463506743,1.03372227415781
578,1,"Simultaneous entry, time-on-study order",631,630,FALSE,NA,0.0607568519353603,-2.80087541406226,0.0639209785479758,1.06600815792062
578,1,"Staggered entry, time-on-study order",631,630,FALSE,NA,0.0607568519353603,-2.80087541406226,0.0639209785479758,1.06600815792062
578,1,"Staggered entry, calendar-event order",631,630,FALSE,NA,0.0135175836801692,-4.30376394622095,0.0549522697285133,1.05649018690859
579,1,"Simultaneous entry, time-on-study order",631,628,FALSE,NA,0.00385866085854275,-5.55743508353745,-0.023721042851937,0.976558089624587
579,1,"Staggered entry, time-on-study order",631,628,FALSE,NA,0.00385866085854275,-5.55743508353745,-0.023721042851937,0.976558089624587
579,1,"Staggered entry, calendar-event order",631,629,FALSE,NA,1.63187951895227e-05,-11.0231930353249,-0.0240142479154465,0.976271799820759
580,1,"Simultaneous entry, time-on-study order",631,630,FALSE,NA,0.000451146685228268,-7.70371802693352,-0.0168345909345339,0.983306318963229
580,1,"Staggered entry, time-on-study order",631,630,FALSE,NA,0.000451146685228268,-7.70371802693352,-0.0168345909345339,0.983306318963229
580,1,"Staggered entry, calendar-event order",631,630,FALSE,NA,0.00948925700665234,-4.65759496166425,-0.0183316681457977,0.981835334844555
581,1,"Simultaneous entry, time-on-study order",631,630,FALSE,NA,0.144478802951132,-1.93462247456974,0.0947119263390578,1.09934211799792
581,1,"Staggered entry, time-on-study order",631,630,FALSE,NA,0.144478802951132,-1.93462247456974,0.0947119263390578,1.09934211799792
581,1,"Staggered entry, calendar-event order",631,630,FALSE,NA,0.0239752299717964,-3.73073406610863,0.100510676898439,1.10573544746613
582,1,"Simultaneous entry, time-on-study order",631,630,FALSE,NA,0.00915320055705948,-4.69365167319937,-0.0839283842626345,0.919497104200339
582,1,"Staggered entry, time-on-study order",631,630,FALSE,NA,0.00915320055705948,-4.69365167319937,-0.0839283842626345,0.919497104200339
582,1,"Staggered entry, calendar-event order",631,630,FALSE,NA,0.0304310674095316,-3.49229123814881,-0.0852109010240075,0.918318589646043
583,1,"Simultaneous entry, time-on-study order",631,630,FALSE,NA,0.000828253251396899,-7.0961915911694,0.0159339354204463,1.01606155750913
583,1,"Staggered entry, time-on-study order",631,630,FALSE,NA,0.000828253251396899,-7.0961915911694,0.0159339354204463,1.01606155750913
583,1,"Staggered entry, calendar-event order",631,630,FALSE,NA,0.000413454230174642,-7.79096373844285,0.012538910554287,1.01261785229599
584,1,"Simultaneous entry, time-on-study order",631,629,FALSE,NA,0.0512996931424755,-2.97007050845146,0.0616431340663855,1.06358272055405
584,1,"Staggered entry, time-on-study order",631,629,FALSE,NA,0.0512996931424755,-2.97007050845146,0.0616431340663855,1.06358272055405
584,1,"Staggered entry, calendar-event order",631,629,FALSE,NA,0.0449993829591301,-3.10110650132516,0.0671216196847949,1.06942553346209
585,1,"Simultaneous entry, time-on-study order",631,630,FALSE,NA,4.33876419475632e-05,-10.0453359051583,-0.00233106251910969,0.997671652297246
585,1,"Staggered entry, time-on-study order",631,630,FALSE,NA,4.33876419475632e-05,-10.0453359051583,-0.00233106251910969,0.997671652297246
585,1,"Staggered entry, calendar-event order",631,630,FALSE,NA,4.66030151874287e-05,-9.97384531533297,0.000233074269449243,1.00023310143337
586,1,"Simultaneous entry, time-on-study order",631,630,FALSE,NA,0.00095466416653032,-6.95415093741318,0.00963615489007144,1.00968273211885
586,1,"Staggered entry, time-on-study order",631,630,FALSE,NA,0.00095466416653032,-6.95415093741318,0.00963615489007144,1.00968273211885
586,1,"Staggered entry, calendar-event order",631,630,FALSE,NA,0.000960910952871699,-6.94762881419081,0.008297692801527,1.00833221407068
587,1,"Simultaneous entry, time-on-study order",631,630,FALSE,NA,0.000583700028464864,-7.44612335698827,0.0193675317558468,1.01955629908201
587,1,"Staggered entry, time-on-study order",631,630,FALSE,NA,0.000583700028464864,-7.44612335698827,0.0193675317558468,1.01955629908201
587,1,"Staggered entry, calendar-event order",631,630,FALSE,NA,8.05586200380765e-05,-9.42652543931741,0.0158806174312557,1.0160073845942
588,1,"Simultaneous entry, time-on-study order",631,629,FALSE,NA,0.183710127798518,-1.69439615600796,-0.100391914522799,0.904482868592135
588,1,"Staggered entry, time-on-study order",631,629,FALSE,NA,0.183710127798518,-1.69439615600796,-0.100391914522799,0.904482868592135
588,1,"Staggered entry, calendar-event order",631,629,FALSE,NA,0.39747814982112,-0.922615315402073,-0.103084011542105,0.902051187586789
589,1,"Simultaneous entry, time-on-study order",631,630,FALSE,NA,0.000106171220140061,-9.15045748268062,0.0120362729711504,1.01210900040083
589,1,"Staggered entry, time-on-study order",631,630,FALSE,NA,0.000106171220140061,-9.15045748268062,0.0120362729711504,1.01210900040083
589,1,"Staggered entry, calendar-event order",631,630,FALSE,NA,0.000694131089011178,-7.27284972622966,0.0161755902141378,1.01630712332507
590,1,"Simultaneous entry, time-on-study order",631,630,FALSE,NA,0.0290113454421928,-3.54006830335851,0.0515811597225388,1.05293463870757
590,1,"Staggered entry, time-on-study order",631,630,FALSE,NA,0.0290113454421928,-3.54006830335851,0.0515811597225388,1.05293463870757
590,1,"Staggered entry, calendar-event order",631,630,FALSE,NA,0.02373742715628,-3.74070227156756,0.0426427228756756,1.04356498634137
591,1,"Simultaneous entry, time-on-study order",631,630,FALSE,NA,0.00205045475507539,-6.18969367868875,0.0281799849196394,1.02858079679426
591,1,"Staggered entry, time-on-study order",631,630,FALSE,NA,0.00205045475507539,-6.18969367868875,0.0281799849196394,1.02858079679426
591,1,"Staggered entry, calendar-event order",631,630,FALSE,NA,0.000952122015553451,-6.95681736378751,0.0298843796852744,1.03033539936331
592,1,"Simultaneous entry, time-on-study order",631,630,FALSE,NA,0.000304345558853654,-8.09734679536457,0.0319691557026731,1.03248565851934
592,1,"Staggered entry, time-on-study order",631,630,FALSE,NA,0.000304345558853654,-8.09734679536457,0.0319691557026731,1.03248565851934
592,1,"Staggered entry, calendar-event order",631,630,FALSE,NA,0.0110748122077616,-4.50308191960448,0.0321894865382282,1.03271317201038
593,1,"Simultaneous entry, time-on-study order",631,630,FALSE,NA,0.356081256276008,-1.0325963262084,-0.15686233051138,0.854821733588311
593,1,"Staggered entry, time-on-study order",631,630,FALSE,NA,0.356081256276008,-1.0325963262084,-0.15686233051138,0.854821733588311
593,1,"Staggered entry, calendar-event order",631,630,FALSE,NA,1.22730332809838,0.20481934634125,-0.146240650255056,0.863949768433741
594,1,"Simultaneous entry, time-on-study order",631,628,FALSE,NA,0.0279298003766753,-3.57806104632323,0.0933718967352089,1.09786995360727
594,1,"Staggered entry, time-on-study order",631,628,FALSE,NA,0.0279298003766753,-3.57806104632323,0.0933718967352089,1.09786995360727
594,1,"Staggered entry, calendar-event order",631,628,FALSE,NA,0.029363063685017,-3.52801773173507,0.0964628428477062,1.10126866037622
595,1,"Simultaneous entry, time-on-study order",631,628,FALSE,NA,0.000177324191003111,-8.63753091311346,-0.0674825262037715,0.934744054000449
595,1,"Staggered entry, time-on-study order",631,628,FALSE,NA,0.000177324191003111,-8.63753091311346,-0.0674825262037715,0.934744054000449
595,1,"Staggered entry, calendar-event order",631,625,FALSE,NA,0.0228508311352522,-3.77876778876941,-0.0734953891659068,0.929140429894014
596,1,"Simultaneous entry, time-on-study order",631,630,FALSE,NA,0.0135820657097595,-4.29900505429904,-0.0226376134954326,0.977616694685567
596,1,"Staggered entry, time-on-study order",631,630,FALSE,NA,0.0135820657097595,-4.29900505429904,-0.0226376134954326,0.977616694685567
596,1,"Staggered entry, calendar-event order",631,630,FALSE,NA,0.0044226691327778,-5.42101188895831,-0.0258668190131955,0.974464861158821
597,1,"Simultaneous entry, time-on-study order",631,629,FALSE,NA,0.358192799777203,-1.02668389068206,0.113257064031748,1.11991978704423
597,1,"Staggered entry, time-on-study order",631,629,FALSE,NA,0.358192799777203,-1.02668389068206,0.113257064031748,1.11991978704423
597,1,"Staggered entry, calendar-event order",631,629,FALSE,NA,0.165771649532626,-1.79714404286418,0.112036607351364,1.11855380718781
598,1,"Simultaneous entry, time-on-study order",631,630,FALSE,NA,0.0227095245117483,-3.78497086047936,-0.0546616505309627,0.946805444883838
598,1,"Staggered entry, time-on-study order",631,630,FALSE,NA,0.0227095245117483,-3.78497086047936,-0.0546616505309627,0.946805444883838
598,1,"Staggered entry, calendar-event order",631,630,FALSE,NA,0.0139957899719722,-4.26899871087879,-0.0492180988675065,0.951973482717065
599,1,"Simultaneous entry, time-on-study order",631,628,TRUE,596,19.4484797518657,2.96776890515186,-0.210303755232389,0.810338064155581
599,1,"Staggered entry, time-on-study order",631,628,TRUE,596,19.4484797518657,2.96776890515186,-0.210303755232389,0.810338064155581
599,1,"Staggered entry, calendar-event order",631,628,FALSE,NA,17.8655308372258,2.8828732048445,-0.211308678923182,0.809524145269042
600,1,"Simultaneous entry, time-on-study order",631,630,FALSE,NA,0.590344456526085,-0.527049087821179,0.144361196057203,1.1553013234551
600,1,"Staggered entry, time-on-study order",631,630,FALSE,NA,0.590344456526085,-0.527049087821179,0.144361196057203,1.1553013234551
600,1,"Staggered entry, calendar-event order",631,630,FALSE,NA,0.065829444784768,-2.72068805161405,0.135628455464983,1.14525630081666
601,1,"Simultaneous entry, time-on-study order",631,627,FALSE,NA,0.000405805382988193,-7.80963686553439,-0.0457399651328888,0.955290338692314
601,1,"Staggered entry, time-on-study order",631,627,FALSE,NA,0.000405805382988193,-7.80963686553439,-0.0457399651328888,0.955290338692314
601,1,"Staggered entry, calendar-event order",631,628,FALSE,NA,0.00155009641609816,-6.46943814605127,-0.0509719366210736,0.950305338937045
602,1,"Simultaneous entry, time-on-study order",631,630,FALSE,NA,0.133943625427978,-2.01033627331408,0.102052204200499,1.10744128330571
602,1,"Staggered entry, time-on-study order",631,630,FALSE,NA,0.133943625427978,-2.01033627331408,0.102052204200499,1.10744128330571
602,1,"Staggered entry, calendar-event order",631,630,FALSE,NA,0.343906370554324,-1.06738583727721,0.105073440795418,1.11079218482182
603,1,"Simultaneous entry, time-on-study order",631,630,FALSE,NA,0.000962415931307406,-6.94606383971325,0.0146610244462259,1.0147690244164
603,1,"Staggered entry, time-on-study order",631,630,FALSE,NA,0.000962415931307406,-6.94606383971325,0.0146610244462259,1.0147690244164
603,1,"Staggered entry, calendar-event order",631,630,FALSE,NA,0.00164761239595709,-6.4084280717859,0.0128415430251003,1.01292434971432
604,1,"Simultaneous entry, time-on-study order",631,630,FALSE,NA,0.0434095901571653,-3.1370748909231,-0.088554924246354,0.915252839783015
604,1,"Staggered entry, time-on-study order",631,630,FALSE,NA,0.0434095901571653,-3.1370748909231,-0.088554924246354,0.915252839783015
604,1,"Staggered entry, calendar-event order",631,630,FALSE,NA,0.0599551216351331,-2.814158969379,-0.0916321927075475,0.912440690173939
605,1,"Simultaneous entry, time-on-study order",631,630,FALSE,NA,0.000339807120457268,-7.98713239409824,0.00228535179212347,1.002287965199
605,1,"Staggered entry, time-on-study order",631,630,FALSE,NA,0.000339807120457268,-7.98713239409824,0.00228535179212347,1.002287965199
605,1,"Staggered entry, calendar-event order",631,630,FALSE,NA,0.000752616020796787,-7.19195539276498,-0.00138352391014795,0.998617432717834
606,1,"Simultaneous entry, time-on-study order",631,630,FALSE,NA,0.0304107633600085,-3.49295867533865,0.0678601012764723,1.07021557621233
606,1,"Staggered entry, time-on-study order",631,630,FALSE,NA,0.0304107633600085,-3.49295867533865,0.0678601012764723,1.07021557621233
606,1,"Staggered entry, calendar-event order",631,630,FALSE,NA,0.054921694688516,-2.90184684115648,0.0676030746580344,1.0699405376694
607,1,"Simultaneous entry, time-on-study order",631,629,FALSE,NA,2.87590107649531,1.05636604305559,0.180807721300306,1.19818477173277
607,1,"Staggered entry, time-on-study order",631,629,FALSE,NA,2.87590107649531,1.05636604305559,0.180807721300306,1.19818477173277
607,1,"Staggered entry, calendar-event order",631,629,TRUE,233,4.43391638686267,1.48928325374583,0.173791182878059,1.1898070877863
608,1,"Simultaneous entry, time-on-study order",631,630,FALSE,NA,0.00290419771433119,-5.84159810088978,-0.0942145835466069,0.910087451493216
608,1,"Staggered entry, time-on-study order",631,630,FALSE,NA,0.00290419771433119,-5.84159810088978,-0.0942145835466069,0.910087451493216
608,1,"Staggered entry, calendar-event order",631,629,FALSE,NA,0.0549138282626867,-2.90199008126007,-0.0917506882286689,0.912332576444487
609,1,"Simultaneous entry, time-on-study order",631,629,FALSE,NA,0.000252168702443083,-8.2854122402981,-0.0188472988145729,0.981329200934519
609,1,"Staggered entry, time-on-study order",631,629,FALSE,NA,0.000252168702443083,-8.2854122402981,-0.0188472988145729,0.981329200934519
609,1,"Staggered entry, calendar-event order",631,628,FALSE,NA,0.000391659995080523,-7.84511645403617,-0.023633802338556,0.976643288770027
610,1,"Simultaneous entry, time-on-study order",631,630,FALSE,NA,0.376749854661802,-0.976173827243884,-0.131611730300426,0.876681317798482
610,1,"Staggered entry, time-on-study order",631,630,FALSE,NA,0.376749854661802,-0.976173827243884,-0.131611730300426,0.876681317798482
610,1,"Staggered entry, calendar-event order",631,630,FALSE,NA,0.890182447560105,-0.116328840006474,-0.127357926031494,0.880418491498046
611,1,"Simultaneous entry, time-on-study order",631,627,FALSE,NA,0.00305354071419498,-5.79145347177446,0.0915271674125377,1.09584654760338
611,1,"Staggered entry, time-on-study order",631,627,FALSE,NA,0.00305354071419498,-5.79145347177446,0.0915271674125377,1.09584654760338
611,1,"Staggered entry, calendar-event order",631,628,FALSE,NA,0.0241912670666258,-3.72176357596241,0.0908221912111041,1.09507427411609
612,1,"Simultaneous entry, time-on-study order",631,628,FALSE,NA,0.00121967160316138,-6.70917363420838,-0.0639378270579351,0.938063319874177
612,1,"Staggered entry, time-on-study order",631,628,FALSE,NA,0.00121967160316138,-6.70917363420838,-0.0639378270579351,0.938063319874177
612,1,"Staggered entry, calendar-event order",631,628,FALSE,NA,0.0247622433018682,-3.69843523341733,-0.0698617406132914,0.932522741015731
613,1,"Simultaneous entry, time-on-study order",631,630,FALSE,NA,0.207840057910039,-1.57098644743191,0.0812288283821103,1.08461905979694
613,1,"Staggered entry, time-on-study order",631,630,FALSE,NA,0.207840057910039,-1.57098644743191,0.0812288283821103,1.08461905979694
613,1,"Staggered entry, calendar-event order",631,630,FALSE,NA,0.153190715820507,-1.87607162520582,0.0812827960549991,1.08467759574308
614,1,"Simultaneous entry, time-on-study order",631,627,FALSE,NA,0.0058638863016368,-5.13894270380186,-0.0155245399355898,0.984595344548927
614,1,"Staggered entry, time-on-study order",631,627,FALSE,NA,0.0058638863016368,-5.13894270380186,-0.0155245399355898,0.984595344548927
614,1,"Staggered entry, calendar-event order",631,627,FALSE,NA,0.00610344552897202,-5.09890182645031,-0.0185603444001977,0.981610838087262
615,1,"Simultaneous entry, time-on-study order",631,630,FALSE,NA,0.000616304522191053,-7.39176936237728,0.000873153835797161,1.00087353514558
615,1,"Staggered entry, time-on-study order",631,630,FALSE,NA,0.000616304522191053,-7.39176936237728,0.000873153835797161,1.00087353514558
615,1,"Staggered entry, calendar-event order",631,630,FALSE,NA,0.006950401672287,-4.96895582650181,0.0082391019258377,1.00827313673398
616,1,"Simultaneous entry, time-on-study order",631,629,FALSE,NA,0.0532043835855353,-2.93361448780474,-0.0866985179545492,0.916953498982192
616,1,"Staggered entry, time-on-study order",631,629,FALSE,NA,0.0532043835855353,-2.93361448780474,-0.0866985179545492,0.916953498982192
616,1,"Staggered entry, calendar-event order",631,630,FALSE,NA,0.143809779419257,-1.93926382891955,-0.0913987512479018,0.912653716524117
617,1,"Simultaneous entry, time-on-study order",631,630,FALSE,NA,0.00412718009434114,-5.49016089108745,0.0490530294459586,1.05027604482006
617,1,"Staggered entry, time-on-study order",631,630,FALSE,NA,0.00412718009434114,-5.49016089108745,0.0490530294459586,1.05027604482006
617,1,"Staggered entry, calendar-event order",631,630,FALSE,NA,0.00641871660324751,-5.04853708730036,0.0557946329279566,1.0573805102978
618,1,"Simultaneous entry, time-on-study order",631,630,FALSE,NA,0.118789083311322,-2.1304057675947,-0.102371074514692,0.902694522580461
618,1,"Staggered entry, time-on-study order",631,630,FALSE,NA,0.118789083311322,-2.1304057675947,-0.102371074514692,0.902694522580461
618,1,"Staggered entry, calendar-event order",631,630,FALSE,NA,0.140198207696961,-1.96469808836521,-0.094976176406336,0.909394599257577
619,1,"Simultaneous entry, time-on-study order",631,628,FALSE,NA,0.0307317476683291,-3.48245903272473,0.0731121301819242,1.07585116553844
619,1,"Staggered entry, time-on-study order",631,628,FALSE,NA,0.0307317476683291,-3.48245903272473,0.0731121301819242,1.07585116553844
619,1,"Staggered entry, calendar-event order",631,629,FALSE,NA,0.0821185773442022,-2.49959101109006,0.0685064769075201,1.07090756109775
620,1,"Simultaneous entry, time-on-study order",631,626,FALSE,NA,0.00392070579636764,-5.54148359129305,-0.0236016195493701,0.976674720380875
620,1,"Staggered entry, time-on-study order",631,626,FALSE,NA,0.00392070579636764,-5.54148359129305,-0.0236016195493701,0.976674720380875
620,1,"Staggered entry, calendar-event order",631,626,FALSE,NA,0.00601657104605385,-5.11323777562027,-0.0171131670087064,0.983032431500202
621,1,"Simultaneous entry, time-on-study order",631,630,FALSE,NA,0.000182627192973647,-8.60806367989626,-0.0114888691021097,0.988576875934935
621,1,"Staggered entry, time-on-study order",631,630,FALSE,NA,0.000182627192973647,-8.60806367989626,-0.0114888691021097,0.988576875934935
621,1,"Staggered entry, calendar-event order",631,629,FALSE,NA,0.00123066879613939,-6.70019752067035,-0.016872743523175,0.983268803997385
622,1,"Simultaneous entry, time-on-study order",631,628,FALSE,NA,0.00257643839370627,-5.96134730132748,-0.0390731786763244,0.961680332077599
622,1,"Staggered entry, time-on-study order",631,628,FALSE,NA,0.00257643839370627,-5.96134730132748,-0.0390731786763244,0.961680332077599
622,1,"Staggered entry, calendar-event order",631,630,FALSE,NA,0.000734617212890062,-7.21616099320326,-0.0336999884946156,0.966861530713079
623,1,"Simultaneous entry, time-on-study order",631,630,FALSE,NA,0.000983225555482534,-6.92467200789957,0.0140860352604251,1.01418571091682
623,1,"Staggered entry, time-on-study order",631,630,FALSE,NA,0.000983225555482534,-6.92467200789957,0.0140860352604251,1.01418571091682
623,1,"Staggered entry, calendar-event order",631,630,FALSE,NA,0.000117928338499637,-9.045433418831,0.0126092442772077,1.01268907598412
624,1,"Simultaneous entry, time-on-study order",631,630,FALSE,NA,0.00917025765040674,-4.69178989600851,0.105151416621428,1.11087880313698
624,1,"Staggered entry, time-on-study order",631,630,FALSE,NA,0.00917025765040674,-4.69178989600851,0.105151416621428,1.11087880313698
624,1,"Staggered entry, calendar-event order",631,630,FALSE,NA,0.0186564427513821,-3.98156373671026,0.0987856747171973,1.10382969559301
625,1,"Simultaneous entry, time-on-study order",631,630,FALSE,NA,0.0790862825218968,-2.53721583869247,-0.0680200530926948,0.93424173895318
625,1,"Staggered entry, time-on-study order",631,630,FALSE,NA,0.0790862825218968,-2.53721583869247,-0.0680200530926948,0.93424173895318
625,1,"Staggered entry, calendar-event order",631,630,FALSE,NA,0.012195169492394,-4.40671534889554,-0.0696784655516344,0.932693664841146
626,1,"Simultaneous entry, time-on-study order",631,630,FALSE,NA,0.0212159248501971,-3.85300320711368,0.0364947034770925,1.03716881061484
626,1,"Staggered entry, time-on-study order",631,630,FALSE,NA,0.0212159248501971,-3.85300320711368,0.0364947034770925,1.03716881061484
626,1,"Staggered entry, calendar-event order",631,630,FALSE,NA,0.0182251517563814,-4.00495267429732,0.0379915315115321,1.03872243643228
627,1,"Simultaneous entry, time-on-study order",631,630,FALSE,NA,0.0950159688670652,-2.35371030817017,-0.0999529395710151,0.904880001074994
627,1,"Staggered entry, time-on-study order",631,630,FALSE,NA,0.0950159688670652,-2.35371030817017,-0.0999529395710151,0.904880001074994
627,1,"Staggered entry, calendar-event order",631,630,FALSE,NA,0.163301276623453,-1.81215846137888,-0.0991045314011633,0.905648034417454
628,1,"Simultaneous entry, time-on-study order",631,630,FALSE,NA,0.318989008215734,-1.14259863379492,0.10610555066821,1.11193923624212
628,1,"Staggered entry, time-on-study order",631,630,FALSE,NA,0.318989008215734,-1.14259863379492,0.10610555066821,1.11193923624212
628,1,"Staggered entry, calendar-event order",631,629,FALSE,NA,0.0537435239227748,-2.92353210439096,0.100663243116172,1.10590415821061
629,1,"Simultaneous entry, time-on-study order",631,628,FALSE,NA,0.103864730454964,-2.26466589514675,0.115141484919715,1.12203217697453
629,1,"Staggered entry, time-on-study order",631,628,FALSE,NA,0.103864730454964,-2.26466589514675,0.115141484919715,1.12203217697453
629,1,"Staggered entry, calendar-event order",631,628,FALSE,NA,0.713552136359842,-0.337499773452633,0.117957146685502,1.12519589196074
630,1,"Simultaneous entry, time-on-study order",631,630,FALSE,NA,0.0166425844465569,-4.09579054035135,0.0708257497676438,1.073394170388
630,1,"Staggered entry, time-on-study order",631,630,FALSE,NA,0.0166425844465569,-4.09579054035135,0.0708257497676438,1.073394170388
630,1,"Staggered entry, calendar-event order",631,630,FALSE,NA,0.0956642874088864,-2.34691022249028,0.0741621352640826,1.07698140800622
631,1,"Simultaneous entry, time-on-study order",631,629,FALSE,NA,3.26895214690267e-05,-10.3284559757866,-0.0132029458150902,0.986883830752087
631,1,"Staggered entry, time-on-study order",631,629,FALSE,NA,3.26895214690267e-05,-10.3284559757866,-0.0132029458150902,0.986883830752087
631,1,"Staggered entry, calendar-event order",631,629,FALSE,NA,6.86600218608476e-05,-9.58634345154201,-0.0156278768600035,0.984493604751059
632,1,"Simultaneous entry, time-on-study order",631,623,FALSE,NA,0.00819856420124843,-4.803796237452,0.0268362048143989,1.02719953864436
632,1,"Staggered entry, time-on-study order",631,623,FALSE,NA,0.00819856420124843,-4.803796237452,0.0268362048143989,1.02719953864436
632,1,"Staggered entry, calendar-event order",631,624,FALSE,NA,0.00828195392376213,-4.79367635729344,0.0235849298908511,1.02386525381837
633,1,"Simultaneous entry, time-on-study order",631,630,FALSE,NA,0.00615751054086799,-5.09008271609642,0.0424978687822214,1.0434138326292
633,1,"Staggered entry, time-on-study order",631,630,FALSE,NA,0.00615751054086799,-5.09008271609642,0.0424978687822214,1.0434138326292
633,1,"Staggered entry, calendar-event order",631,630,FALSE,NA,0.000286299286339769,-8.15847283856408,0.0470981831238854,1.04822492202479
634,1,"Simultaneous entry, time-on-study order",631,630,FALSE,NA,0.00993402385892586,-4.61178966055577,0.0549163624315367,1.05645225188278
634,1,"Staggered entry, time-on-study order",631,630,FALSE,NA,0.00993402385892586,-4.61178966055577,0.0549163624315367,1.05645225188278
634,1,"Staggered entry, calendar-event order",631,630,FALSE,NA,0.000700272941033035,-7.26404038315679,0.0568601031405302,1.05850771813143
635,1,"Simultaneous entry, time-on-study order",631,630,FALSE,NA,0.0553526090688609,-2.89403148328964,0.0564003785792781,1.05802120797403
635,1,"Staggered entry, time-on-study order",631,630,FALSE,NA,0.0553526090688609,-2.89403148328964,0.0564003785792781,1.05802120797403
635,1,"Staggered entry, calendar-event order",631,630,FALSE,NA,0.0544012092455332,-2.91136889658911,0.0562266610322967,1.05783742708857
636,1,"Simultaneous entry, time-on-study order",631,630,FALSE,NA,0.0979257066495847,-2.3235461832236,-0.0845103250107581,0.918962167033587
636,1,"Staggered entry, time-on-study order",631,630,FALSE,NA,0.0979257066495847,-2.3235461832236,-0.0845103250107581,0.918962167033587
636,1,"Staggered entry, calendar-event order",631,630,FALSE,NA,0.183405319165568,-1.69605671649656,-0.0816145038777732,0.92162717392659
637,1,"Simultaneous entry, time-on-study order",631,630,FALSE,NA,14.7408851307305,2.69062493453295,0.22110215214553,1.24745085383684
637,1,"Staggered entry, time-on-study order",631,630,FALSE,NA,14.7408851307305,2.69062493453295,0.22110215214553,1.24745085383684
637,1,"Staggered entry, calendar-event order",631,629,TRUE,589,23.6424667191654,3.16304453223668,0.217976578002635,1.24355794066715
638,1,"Simultaneous entry, time-on-study order",631,627,FALSE,NA,0.0174149677182278,-4.05042522884216,-0.0266285491575173,0.973722864535969
638,1,"Staggered entry, time-on-study order",631,627,FALSE,NA,0.0174149677182278,-4.05042522884216,-0.0266285491575173,0.973722864535969
638,1,"Staggered entry, calendar-event order",631,627,FALSE,NA,0.00870872727981984,-4.74342962051442,-0.0341122604074878,0.966463003016862
639,1,"Simultaneous entry, time-on-study order",631,630,TRUE,235,2.39685368386593,0.874156912231587,-0.157741565629821,0.854070474615167
639,1,"Staggered entry, time-on-study order",631,630,TRUE,235,2.39685368386593,0.874156912231587,-0.157741565629821,0.854070474615167
639,1,"Staggered entry, calendar-event order",631,630,TRUE,226,1.83383340768699,0.6064085342052,-0.149824415074473,0.860859117039617
640,1,"Simultaneous entry, time-on-study order",631,627,FALSE,NA,0.0508740725407045,-2.97840186554369,-0.132516694469175,0.875888311493728
640,1,"Staggered entry, time-on-study order",631,627,FALSE,NA,0.0508740725407045,-2.97840186554369,-0.132516694469175,0.875888311493728
640,1,"Staggered entry, calendar-event order",631,627,FALSE,NA,0.960851220697965,-0.0399356991689926,-0.137322007632967,0.871689490265547
641,1,"Simultaneous entry, time-on-study order",631,630,FALSE,NA,0.000811204729409224,-7.11699009500478,-0.0151981833317555,0.984916726181382
641,1,"Staggered entry, time-on-study order",631,630,FALSE,NA,0.000811204729409224,-7.11699009500478,-0.0151981833317555,0.984916726181382
641,1,"Staggered entry, calendar-event order",631,630,FALSE,NA,0.000920638556886279,-6.99044304511375,-0.00976202042087397,0.990285473429521
642,1,"Simultaneous entry, time-on-study order",631,629,FALSE,NA,0.000494228791565419,-7.61251200717227,-0.0305244290139505,0.969936737179707
642,1,"Staggered entry, time-on-study order",631,629,FALSE,NA,0.000494228791565419,-7.61251200717227,-0.0305244290139505,0.969936737179707
642,1,"Staggered entry, calendar-event order",631,629,FALSE,NA,0.00153320770394799,-6.48039319971965,-0.0251831343900489,0.975131315596558
643,1,"Simultaneous entry, time-on-study order",631,630,FALSE,NA,1.00542574487968,0.00541107855251457,0.138278868720794,1.14829572938928
643,1,"Staggered entry, time-on-study order",631,630,FALSE,NA,1.00542574487968,0.00541107855251457,0.138278868720794,1.14829572938928
643,1,"Staggered entry, calendar-event order",631,630,TRUE,189,0.909572919936468,-0.0947801083868903,0.13511493634074,1.14466834078131
644,1,"Simultaneous entry, time-on-study order",631,630,FALSE,NA,0.0113271929709918,-4.48054898653614,0.0675086026003943,1.0698394629597
644,1,"Staggered entry, time-on-study order",631,630,FALSE,NA,0.0113271929709918,-4.48054898653614,0.0675086026003943,1.0698394629597
644,1,"Staggered entry, calendar-event order",631,630,FALSE,NA,0.0110187037222999,-4.50816111173163,0.0668453212123727,1.06913009363749
645,1,"Simultaneous entry, time-on-study order",631,629,FALSE,NA,0.00224734699567653,-6.09800487149916,-0.0121895624997338,0.987884429269658
645,1,"Staggered entry, time-on-study order",631,629,FALSE,NA,0.00224734699567653,-6.09800487149916,-0.0121895624997338,0.987884429269658
645,1,"Staggered entry, calendar-event order",631,629,FALSE,NA,0.000220085987421828,-8.42149223605723,-0.0119743449665685,0.988097062199924
646,1,"Simultaneous entry, time-on-study order",631,630,FALSE,NA,0.00361427212458317,-5.6228647923078,-0.0162858397008219,0.983846057596453
646,1,"Staggered entry, time-on-study order",631,630,FALSE,NA,0.00361427212458317,-5.6228647923078,-0.0162858397008219,0.983846057596453
646,1,"Staggered entry, calendar-event order",631,630,FALSE,NA,0.00483367082877896,-5.33214909401756,-0.0174908524034995,0.982661224612339
647,1,"Simultaneous entry, time-on-study order",631,630,FALSE,NA,0.215221036387406,-1.53608970274241,-0.117059597460504,0.889532177724806
647,1,"Staggered entry, time-on-study order",631,630,FALSE,NA,0.215221036387406,-1.53608970274241,-0.117059597460504,0.889532177724806
647,1,"Staggered entry, calendar-event order",631,630,FALSE,NA,0.388364021218064,-0.945812180176853,-0.113748665809225,0.89248223899754
648,1,"Simultaneous entry, time-on-study order",631,629,FALSE,NA,0.00133215566783362,-6.62095684594948,-0.0397912431551196,0.960990031461015
648,1,"Staggered entry, time-on-study order",631,629,FALSE,NA,0.00133215566783362,-6.62095684594948,-0.0397912431551196,0.960990031461015
648,1,"Staggered entry, calendar-event order",631,629,FALSE,NA,0.032257703832927,-3.43399838572692,-0.0387347550124654,0.962005842536156
649,1,"Simultaneous entry, time-on-study order",631,628,FALSE,NA,0.0182486758710399,-4.00366275659739,-0.0279977140838067,0.972390589602101
649,1,"Staggered entry, time-on-study order",631,628,FALSE,NA,0.0182486758710399,-4.00366275659739,-0.0279977140838067,0.972390589602101
649,1,"Staggered entry, calendar-event order",631,628,FALSE,NA,0.012028781117846,-4.42045307434109,-0.0234193276711803,0.976852776478631
650,1,"Simultaneous entry, time-on-study order",631,628,FALSE,NA,0.000181672623382336,-8.61330426324613,-0.017189785745768,0.982957115682148
650,1,"Staggered entry, time-on-study order",631,628,FALSE,NA,0.000181672623382336,-8.61330426324613,-0.017189785745768,0.982957115682148
650,1,"Staggered entry, calendar-event order",631,628,FALSE,NA,9.67181784542777e-05,-9.2437091850208,-0.0208337253022639,0.979381797443929
651,1,"Simultaneous entry, time-on-study order",631,629,FALSE,NA,0.000777834384880685,-7.15899692935054,-0.0215155808550433,0.978714228145832
651,1,"Staggered entry, time-on-study order",631,629,FALSE,NA,0.000777834384880685,-7.15899692935054,-0.0215155808550433,0.978714228145832
651,1,"Staggered entry, calendar-event order",631,629,FALSE,NA,0.00118767074205114,-6.73576124961132,-0.0129563363143851,0.987127235692595
652,1,"Simultaneous entry, time-on-study order",631,630,FALSE,NA,1.44454291119665,0.367792947091889,0.137807363419573,1.14775442948842
652,1,"Staggered entry, time-on-study order",631,630,FALSE,NA,1.44454291119665,0.367792947091889,0.137807363419573,1.14775442948842
652,1,"Staggered entry, calendar-event order",631,630,FALSE,NA,1.23321547634835,0.209624966698395,0.136281257950986,1.14600417105616
653,1,"Simultaneous entry, time-on-study order",631,630,FALSE,NA,5.32933659338834e-06,-12.1422837940644,0.0163686104602292,1.01650331010952
653,1,"Staggered entry, time-on-study order",631,630,FALSE,NA,5.32933659338834e-06,-12.1422837940644,0.0163686104602292,1.01650331010952
653,1,"Staggered entry, calendar-event order",631,630,FALSE,NA,0.000772568222893233,-7.16579023866697,0.0240001250437556,1.02429044597174
654,1,"Simultaneous entry, time-on-study order",631,630,FALSE,NA,0.0209892767487921,-3.86374360268503,-0.0351025654722604,0.965506383560785
654,1,"Staggered entry, time-on-study order",631,630,FALSE,NA,0.0209892767487921,-3.86374360268503,-0.0351025654722604,0.965506383560785
654,1,"Staggered entry, calendar-event order",631,630,FALSE,NA,0.00962431754920469,-4.64346230530083,-0.0306770093918011,0.96978875515572
655,1,"Simultaneous entry, time-on-study order",631,627,FALSE,NA,1.92994066319702,0.657489257986671,0.171443894150735,1.18701754223667
655,1,"Staggered entry, time-on-study order",631,627,FALSE,NA,1.92994066319702,0.657489257986671,0.171443894150735,1.18701754223667
655,1,"Staggered entry, calendar-event order",631,627,FALSE,NA,2.61101617332407,0.959739484000401,0.1744864087399,1.19063456005106
656,1,"Simultaneous entry, time-on-study order",631,630,FALSE,NA,0.0261009150911768,-3.64578490430348,0.0939638724783023,1.09852005839303
656,1,"Staggered entry, time-on-study order",631,630,FALSE,NA,0.0261009150911768,-3.64578490430348,0.0939638724783023,1.09852005839303
656,1,"Staggered entry, calendar-event order",631,630,FALSE,NA,0.0260570968176217,-3.64746511726637,0.096323362357189,1.10111506559527
657,1,"Simultaneous entry, time-on-study order",631,630,FALSE,NA,0.164876651661376,-1.80255765033675,0.0825996088047623,1.08610685385666
657,1,"Staggered entry, time-on-study order",631,630,FALSE,NA,0.164876651661376,-1.80255765033675,0.0825996088047623,1.08610685385666
657,1,"Staggered entry, calendar-event order",631,630,FALSE,NA,0.0546751097959071,-2.90634670426573,0.0818205643986753,1.08526105788684
658,1,"Simultaneous entry, time-on-study order",631,626,TRUE,534,19.1889059104296,2.95433229486794,-0.207813211020415,0.812358762205422
658,1,"Staggered entry, time-on-study order",631,626,TRUE,534,19.1889059104296,2.95433229486794,-0.207813211020415,0.812358762205422
658,1,"Staggered entry, calendar-event order",631,628,TRUE,564,16.021216707913,2.77391388806413,-0.202720597942463,0.816506343110343
659,1,"Simultaneous entry, time-on-study order",631,629,FALSE,NA,0.000389658336874469,-7.85024026210103,-0.0257634029699684,0.974565641670097
659,1,"Staggered entry, time-on-study order",631,629,FALSE,NA,0.000389658336874469,-7.85024026210103,-0.0257634029699684,0.974565641670097
659,1,"Staggered entry, calendar-event order",631,629,FALSE,NA,8.2514213725856e-05,-9.40253999187731,-0.0305847317451255,0.969878249108901
660,1,"Simultaneous entry, time-on-study order",631,630,FALSE,NA,3.7971379781648,1.33424761932127,0.186139773948656,1.20459061899861
660,1,"Staggered entry, time-on-study order",631,630,FALSE,NA,3.7971379781648,1.33424761932127,0.186139773948656,1.20459061899861
660,1,"Staggered entry, calendar-event order",631,630,FALSE,NA,3.48096853903991,1.24731057087979,0.187157554288753,1.20581725176396
661,1,"Simultaneous entry, time-on-study order",631,630,FALSE,NA,0.00103647611851919,-6.87192866685635,0.00303958407198106,1.00304420829169
661,1,"Staggered entry, time-on-study order",631,630,FALSE,NA,0.00103647611851919,-6.87192866685635,0.00303958407198106,1.00304420829169
661,1,"Staggered entry, calendar-event order",631,629,FALSE,NA,0.000830797678311719,-7.0931242604875,0.00928663995901433,1.00932989459293
662,1,"Simultaneous entry, time-on-study order",631,630,FALSE,NA,0.0108389026427253,-4.52461352031588,0.00784488556361252,1.00787573730172
662,1,"Staggered entry, time-on-study order",631,630,FALSE,NA,0.0108389026427253,-4.52461352031588,0.00784488556361252,1.00787573730172
662,1,"Staggered entry, calendar-event order",631,630,FALSE,NA,0.00272558377195635,-5.90507264556966,0.0167751989254862,1.0169166926629
663,1,"Simultaneous entry, time-on-study order",631,630,FALSE,NA,0.0504861333110405,-2.98605656830717,0.100736627776689,1.10598531758972
663,1,"Staggered entry, time-on-study order",631,630,FALSE,NA,0.0504861333110405,-2.98605656830717,0.100736627776689,1.10598531758972
663,1,"Staggered entry, calendar-event order",631,630,FALSE,NA,0.058260852104422,-2.84282490166659,0.0981332375504831,1.10310975095874
664,1,"Simultaneous entry, time-on-study order",631,627,FALSE,NA,0.0978157435968811,-2.32466973742363,-0.0719692498113546,0.93055951025174
664,1,"Staggered entry, time-on-study order",631,627,FALSE,NA,0.0978157435968811,-2.32466973742363,-0.0719692498113546,0.93055951025174
664,1,"Staggered entry, calendar-event order",631,626,FALSE,NA,0.0347135380354017,-3.3606255230037,-0.0742558585746734,0.92843411561987
665,1,"Simultaneous entry, time-on-study order",631,627,FALSE,NA,0.00083796678944952,-7.084532088996,-0.0926452644457022,0.911516790365391
665,1,"Staggered entry, time-on-study order",631,627,FALSE,NA,0.00083796678944952,-7.084532088996,-0.0926452644457022,0.911516790365391
665,1,"Staggered entry, calendar-event order",631,627,FALSE,NA,0.0699375474929703,-2.6601526138329,-0.0967112915487365,0.907818063049441
666,1,"Simultaneous entry, time-on-study order",631,630,FALSE,NA,0.000960800428429233,-6.94774384128974,0.0179275531378668,1.01808921634889
666,1,"Staggered entry, time-on-study order",631,630,FALSE,NA,0.000960800428429233,-6.94774384128974,0.0179275531378668,1.01808921634889
666,1,"Staggered entry, calendar-event order",631,630,FALSE,NA,0.000803695965089639,-7.12628951317672,0.018755694256128,1.0189326870992
667,1,"Simultaneous entry, time-on-study order",631,628,FALSE,NA,2.14617160772877,0.763685607334192,0.152618494207521,1.16488048550695
667,1,"Staggered entry, time-on-study order",631,628,FALSE,NA,2.14617160772877,0.763685607334192,0.152618494207521,1.16488048550695
667,1,"Staggered entry, calendar-event order",631,627,FALSE,NA,1.55169636270366,0.439348760032671,0.14842194257012,1.16000224744632
668,1,"Simultaneous entry, time-on-study order",631,630,FALSE,NA,0.468150864321351,-0.758964675350196,0.111804674809175,1.11829440824242
668,1,"Staggered entry, time-on-study order",631,630,FALSE,NA,0.468150864321351,-0.758964675350196,0.111804674809175,1.11829440824242
668,1,"Staggered entry, calendar-event order",631,630,FALSE,NA,0.281517964653725,-1.26755901584105,0.114554832322568,1.12137412692609
669,1,"Simultaneous entry, time-on-study order",631,629,FALSE,NA,0.113790997818045,-2.17339186570848,-0.0872520523961789,0.916446074090665
669,1,"Staggered entry, time-on-study order",631,629,FALSE,NA,0.113790997818045,-2.17339186570848,-0.0872520523961789,0.916446074090665
669,1,"Staggered entry, calendar-event order",631,630,FALSE,NA,0.252186172113722,-1.37758768600396,-0.0939012681348343,0.910372640592567
670,1,"Simultaneous entry, time-on-study order",631,630,FALSE,NA,0.0049719179366055,-5.30394961057738,0.0320597316647096,1.03257918113653
670,1,"Staggered entry, time-on-study order",631,630,FALSE,NA,0.0049719179366055,-5.30394961057738,0.0320597316647096,1.03257918113653
670,1,"Staggered entry, calendar-event order",631,630,FALSE,NA,0.0212121347857096,-3.85318186550768,0.0221465002472273,1.02239355440799
671,1,"Simultaneous entry, time-on-study order",631,629,FALSE,NA,0.0024412263813696,-6.01525475063039,-0.0609699497913693,0.940851512135443
671,1,"Staggered entry, time-on-study order",631,629,FALSE,NA,0.0024412263813696,-6.01525475063039,-0.0609699497913693,0.940851512135443
671,1,"Staggered entry, calendar-event order",631,630,FALSE,NA,0.0427853838945712,-3.15155873250843,-0.0625257958910181,0.93938883012904
672,1,"Simultaneous entry, time-on-study order",631,629,FALSE,NA,0.000104972935685906,-9.1618079964037,0.0267411799098921,1.02710193374381
672,1,"Staggered entry, time-on-study order",631,629,FALSE,NA,0.000104972935685906,-9.1618079964037,0.0267411799098921,1.02710193374381
672,1,"Staggered entry, calendar-event order",631,630,FALSE,NA,0.000290537517978065,-8.14377784034509,0.0300576936789347,1.03051398638155
673,1,"Simultaneous entry, time-on-study order",631,629,FALSE,NA,0.0215428363279314,-3.83771193867414,0.057004470683675,1.05866054332133
673,1,"Staggered entry, time-on-study order",631,629,FALSE,NA,0.0215428363279314,-3.83771193867414,0.057004470683675,1.05866054332133
673,1,"Staggered entry, calendar-event order",631,630,FALSE,NA,0.013710900373216,-4.28956411482788,0.0543823626061292,1.05588825716466
674,1,"Simultaneous entry, time-on-study order",631,630,FALSE,NA,0.00682662395664024,-4.98692502385004,0.0258114498761771,1.02614745000318
674,1,"Staggered entry, time-on-study order",631,630,FALSE,NA,0.00682662395664024,-4.98692502385004,0.0258114498761771,1.02614745000318
674,1,"Staggered entry, calendar-event order",631,630,FALSE,NA,0.000347551503856089,-7.96459769140631,0.026503397967943,1.02685773648542
675,1,"Simultaneous entry, time-on-study order",631,630,FALSE,NA,0.0872264359458935,-2.43924782949515,0.0885076734802886,1.0925426361827
675,1,"Staggered entry, time-on-study order",631,630,FALSE,NA,0.0872264359458935,-2.43924782949515,0.0885076734802886,1.0925426361827
675,1,"Staggered entry, calendar-event order",631,630,TRUE,205,0.176771689393847,-1.73289626946329,0.080602639062626,1.08394009552826
676,1,"Simultaneous entry, time-on-study order",631,630,FALSE,NA,0.0481742050366036,-3.03293156639329,-0.0900110265191662,0.913921107847057
676,1,"Staggered entry, time-on-study order",631,630,FALSE,NA,0.0481742050366036,-3.03293156639329,-0.0900110265191662,0.913921107847057
676,1,"Staggered entry, calendar-event order",631,630,FALSE,NA,0.00548377542263684,-5.20596146949973,-0.0834005791744857,0.919982547548939
677,1,"Simultaneous entry, time-on-study order",631,629,FALSE,NA,1.90500888245809,0.644486671275455,-0.141998471168475,0.867622582933657
677,1,"Staggered entry, time-on-study order",631,629,FALSE,NA,1.90500888245809,0.644486671275455,-0.141998471168475,0.867622582933657
677,1,"Staggered entry, calendar-event order",631,630,FALSE,NA,0.32956247929272,-1.10998932452408,-0.138978324038445,0.870246891691979
678,1,"Simultaneous entry, time-on-study order",631,630,FALSE,NA,0.00386129675586069,-5.55675220480883,-0.0404926949869881,0.960316179607978
678,1,"Staggered entry, time-on-study order",631,630,FALSE,NA,0.00386129675586069,-5.55675220480883,-0.0404926949869881,0.960316179607978
678,1,"Staggered entry, calendar-event order",631,630,FALSE,NA,0.00298349638019608,-5.81465938427719,-0.0383347423015879,0.962390734076731
679,1,"Simultaneous entry, time-on-study order",631,628,FALSE,NA,0.0653978504357239,-2.72726588901444,0.0769135891575294,1.07994875307901
679,1,"Staggered entry, time-on-study order",631,628,FALSE,NA,0.0653978504357239,-2.72726588901444,0.0769135891575294,1.07994875307901
679,1,"Staggered entry, calendar-event order",631,628,FALSE,NA,0.100316420729464,-2.29942588126807,0.080581866999584,1.08391758009011
680,1,"Simultaneous entry, time-on-study order",631,629,FALSE,NA,0.0162935985878901,-4.11698297297527,-0.0466284320077427,0.954441971799266
680,1,"Staggered entry, time-on-study order",631,629,FALSE,NA,0.0162935985878901,-4.11698297297527,-0.0466284320077427,0.954441971799266
680,1,"Staggered entry, calendar-event order",631,630,FALSE,NA,0.0357730093765087,-3.33056159795263,-0.0472381698838014,0.953860189763856
681,1,"Simultaneous entry, time-on-study order",631,627,FALSE,NA,6.65278003507664e-05,-9.61789064727372,0.0132908456414028,1.01337956153103
681,1,"Staggered entry, time-on-study order",631,627,FALSE,NA,6.65278003507664e-05,-9.61789064727372,0.0132908456414028,1.01337956153103
681,1,"Staggered entry, calendar-event order",631,627,FALSE,NA,7.99976977251522e-05,-9.4335127021401,0.012857895100743,1.01294091326533
682,1,"Simultaneous entry, time-on-study order",631,630,FALSE,NA,0.161258086991453,-1.82474917267884,-0.0980946895058517,0.906563057681669
682,1,"Staggered entry, time-on-study order",631,630,FALSE,NA,0.161258086991453,-1.82474917267884,-0.0980946895058517,0.906563057681669
682,1,"Staggered entry, calendar-event order",631,630,FALSE,NA,0.199231765079596,-1.61328648329357,-0.0956252124697361,0.908804560865608
683,1,"Simultaneous entry, time-on-study order",631,629,FALSE,NA,0.00929009820632206,-4.67880615502582,-0.0419771764997692,0.958891665586888
683,1,"Staggered entry, time-on-study order",631,629,FALSE,NA,0.00929009820632206,-4.67880615502582,-0.0419771764997692,0.958891665586888
683,1,"Staggered entry, calendar-event order",631,629,FALSE,NA,0.0216582013349262,-3.83237108171951,-0.0384806125672071,0.962250360123164
684,1,"Simultaneous entry, time-on-study order",631,630,FALSE,NA,0.00200974943895392,-6.20974522191837,0.0307451245391701,1.03122263704396
684,1,"Staggered entry, time-on-study order",631,630,FALSE,NA,0.00200974943895392,-6.20974522191837,0.0307451245391701,1.03122263704396
684,1,"Staggered entry, calendar-event order",631,630,FALSE,NA,0.0260744110569972,-3.64680086485096,0.0368258191143535,1.03751229028912
685,1,"Simultaneous entry, time-on-study order",631,629,FALSE,NA,0.0352545583874311,-3.34516044212895,-0.0738568007941299,0.92880468841249
685,1,"Staggered entry, time-on-study order",631,629,FALSE,NA,0.0352545583874311,-3.34516044212895,-0.0738568007941299,0.92880468841249
685,1,"Staggered entry, calendar-event order",631,629,FALSE,NA,0.0279269711250611,-3.57816235012367,-0.0715557815007386,0.930944346673721
686,1,"Simultaneous entry, time-on-study order",631,630,FALSE,NA,0.0315965141108761,-3.45470847742115,-0.0361183914880086,0.96452609504358
686,1,"Staggered entry, time-on-study order",631,630,FALSE,NA,0.0315965141108761,-3.45470847742115,-0.0361183914880086,0.96452609504358
686,1,"Staggered entry, calendar-event order",631,630,FALSE,NA,0.0198264378260516,-3.92073898818686,-0.0368207036411488,0.963848934461896
687,1,"Simultaneous entry, time-on-study order",631,629,FALSE,NA,0.000307253587507917,-8.08783713340105,-0.0124724633285424,0.98760499547374
687,1,"Staggered entry, time-on-study order",631,629,FALSE,NA,0.000307253587507917,-8.08783713340105,-0.0124724633285424,0.98760499547374
687,1,"Staggered entry, calendar-event order",631,629,FALSE,NA,0.000245285580378566,-8.3130873920454,-0.0154877780489246,0.984631540796712
688,1,"Simultaneous entry, time-on-study order",631,630,FALSE,NA,0.00728244867356869,-4.92228811706919,-0.0401570236619353,0.960638584320438
688,1,"Staggered entry, time-on-study order",631,630,FALSE,NA,0.00728244867356869,-4.92228811706919,-0.0401570236619353,0.960638584320438
688,1,"Staggered entry, calendar-event order",631,630,FALSE,NA,0.034452187705152,-3.36818277976075,-0.0461501842802389,0.954898540671124
689,1,"Simultaneous entry, time-on-study order",631,630,TRUE,538,12.9514981767177,2.56121147077589,-0.194420953746299,0.823311255354804
689,1,"Staggered entry, time-on-study order",631,630,TRUE,538,12.9514981767177,2.56121147077589,-0.194420953746299,0.823311255354804
689,1,"Staggered entry, calendar-event order",631,630,TRUE,549,7.23570643107408,1.97902799610115,-0.187695767236157,0.828866837326396
690,1,"Simultaneous entry, time-on-study order",631,629,FALSE,NA,0.399736544897104,-0.91694958662853,-0.109647936789736,0.896149581063231
690,1,"Staggered entry, time-on-study order",631,629,FALSE,NA,0.399736544897104,-0.91694958662853,-0.109647936789736,0.896149581063231
690,1,"Staggered entry, calendar-event order",631,630,TRUE,217,0.426501405205916,-0.852139617317459,-0.103970806699799,0.901251607545899
691,1,"Simultaneous entry, time-on-study order",631,629,FALSE,NA,0.00161172470473965,-6.43045042817953,0.0228181488580634,1.0230804742771
691,1,"Staggered entry, time-on-study order",631,629,FALSE,NA,0.00161172470473965,-6.43045042817953,0.0228181488580634,1.0230804742771
691,1,"Staggered entry, calendar-event order",631,629,FALSE,NA,0.00282328123739394,-5.86985551108311,0.0248508073489911,1.02516216245387
692,1,"Simultaneous entry, time-on-study order",631,630,FALSE,NA,0.124606252393705,-2.08259649416299,0.0811511513469783,1.08453481307619
692,1,"Staggered entry, time-on-study order",631,630,FALSE,NA,0.124606252393705,-2.08259649416299,0.0811511513469783,1.08453481307619
692,1,"Staggered entry, calendar-event order",631,630,FALSE,NA,0.144683219887258,-1.93320861691187,0.0814593009980352,1.08486906359734
693,1,"Simultaneous entry, time-on-study order",631,630,FALSE,NA,0.0002937541647782,-8.13276731463807,-0.0220342629105484,0.978206718267736
693,1,"Staggered entry, time-on-study order",631,630,FALSE,NA,0.0002937541647782,-8.13276731463807,-0.0220342629105484,0.978206718267736
693,1,"Staggered entry, calendar-event order",631,630,FALSE,NA,0.00266929412168761,-5.92594121542269,-0.0290045237166904,0.971412070063671
694,1,"Simultaneous entry, time-on-study order",631,629,FALSE,NA,1.81689289048921,0.597127839129012,0.163232095498244,1.17730990631036
694,1,"Staggered entry, time-on-study order",631,629,FALSE,NA,1.81689289048921,0.597127839129012,0.163232095498244,1.17730990631036
694,1,"Staggered entry, calendar-event order",631,629,FALSE,NA,0.344860997404584,-1.06461384921291,0.153589606132028,1.16601226429005
695,1,"Simultaneous entry, time-on-study order",631,629,FALSE,NA,0.00355334133436871,-5.63986689721657,-0.0349739426851649,0.965630577669722
695,1,"Staggered entry, time-on-study order",631,629,FALSE,NA,0.00355334133436871,-5.63986689721657,-0.0349739426851649,0.965630577669722
695,1,"Staggered entry, calendar-event order",631,629,FALSE,NA,0.017016571994691,-4.0735675865404,-0.0351779897580654,0.965433563677593
696,1,"Simultaneous entry, time-on-study order",631,630,FALSE,NA,0.110573931880003,-2.20207091496237,0.0863486190309405,1.09018632176384
696,1,"Staggered entry, time-on-study order",631,630,FALSE,NA,0.110573931880003,-2.20207091496237,0.0863486190309405,1.09018632176384
696,1,"Staggered entry, calendar-event order",631,630,FALSE,NA,0.226031228394095,-1.48708211052072,0.0929445389238483,1.09740087054704
697,1,"Simultaneous entry, time-on-study order",631,629,FALSE,NA,0.0240131700301576,-3.72915284788654,0.0793845386614608,1.08262055149477
697,1,"Staggered entry, time-on-study order",631,629,FALSE,NA,0.0240131700301576,-3.72915284788654,0.0793845386614608,1.08262055149477
697,1,"Staggered entry, calendar-event order",631,630,FALSE,NA,0.0939214014204294,-2.36529700158662,0.0697710724652048,1.072262682702
698,1,"Simultaneous entry, time-on-study order",631,627,FALSE,NA,0.0226803482725042,-3.78625644430997,0.0974971377337782,1.10240828617281
698,1,"Staggered entry, time-on-study order",631,627,FALSE,NA,0.0226803482725042,-3.78625644430997,0.0974971377337782,1.10240828617281
698,1,"Staggered entry, calendar-event order",631,625,FALSE,NA,0.120483721764497,-2.1162406242681,0.102980047785506,1.10846929243829
699,1,"Simultaneous entry, time-on-study order",631,630,FALSE,NA,0.00127643358264988,-6.66368535346296,0.00396634629499251,1.00397422265647
699,1,"Staggered entry, time-on-study order",631,630,FALSE,NA,0.00127643358264988,-6.66368535346296,0.00396634629499251,1.00397422265647
699,1,"Staggered entry, calendar-event order",631,629,FALSE,NA,0.00172265550655397,-6.36388827958453,0.00692122422269443,1.00694523124911
700,1,"Simultaneous entry, time-on-study order",631,628,FALSE,NA,0.000143139004859807,-8.85169433789395,-0.013527379649648,0.986563704179367
700,1,"Staggered entry, time-on-study order",631,628,FALSE,NA,0.000143139004859807,-8.85169433789395,-0.013527379649648,0.986563704179367
700,1,"Staggered entry, calendar-event order",631,628,FALSE,NA,0.00737761149900292,-4.9093053378757,-0.0162202823855143,0.98391055801688
701,1,"Simultaneous entry, time-on-study order",631,630,FALSE,NA,0.000153817399759745,-8.77974437491366,-0.0190871929007791,0.981093814097677
701,1,"Staggered entry, time-on-study order",631,630,FALSE,NA,0.000153817399759745,-8.77974437491366,-0.0190871929007791,0.981093814097677
701,1,"Staggered entry, calendar-event order",631,629,FALSE,NA,0.000162219264964324,-8.72656165043625,-0.0213421685451068,0.978883963957616
702,1,"Simultaneous entry, time-on-study order",631,630,FALSE,NA,0.0799983624306682,-2.52574911413441,-0.0658823535821385,0.93624100321305
702,1,"Staggered entry, time-on-study order",631,630,FALSE,NA,0.0799983624306682,-2.52574911413441,-0.0658823535821385,0.93624100321305
702,1,"Staggered entry, calendar-event order",631,630,FALSE,NA,0.131400767511234,-2.02950333191951,-0.069265009498936,0.933079372413258
703,1,"Simultaneous entry, time-on-study order",631,630,FALSE,NA,0.00178503089989339,-6.32831955303572,-0.0406725404824467,0.960143486598355
703,1,"Staggered entry, time-on-study order",631,630,FALSE,NA,0.00178503089989339,-6.32831955303572,-0.0406725404824467,0.960143486598355
703,1,"Staggered entry, calendar-event order",631,630,FALSE,NA,0.00680622308427876,-4.98991792585042,-0.0450855954219765,0.955915656327228
704,1,"Simultaneous entry, time-on-study order",631,625,FALSE,NA,0.00428357766209409,-5.45296671620181,0.0571498109245701,1.05881442048172
704,1,"Staggered entry, time-on-study order",631,625,FALSE,NA,0.00428357766209409,-5.45296671620181,0.0571498109245701,1.05881442048172
704,1,"Staggered entry, calendar-event order",631,625,FALSE,NA,0.0027779191733422,-5.88605313034245,0.0616108085486854,1.06354834024767
705,1,"Simultaneous entry, time-on-study order",631,630,FALSE,NA,0.944108085806299,-0.0575146217148311,0.13215834673368,1.14128902434902
705,1,"Staggered entry, time-on-study order",631,630,FALSE,NA,0.944108085806299,-0.0575146217148311,0.13215834673368,1.14128902434902
705,1,"Staggered entry, calendar-event order",631,630,FALSE,NA,1.10429650439409,0.0992084846164179,0.139365489348525,1.14954416938306
706,1,"Simultaneous entry, time-on-study order",631,629,FALSE,NA,0.17796275188026,-1.72618100968746,-0.0870434106035257,0.91663730299091
706,1,"Staggered entry, time-on-study order",631,629,FALSE,NA,0.17796275188026,-1.72618100968746,-0.0870434106035257,0.91663730299091
706,1,"Staggered entry, calendar-event order",631,629,TRUE,266,0.239818966309629,-1.42787094731606,-0.0966633847054534,0.907861554788885
707,1,"Simultaneous entry, time-on-study order",631,630,FALSE,NA,0.00104427881665499,-6.86442875941591,0.0156175946012015,1.01574018659768
707,1,"Staggered entry, time-on-study order",631,630,FALSE,NA,0.00104427881665499,-6.86442875941591,0.0156175946012015,1.01574018659768
707,1,"Staggered entry, calendar-event order",631,630,FALSE,NA,0.00101214850308247,-6.89567997670609,0.0176918501851071,1.01784927799262
708,1,"Simultaneous entry, time-on-study order",631,628,FALSE,NA,8.66651778188703e-05,-9.35345839477745,0.0116721378264081,1.01174052303532
708,1,"Staggered entry, time-on-study order",631,628,FALSE,NA,8.66651778188703e-05,-9.35345839477745,0.0116721378264081,1.01174052303532
708,1,"Staggered entry, calendar-event order",631,630,FALSE,NA,0.0029156571676082,-5.83766004115489,0.0135141289809123,1.01360585756685
709,1,"Simultaneous entry, time-on-study order",631,630,FALSE,NA,0.0335931504333571,-3.39343308894455,0.0503121938612734,1.05159934799525
709,1,"Staggered entry, time-on-study order",631,630,FALSE,NA,0.0335931504333571,-3.39343308894455,0.0503121938612734,1.05159934799525
709,1,"Staggered entry, calendar-event order",631,630,FALSE,NA,0.0390127547926053,-3.24386664035613,0.044227451884761,1.0452200651274
710,1,"Simultaneous entry, time-on-study order",631,629,TRUE,574,5.12648421252295,1.63442008554128,-0.18016492480927,0.835132465990097
710,1,"Staggered entry, time-on-study order",631,629,TRUE,574,5.12648421252295,1.63442008554128,-0.18016492480927,0.835132465990097
710,1,"Staggered entry, calendar-event order",631,629,FALSE,NA,5.7204489745349,1.74404729436292,-0.185127374255848,0.830998429304153
711,1,"Simultaneous entry, time-on-study order",631,630,FALSE,NA,0.00100968887052316,-6.89811304457277,-0.0201050368011575,0.980095721780556
711,1,"Staggered entry, time-on-study order",631,630,FALSE,NA,0.00100968887052316,-6.89811304457277,-0.0201050368011575,0.980095721780556
711,1,"Staggered entry, calendar-event order",631,630,FALSE,NA,0.000499407971258482,-7.60208721857502,-0.0260209073117495,0.97431471909423
712,1,"Simultaneous entry, time-on-study order",631,629,FALSE,NA,4.38380639922378e-06,-12.3375931700547,0.0342420458969403,1.03483505399586
712,1,"Staggered entry, time-on-study order",631,629,FALSE,NA,4.38380639922378e-06,-12.3375931700547,0.0342420458969403,1.03483505399586
712,1,"Staggered entry, calendar-event order",631,629,FALSE,NA,0.00304824397500552,-5.79318960006796,0.0349989193697954,1.03561858967829
713,1,"Simultaneous entry, time-on-study order",631,629,FALSE,NA,0.000122501029070879,-9.00739112743617,-0.0445376269674746,0.956439611494401
713,1,"Staggered entry, time-on-study order",631,629,FALSE,NA,0.000122501029070879,-9.00739112743617,-0.0445376269674746,0.956439611494401
713,1,"Staggered entry, calendar-event order",631,629,FALSE,NA,0.00154037625306298,-6.47572857222715,-0.0483491321147144,0.952801075546337
714,1,"Simultaneous entry, time-on-study order",631,627,FALSE,NA,7.54855459452672e-06,-11.7941544574647,-0.0379295796165494,0.962780737892767
714,1,"Staggered entry, time-on-study order",631,627,FALSE,NA,7.54855459452672e-06,-11.7941544574647,-0.0379295796165494,0.962780737892767
714,1,"Staggered entry, calendar-event order",631,629,FALSE,NA,0.00258383841287985,-5.95847922873232,-0.0316802463290176,0.968816315130689
715,1,"Simultaneous entry, time-on-study order",631,630,FALSE,NA,0.000272857141966233,-8.20656218924403,0.00797309812665182,1.00800496791754
715,1,"Staggered entry, time-on-study order",631,630,FALSE,NA,0.000272857141966233,-8.20656218924403,0.00797309812665182,1.00800496791754
715,1,"Staggered entry, calendar-event order",631,630,FALSE,NA,0.00101871288392579,-6.88921532702918,0.0084431284298938,1.00847887216423
716,1,"Simultaneous entry, time-on-study order",631,628,FALSE,NA,0.120343099855115,-2.11740845037997,0.109576223339844,1.11580511808653
716,1,"Staggered entry, time-on-study order",631,628,FALSE,NA,0.120343099855115,-2.11740845037997,0.109576223339844,1.11580511808653
716,1,"Staggered entry, calendar-event order",631,629,FALSE,NA,0.452376111034431,-0.793241341098082,0.105403033295219,1.11115835393476
717,1,"Simultaneous entry, time-on-study order",631,630,FALSE,NA,0.00172113135300941,-6.36477344101073,-0.00725699619965304,0.992769272215596
717,1,"Staggered entry, time-on-study order",631,630,FALSE,NA,0.00172113135300941,-6.36477344101073,-0.00725699619965304,0.992769272215596
717,1,"Staggered entry, calendar-event order",631,630,FALSE,NA,0.00404548243807026,-5.5101544678282,-0.0114626039097527,0.988602841437734
718,1,"Simultaneous entry, time-on-study order",631,627,FALSE,NA,0.0319433987324076,-3.44378973195009,-0.0887796640430329,0.915047169157945
718,1,"Staggered entry, time-on-study order",631,627,FALSE,NA,0.0319433987324076,-3.44378973195009,-0.0887796640430329,0.915047169157945
718,1,"Staggered entry, calendar-event order",631,628,FALSE,NA,0.0132926629591028,-4.32054305318357,-0.0905470993752222,0.913431310843732
719,1,"Simultaneous entry, time-on-study order",631,630,FALSE,NA,0.000119090138601931,-9.03562988434316,-0.00661817127076614,0.993403680591688
719,1,"Staggered entry, time-on-study order",631,630,FALSE,NA,0.000119090138601931,-9.03562988434316,-0.00661817127076614,0.993403680591688
719,1,"Staggered entry, calendar-event order",631,630,FALSE,NA,5.12949346224657e-06,-12.1805036439596,-0.00793839016028619,0.992093035647127
720,1,"Simultaneous entry, time-on-study order",631,629,FALSE,NA,0.000510497000981936,-7.58012579504491,-0.000306087277568221,0.999693959562363
720,1,"Staggered entry, time-on-study order",631,629,FALSE,NA,0.000510497000981936,-7.58012579504491,-0.000306087277568221,0.999693959562363
720,1,"Staggered entry, calendar-event order",631,629,FALSE,NA,0.000588844075985797,-7.43734913603844,0.0010457680251844,1.00104631503123
721,1,"Simultaneous entry, time-on-study order",631,629,FALSE,NA,0.0675165320460838,-2.69538279189022,0.121628430255219,1.12933439731662
721,1,"Staggered entry, time-on-study order",631,629,FALSE,NA,0.0675165320460838,-2.69538279189022,0.121628430255219,1.12933439731662
721,1,"Staggered entry, calendar-event order",631,629,FALSE,NA,0.961849905254442,-0.0388968641334169,0.125669451618464,1.13390729510837
722,1,"Simultaneous entry, time-on-study order",631,630,FALSE,NA,0.00545189355268586,-5.21179228979079,0.0281444370429045,1.02854423358076
722,1,"Staggered entry, time-on-study order",631,630,FALSE,NA,0.00545189355268586,-5.21179228979079,0.0281444370429045,1.02854423358076
722,1,"Staggered entry, calendar-event order",631,630,FALSE,NA,0.0133458000433875,-4.31655354712551,0.0301282574493337,1.03058670589953
723,1,"Simultaneous entry, time-on-study order",631,627,FALSE,NA,0.154486372093583,-1.86764939304879,0.0892687305317478,1.09337443994489
723,1,"Staggered entry, time-on-study order",631,627,FALSE,NA,0.154486372093583,-1.86764939304879,0.0892687305317478,1.09337443994489
723,1,"Staggered entry, calendar-event order",631,626,FALSE,NA,0.0503239055777224,-2.98927505478222,0.0948950668590921,1.09954347052245
724,1,"Simultaneous entry, time-on-study order",631,630,FALSE,NA,0.0185337687116502,-3.98816087503383,0.0636535221221773,1.06572308531278
724,1,"Staggered entry, time-on-study order",631,630,FALSE,NA,0.0185337687116502,-3.98816087503383,0.0636535221221773,1.06572308531278
724,1,"Staggered entry, calendar-event order",631,630,FALSE,NA,0.00811867211679923,-4.81358867059532,0.0734927999066941,1.0762607874659
725,1,"Simultaneous entry, time-on-study order",631,630,FALSE,NA,0.000472429908849023,-7.65762116309437,-0.000963272520848779,0.999037191277193
725,1,"Staggered entry, time-on-study order",631,630,FALSE,NA,0.000472429908849023,-7.65762116309437,-0.000963272520848779,0.999037191277193
725,1,"Staggered entry, calendar-event order",631,630,FALSE,NA,5.47899124094891e-05,-9.81200446107394,0.000975675289961563,1.00097615141593
726,1,"Simultaneous entry, time-on-study order",631,630,FALSE,NA,0.010183003623852,-4.58703525991994,-0.0457696311750562,0.955261999429204
726,1,"Staggered entry, time-on-study order",631,630,FALSE,NA,0.010183003623852,-4.58703525991994,-0.0457696311750562,0.955261999429204
726,1,"Staggered entry, calendar-event order",631,630,FALSE,NA,0.000444762953187707,-7.7179691071933,-0.0407265156376658,0.960091664103209
727,1,"Simultaneous entry, time-on-study order",631,630,FALSE,NA,0.00429096919513874,-5.45124265194544,0.0202860055041385,1.02049316495511
727,1,"Staggered entry, time-on-study order",631,630,FALSE,NA,0.00429096919513874,-5.45124265194544,0.0202860055041385,1.02049316495511
727,1,"Staggered entry, calendar-event order",631,630,FALSE,NA,0.00169490445095885,-6.38012891085436,0.0209384206279887,1.02115916736111
728,1,"Simultaneous entry, time-on-study order",631,629,FALSE,NA,0.0203526168606719,-3.89454578269885,0.0294963899627408,1.02993571735887
728,1,"Staggered entry, time-on-study order",631,629,FALSE,NA,0.0203526168606719,-3.89454578269885,0.0294963899627408,1.02993571735887
728,1,"Staggered entry, calendar-event order",631,630,FALSE,NA,0.00737472626107944,-4.90969649458688,0.0368757634987864,1.03756410949583
729,1,"Simultaneous entry, time-on-study order",631,630,FALSE,NA,0.0247870678140546,-3.69743322092899,-0.072511000960414,0.930055515100096
729,1,"Staggered entry, time-on-study order",631,630,FALSE,NA,0.0247870678140546,-3.69743322092899,-0.072511000960414,0.930055515100096
729,1,"Staggered entry, calendar-event order",631,630,FALSE,NA,0.0952288035595944,-2.35147282454728,-0.0714645408731501,0.931029290495267
730,1,"Simultaneous entry, time-on-study order",631,626,FALSE,NA,1.94038763926214e-05,-10.8500376978025,0.00529384124622897,1.00530787838299
730,1,"Staggered entry, time-on-study order",631,626,FALSE,NA,1.94038763926214e-05,-10.8500376978025,0.00529384124622897,1.00530787838299
730,1,"Staggered entry, calendar-event order",631,626,FALSE,NA,0.000588332975478156,-7.4382174855176,0.0145034730682402,1.01460915875212
731,1,"Simultaneous entry, time-on-study order",631,627,FALSE,NA,0.02840612945265,-3.56115033130448,-0.0380710357816839,0.962644556253813
731,1,"Staggered entry, time-on-study order",631,627,FALSE,NA,0.02840612945265,-3.56115033130448,-0.0380710357816839,0.962644556253813
731,1,"Staggered entry, calendar-event order",631,627,TRUE,141,0.0100568050866688,-4.59950575056981,-0.0351686725262043,0.965442558887858
732,1,"Simultaneous entry, time-on-study order",631,629,FALSE,NA,0.0043134134872234,-5.44602569593174,0.0192657587155931,1.01945254101771
732,1,"Staggered entry, time-on-study order",631,629,FALSE,NA,0.0043134134872234,-5.44602569593174,0.0192657587155931,1.01945254101771
732,1,"Staggered entry, calendar-event order",631,629,FALSE,NA,0.00677825372663573,-4.99403577264784,0.0249449712798748,1.025258700298
733,1,"Simultaneous entry, time-on-study order",631,629,FALSE,NA,0.00515812933248209,-5.26718129768416,-0.0166680830207712,0.983470060878774
733,1,"Staggered entry, time-on-study order",631,629,FALSE,NA,0.00515812933248209,-5.26718129768416,-0.0166680830207712,0.983470060878774
733,1,"Staggered entry, calendar-event order",631,629,FALSE,NA,0.00782642373634283,-4.85024961196983,-0.0244451988689157,0.975851165200736
734,1,"Simultaneous entry, time-on-study order",631,630,FALSE,NA,0.0640627820336497,-2.74789170718262,0.0624554876016843,1.06444707677105
734,1,"Staggered entry, time-on-study order",631,630,FALSE,NA,0.0640627820336497,-2.74789170718262,0.0624554876016843,1.06444707677105
734,1,"Staggered entry, calendar-event order",631,630,FALSE,NA,0.0686597175578203,-2.67859260459606,0.065326713314328,1.06750773640729
735,1,"Simultaneous entry, time-on-study order",631,629,FALSE,NA,0.000144738743250087,-8.84058021137395,-0.0236884116399519,0.976589956418549
735,1,"Staggered entry, time-on-study order",631,629,FALSE,NA,0.000144738743250087,-8.84058021137395,-0.0236884116399519,0.976589956418549
735,1,"Staggered entry, calendar-event order",631,629,FALSE,NA,0.000741418564188277,-7.20694522819199,-0.0254416093207188,0.974879301168474
736,1,"Simultaneous entry, time-on-study order",631,630,FALSE,NA,0.566150259324563,-0.568895760172979,0.139183997669822,1.14933555561342
736,1,"Staggered entry, time-on-study order",631,630,FALSE,NA,0.566150259324563,-0.568895760172979,0.139183997669822,1.14933555561342
736,1,"Staggered entry, calendar-event order",631,630,FALSE,NA,0.336065033431917,-1.09045058586697,0.136444937725465,1.14619176411261
737,1,"Simultaneous entry, time-on-study order",631,630,FALSE,NA,0.0157045410114755,-4.15380537204895,-0.0411854544876319,0.959651141833148
737,1,"Staggered entry, time-on-study order",631,630,FALSE,NA,0.0157045410114755,-4.15380537204895,-0.0411854544876319,0.959651141833148
737,1,"Staggered entry, calendar-event order",631,630,FALSE,NA,0.0196270903725035,-3.93084450518971,-0.0419060304845918,0.958959889334777
738,1,"Simultaneous entry, time-on-study order",631,630,FALSE,NA,0.00974472912390994,-4.6310287428266,0.0498198287507372,1.05108170461126
738,1,"Staggered entry, time-on-study order",631,630,FALSE,NA,0.00974472912390994,-4.6310287428266,0.0498198287507372,1.05108170461126
738,1,"Staggered entry, calendar-event order",631,630,FALSE,NA,0.0558927364778567,-2.88432084504805,0.0558740239049712,1.05746446010198
739,1,"Simultaneous entry, time-on-study order",631,629,FALSE,NA,0.334118798487178,-1.09625866515268,0.113369589436759,1.1200458135623
739,1,"Staggered entry, time-on-study order",631,629,FALSE,NA,0.334118798487178,-1.09625866515268,0.113369589436759,1.1200458135623
739,1,"Staggered entry, calendar-event order",631,628,FALSE,NA,0.19142912486534,-1.65323764400908,0.119911977075637,1.1273976103771
740,1,"Simultaneous entry, time-on-study order",631,628,FALSE,NA,0.000514425624403104,-7.5724595721231,-0.00685930086201313,0.993164170445895
740,1,"Staggered entry, time-on-study order",631,628,FALSE,NA,0.000514425624403104,-7.5724595721231,-0.00685930086201313,0.993164170445895
740,1,"Staggered entry, calendar-event order",631,627,FALSE,NA,0.000198494083428826,-8.52475126468515,-0.0115557658384469,0.988510745580294
741,1,"Simultaneous entry, time-on-study order",631,630,FALSE,NA,0.00271622575994167,-5.90851195052304,-0.0118307440951535,0.988238963987465
741,1,"Staggered entry, time-on-study order",631,630,FALSE,NA,0.00271622575994167,-5.90851195052304,-0.0118307440951535,0.988238963987465
741,1,"Staggered entry, calendar-event order",631,630,FALSE,NA,0.000864726687090048,-7.05309706964304,-0.0105567773683661,0.989498749837943
742,1,"Simultaneous entry, time-on-study order",631,629,FALSE,NA,0.00692953707987961,-4.97196226745168,0.0709108616951518,1.07348553292278
742,1,"Staggered entry, time-on-study order",631,629,FALSE,NA,0.00692953707987961,-4.97196226745168,0.0709108616951518,1.07348553292278
742,1,"Staggered entry, calendar-event order",631,630,FALSE,NA,0.0785319427062327,-2.54424982350541,0.0701725368006095,1.07269324434908
743,1,"Simultaneous entry, time-on-study order",631,630,FALSE,NA,0.046328333553997,-3.07200154924868,0.0722609499060801,1.07493581186735
743,1,"Staggered entry, time-on-study order",631,630,FALSE,NA,0.046328333553997,-3.07200154924868,0.0722609499060801,1.07493581186735
743,1,"Staggered entry, calendar-event order",631,630,FALSE,NA,0.088583090864325,-2.42381428761735,0.0718173620241353,1.07445908910937
744,1,"Simultaneous entry, time-on-study order",631,630,FALSE,NA,1.1649467158348,0.152675348490815,-0.13580788932333,0.873010330985293
744,1,"Staggered entry, time-on-study order",631,630,FALSE,NA,1.1649467158348,0.152675348490815,-0.13580788932333,0.873010330985293
744,1,"Staggered entry, calendar-event order",631,630,FALSE,NA,0.749165308510814,-0.288795614194905,-0.135717293000815,0.873089426093607
745,1,"Simultaneous entry, time-on-study order",631,628,FALSE,NA,0.12516325447014,-2.07813635804157,0.0856812695852242,1.08945902923241
745,1,"Staggered entry, time-on-study order",631,628,FALSE,NA,0.12516325447014,-2.07813635804157,0.0856812695852242,1.08945902923241
745,1,"Staggered entry, calendar-event order",631,628,FALSE,NA,0.0296176841810749,-3.51938365749766,0.0834306788535508,1.08700985991136
746,1,"Simultaneous entry, time-on-study order",631,630,FALSE,NA,0.0158695056713426,-4.1433558935526,-0.0231683621721038,0.97709796358867
746,1,"Staggered entry, time-on-study order",631,630,FALSE,NA,0.0158695056713426,-4.1433558935526,-0.0231683621721038,0.97709796358867
746,1,"Staggered entry, calendar-event order",631,630,TRUE,210,0.0226113304641763,-3.7893041503644,-0.0343202762229611,0.966261984335422
747,1,"Simultaneous entry, time-on-study order",631,630,FALSE,NA,1.43850110701505,0.363601673571246,0.153934056841659,1.16641396722138
747,1,"Staggered entry, time-on-study order",631,630,FALSE,NA,1.43850110701505,0.363601673571246,0.153934056841659,1.16641396722138
747,1,"Staggered entry, calendar-event order",631,630,FALSE,NA,1.3052020332744,0.266357843561739,0.159037097061955,1.17238143778085
748,1,"Simultaneous entry, time-on-study order",631,630,FALSE,NA,0.000204988863214368,-8.49255490608514,0.0137781031423533,1.01387345864146
748,1,"Staggered entry, time-on-study order",631,630,FALSE,NA,0.000204988863214368,-8.49255490608514,0.0137781031423533,1.01387345864146
748,1,"Staggered entry, calendar-event order",631,630,FALSE,NA,0.000127066547047271,-8.97079961624362,0.0113514880430602,1.01141616066195
749,1,"Simultaneous entry, time-on-study order",631,630,FALSE,NA,0.00737114258866086,-4.91018255241442,0.0321329071042949,1.03265474333663
749,1,"Staggered entry, time-on-study order",631,630,FALSE,NA,0.00737114258866086,-4.91018255241442,0.0321329071042949,1.03265474333663
749,1,"Staggered entry, calendar-event order",631,630,FALSE,NA,0.0104289106668065,-4.56317345772437,0.0258073346159755,1.0261432271481
750,1,"Simultaneous entry, time-on-study order",631,629,FALSE,NA,0.0746837181150364,-2.59449317425503,0.0692881047391358,1.07174493946908
750,1,"Staggered entry, time-on-study order",631,629,FALSE,NA,0.0746837181150364,-2.59449317425503,0.0692881047391358,1.07174493946908
750,1,"Staggered entry, calendar-event order",631,628,FALSE,NA,0.0618857987899109,-2.78246454742361,0.0875892604704366,1.09153969144106
751,1,"Simultaneous entry, time-on-study order",631,630,FALSE,NA,0.0594134113618134,-2.82323529759621,-0.0543043061732864,0.947143840925742
751,1,"Staggered entry, time-on-study order",631,630,FALSE,NA,0.0594134113618134,-2.82323529759621,-0.0543043061732864,0.947143840925742
751,1,"Staggered entry, calendar-event order",631,630,FALSE,NA,0.032931510392483,-3.4133253168834,-0.0537920175373663,0.947629176257303
752,1,"Simultaneous entry, time-on-study order",631,630,FALSE,NA,0.0379895263943973,-3.27044477844633,-0.0763058104693907,0.926532819793744
752,1,"Staggered entry, time-on-study order",631,630,FALSE,NA,0.0379895263943973,-3.27044477844633,-0.0763058104693907,0.926532819793744
752,1,"Staggered entry, calendar-event order",631,630,FALSE,NA,0.0672234701971803,-2.69973283354311,-0.0749271247391583,0.927811098340705
753,1,"Simultaneous entry, time-on-study order",631,628,FALSE,NA,0.00119745847722363,-6.72755390383267,0.00695208678760502,1.00697630864123
753,1,"Staggered entry, time-on-study order",631,628,FALSE,NA,0.00119745847722363,-6.72755390383267,0.00695208678760502,1.00697630864123
753,1,"Staggered entry, calendar-event order",631,628,FALSE,NA,6.99339173054316e-05,-9.56795980029373,0.0100641653261641,1.01011497936191
754,1,"Simultaneous entry, time-on-study order",631,630,FALSE,NA,0.0142346725734411,-4.25207456003117,0.038976682864763,1.03974623946383
754,1,"Staggered entry, time-on-study order",631,630,FALSE,NA,0.0142346725734411,-4.25207456003117,0.038976682864763,1.03974623946383
754,1,"Staggered entry, calendar-event order",631,630,FALSE,NA,0.0198141567374414,-3.92135861002343,0.0407999283995329,1.04164368137785
755,1,"Simultaneous entry, time-on-study order",631,629,FALSE,NA,0.00215309812421867,-6.1408474860608,0.0441659756143698,1.04515581087114
755,1,"Staggered entry, time-on-study order",631,629,FALSE,NA,0.00215309812421867,-6.1408474860608,0.0441659756143698,1.04515581087114
755,1,"Staggered entry, calendar-event order",631,629,FALSE,NA,0.00113874424940681,-6.77782915932003,0.0467376679260564,1.04784708912101
756,1,"Simultaneous entry, time-on-study order",631,630,FALSE,NA,0.128074602220706,-2.0551423549926,-0.0837235201014723,0.919685495499936
756,1,"Staggered entry, time-on-study order",631,630,FALSE,NA,0.128074602220706,-2.0551423549926,-0.0837235201014723,0.919685495499936
756,1,"Staggered entry, calendar-event order",631,630,FALSE,NA,0.00969569200275887,-4.63607361555174,-0.0842216461367221,0.919227490292015
757,1,"Simultaneous entry, time-on-study order",631,628,FALSE,NA,0.000634881371658328,-7.36207239281002,-0.0428337297358873,0.958070675488701
757,1,"Staggered entry, time-on-study order",631,628,FALSE,NA,0.000634881371658328,-7.36207239281002,-0.0428337297358873,0.958070675488701
757,1,"Staggered entry, calendar-event order",631,628,FALSE,NA,0.000287811997913547,-8.15320307600764,-0.0421822793264823,0.958695014363315
758,1,"Simultaneous entry, time-on-study order",631,630,FALSE,NA,0.0346998690543822,-3.36101936568537,0.0580764143449101,1.05979597623147
758,1,"Staggered entry, time-on-study order",631,630,FALSE,NA,0.0346998690543822,-3.36101936568537,0.0580764143449101,1.05979597623147
758,1,"Staggered entry, calendar-event order",631,630,FALSE,NA,0.00928100057481819,-4.67978591743394,0.0514742533457219,1.05282207929709
759,1,"Simultaneous entry, time-on-study order",631,630,FALSE,NA,0.0692504935596911,-2.67002500672433,0.0675175584294923,1.069849044302
759,1,"Staggered entry, time-on-study order",631,630,FALSE,NA,0.0692504935596911,-2.67002500672433,0.0675175584294923,1.069849044302
759,1,"Staggered entry, calendar-event order",631,629,FALSE,NA,0.0426768035939214,-3.15409974771676,0.069993132561473,1.0725008158955
760,1,"Simultaneous entry, time-on-study order",631,630,FALSE,NA,0.0178789938232342,-4.02412878468853,-0.0303324711422012,0.97012294204268
760,1,"Staggered entry, time-on-study order",631,630,FALSE,NA,0.0178789938232342,-4.02412878468853,-0.0303324711422012,0.97012294204268
760,1,"Staggered entry, calendar-event order",631,630,FALSE,NA,0.00963892385803045,-4.6419458095755,-0.0280204340663541,0.972368497155847
761,1,"Simultaneous entry, time-on-study order",631,627,FALSE,NA,0.000356534916762742,-7.93907837967255,0.00496257406778406,1.00497490803277
761,1,"Staggered entry, time-on-study order",631,627,FALSE,NA,0.000356534916762742,-7.93907837967255,0.00496257406778406,1.00497490803277
761,1,"Staggered entry, calendar-event order",631,627,FALSE,NA,0.0008318293123171,-7.09188329165494,0.000841193907216638,1.00084154781004
762,1,"Simultaneous entry, time-on-study order",631,629,FALSE,NA,0.0148146268377799,-4.21214028640884,0.0688605777261509,1.07128683748889
762,1,"Staggered entry, time-on-study order",631,629,FALSE,NA,0.0148146268377799,-4.21214028640884,0.0688605777261509,1.07128683748889
762,1,"Staggered entry, calendar-event order",631,630,FALSE,NA,0.0304425253225135,-3.49191478876894,0.0723776062083838,1.07506121721889
763,1,"Simultaneous entry, time-on-study order",631,626,FALSE,NA,0.00116283782214971,-6.75689186302,0.0393505889672942,1.04013507961817
763,1,"Staggered entry, time-on-study order",631,626,FALSE,NA,0.00116283782214971,-6.75689186302,0.0393505889672942,1.04013507961817
763,1,"Staggered entry, calendar-event order",631,627,FALSE,NA,0.000456392617540273,-7.69215711552288,0.0339509092570254,1.03453381944771
764,1,"Simultaneous entry, time-on-study order",631,630,FALSE,NA,0.00337528013248116,-5.6912769558855,-0.0226067429377468,0.97764687472397
764,1,"Staggered entry, time-on-study order",631,630,FALSE,NA,0.00337528013248116,-5.6912769558855,-0.0226067429377468,0.97764687472397
764,1,"Staggered entry, calendar-event order",631,630,FALSE,NA,0.00398677362965694,-5.52477298930618,-0.0270241838121651,0.973337702223539
765,1,"Simultaneous entry, time-on-study order",631,628,FALSE,NA,5.57557745164977,1.71839589075353,0.185406629095393,1.20370780324146
765,1,"Staggered entry, time-on-study order",631,628,FALSE,NA,5.57557745164977,1.71839589075353,0.185406629095393,1.20370780324146
765,1,"Staggered entry, calendar-event order",631,628,FALSE,NA,4.31408388894431,1.46188499352299,0.183878094720259,1.20186929995229
766,1,"Simultaneous entry, time-on-study order",631,629,FALSE,NA,0.000112802662309773,-9.08987061714184,0.00093261823807699,1.00093305326169
766,1,"Staggered entry, time-on-study order",631,629,FALSE,NA,0.000112802662309773,-9.08987061714184,0.00093261823807699,1.00093305326169
766,1,"Staggered entry, calendar-event order",631,630,FALSE,NA,0.00222556329134261,-6.10774523075633,-0.00880709878685393,0.991231570104153
767,1,"Simultaneous entry, time-on-study order",631,629,FALSE,NA,0.0321357351559276,-3.43778662331063,0.0460109761867248,1.04708590390426
767,1,"Staggered entry, time-on-study order",631,629,FALSE,NA,0.0321357351559276,-3.43778662331063,0.0460109761867248,1.04708590390426
767,1,"Staggered entry, calendar-event order",631,629,FALSE,NA,0.0180882416836582,-4.01249318254895,0.0461650954403469,1.04724729243847
768,1,"Simultaneous entry, time-on-study order",631,630,FALSE,NA,0.0441352105883087,-3.1204973890631,-0.10681370462547,0.89869307976015
768,1,"Staggered entry, time-on-study order",631,630,FALSE,NA,0.0441352105883087,-3.1204973890631,-0.10681370462547,0.89869307976015
768,1,"Staggered entry, calendar-event order",631,629,FALSE,NA,0.103442065033465,-2.26874358113055,-0.111574066471533,0.894425142035548
769,1,"Simultaneous entry, time-on-study order",631,628,FALSE,NA,0.00499797898233596,-5.29872165179311,0.06699503658236,1.06929017082773
769,1,"Staggered entry, time-on-study order",631,628,FALSE,NA,0.00499797898233596,-5.29872165179311,0.06699503658236,1.06929017082773
769,1,"Staggered entry, calendar-event order",631,628,FALSE,NA,0.00294207197907728,-5.8286411910664,0.0668497126536039,1.06913478866977
770,1,"Simultaneous entry, time-on-study order",631,630,FALSE,NA,0.000982643866138066,-6.92526379630123,0.0302521466060528,1.03071439232677
770,1,"Staggered entry, time-on-study order",631,630,FALSE,NA,0.000982643866138066,-6.92526379630123,0.0302521466060528,1.03071439232677
770,1,"Staggered entry, calendar-event order",631,630,FALSE,NA,0.000176219522652663,-8.64378005234412,0.0301717853238016,1.03063156612462
771,1,"Simultaneous entry, time-on-study order",631,630,FALSE,NA,5.87398223951412,1.77053280919578,-0.194467056954457,0.823273298939583
771,1,"Staggered entry, time-on-study order",631,630,FALSE,NA,5.87398223951412,1.77053280919578,-0.194467056954457,0.823273298939583
771,1,"Staggered entry, calendar-event order",631,629,TRUE,607,6.71703980103131,1.90464755168496,-0.194603925571506,0.823160626372549
772,1,"Simultaneous entry, time-on-study order",631,629,FALSE,NA,0.155543259534758,-1.86083138968728,0.124229252046217,1.13227541770362
772,1,"Staggered entry, time-on-study order",631,629,FALSE,NA,0.155543259534758,-1.86083138968728,0.124229252046217,1.13227541770362
772,1,"Staggered entry, calendar-event order",631,630,FALSE,NA,0.0844234767467599,-2.47190975555305,0.116482473054185,1.12353781810817
773,1,"Simultaneous entry, time-on-study order",631,630,FALSE,NA,0.0167210430237935,-4.09108729146541,0.0452562489663321,1.04629593781245
773,1,"Staggered entry, time-on-study order",631,630,FALSE,NA,0.0167210430237935,-4.09108729146541,0.0452562489663321,1.04629593781245
773,1,"Staggered entry, calendar-event order",631,630,FALSE,NA,0.00124520301371927,-6.6884566991305,0.0434727087180512,1.0444314900488
774,1,"Simultaneous entry, time-on-study order",631,629,FALSE,NA,6.2397522874943e-05,-9.6819849808938,-0.0415900401713134,0.959262959251686
774,1,"Staggered entry, time-on-study order",631,629,FALSE,NA,6.2397522874943e-05,-9.6819849808938,-0.0415900401713134,0.959262959251686
774,1,"Staggered entry, calendar-event order",631,629,FALSE,NA,0.00551069151972317,-5.20106516102003,-0.0513297931971879,0.949965326763614
775,1,"Simultaneous entry, time-on-study order",631,630,FALSE,NA,0.00485903270727992,-5.326915892303,0.0541150639341345,1.05560605735324
775,1,"Staggered entry, time-on-study order",631,630,FALSE,NA,0.00485903270727992,-5.326915892303,0.0541150639341345,1.05560605735324
775,1,"Staggered entry, calendar-event order",631,630,FALSE,NA,0.0717339128611206,-2.63479166047628,0.0616551027181375,1.06359545028142
776,1,"Simultaneous entry, time-on-study order",631,629,FALSE,NA,0.00366387495444534,-5.6092339609062,0.0290944841888277,1.02952186341802
776,1,"Staggered entry, time-on-study order",631,629,FALSE,NA,0.00366387495444534,-5.6092339609062,0.0290944841888277,1.02952186341802
776,1,"Staggered entry, calendar-event order",631,629,FALSE,NA,0.00385086503358555,-5.55945747187193,0.033289662590745,1.03384996353208
777,1,"Simultaneous entry, time-on-study order",631,630,FALSE,NA,0.0141439224141455,-4.25847025852713,-0.0961254238916742,0.908350080121659
777,1,"Staggered entry, time-on-study order",631,630,FALSE,NA,0.0141439224141455,-4.25847025852713,-0.0961254238916742,0.908350080121659
777,1,"Staggered entry, calendar-event order",631,630,FALSE,NA,0.00642681234396377,-5.04727661109554,-0.0984924020203776,0.906202577896834
778,1,"Simultaneous entry, time-on-study order",631,630,FALSE,NA,0.123789373008825,-2.08917376240944,0.0963504633581108,1.10114490732004
778,1,"Staggered entry, time-on-study order",631,630,FALSE,NA,0.123789373008825,-2.08917376240944,0.0963504633581108,1.10114490732004
778,1,"Staggered entry, calendar-event order",631,630,FALSE,NA,0.241251037399618,-1.42191723867024,0.0917438478490504,1.09608402183874
779,1,"Simultaneous entry, time-on-study order",631,630,FALSE,NA,0.0159021956199129,-4.1412980899867,-0.0623755500300743,0.939529980015911
779,1,"Staggered entry, time-on-study order",631,630,FALSE,NA,0.0159021956199129,-4.1412980899867,-0.0623755500300743,0.939529980015911
779,1,"Staggered entry, calendar-event order",631,630,FALSE,NA,0.0026444607410034,-5.9352881130956,-0.0691047539751708,0.933228915519033
780,1,"Simultaneous entry, time-on-study order",631,630,FALSE,NA,4.78805857666288e-06,-12.2493855362868,-0.0460573077701102,0.954987232433735
780,1,"Staggered entry, time-on-study order",631,630,FALSE,NA,4.78805857666288e-06,-12.2493855362868,-0.0460573077701102,0.954987232433735
780,1,"Staggered entry, calendar-event order",631,630,FALSE,NA,0.000816743440564041,-7.11018553865824,-0.0358781381075178,0.964757853537751
781,1,"Simultaneous entry, time-on-study order",631,629,FALSE,NA,0.034283539038059,-3.37308995143144,0.0475779211337371,1.04872791600578
781,1,"Staggered entry, time-on-study order",631,629,FALSE,NA,0.034283539038059,-3.37308995143144,0.0475779211337371,1.04872791600578
781,1,"Staggered entry, calendar-event order",631,629,FALSE,NA,0.0232623492007703,-3.76091913953794,0.0506265947956494,1.05193002379252
782,1,"Simultaneous entry, time-on-study order",631,630,FALSE,NA,0.0296184760391662,-3.51935692186562,-0.0754292121648066,0.927345372982058
782,1,"Staggered entry, time-on-study order",631,630,FALSE,NA,0.0296184760391662,-3.51935692186562,-0.0754292121648066,0.927345372982058
782,1,"Staggered entry, calendar-event order",631,630,FALSE,NA,0.0980193037699841,-2.3225908424643,-0.0770508029479091,0.925842816867306
783,1,"Simultaneous entry, time-on-study order",631,627,FALSE,NA,8.42741696990293,2.13149031579667,0.192483911923435,1.21225700066712
783,1,"Staggered entry, time-on-study order",631,627,FALSE,NA,8.42741696990293,2.13149031579667,0.192483911923435,1.21225700066712
783,1,"Staggered entry, calendar-event order",631,627,FALSE,NA,4.97848716130643,1.605126062015,0.195884961669661,1.21638696615965
784,1,"Simultaneous entry, time-on-study order",631,630,FALSE,NA,0.00472006649452326,-5.35593239166118,0.0466189638808243,1.04772271281487
784,1,"Staggered entry, time-on-study order",631,630,FALSE,NA,0.00472006649452326,-5.35593239166118,0.0466189638808243,1.04772271281487
784,1,"Staggered entry, calendar-event order",631,630,FALSE,NA,0.000989372282876604,-6.91843987363563,0.0438406703984386,1.04481587152942
785,1,"Simultaneous entry, time-on-study order",631,627,FALSE,NA,0.00260543914925034,-5.95015403861798,0.0173064448017279,1.017457068986
785,1,"Staggered entry, time-on-study order",631,627,FALSE,NA,0.00260543914925034,-5.95015403861798,0.0173064448017279,1.017457068986
785,1,"Staggered entry, calendar-event order",631,627,FALSE,NA,0.00081014599052577,-7.11829609132121,0.0128710548361677,1.01295424338746
786,1,"Simultaneous entry, time-on-study order",631,622,FALSE,NA,1.83604343167266,0.607612947513641,-0.16021623541027,0.851959545225124
786,1,"Staggered entry, time-on-study order",631,622,FALSE,NA,1.83604343167266,0.607612947513641,-0.16021623541027,0.851959545225124
786,1,"Staggered entry, calendar-event order",631,622,FALSE,NA,1.04406174646187,0.0431186318320699,-0.16334993833913,0.849293935898237
787,1,"Simultaneous entry, time-on-study order",631,627,FALSE,NA,0.000470730707857131,-7.66122437298292,0.00343257981971522,1.0034384778684
787,1,"Staggered entry, time-on-study order",631,627,FALSE,NA,0.000470730707857131,-7.66122437298292,0.00343257981971522,1.0034384778684
787,1,"Staggered entry, calendar-event order",631,628,FALSE,NA,0.00483768707951946,-5.33131854860513,0.000585326166263774,1.00058549750305
788,1,"Simultaneous entry, time-on-study order",631,630,FALSE,NA,0.000972814354872214,-6.93531729061925,-0.0318183364323883,0.96868254042228
788,1,"Staggered entry, time-on-study order",631,630,FALSE,NA,0.000972814354872214,-6.93531729061925,-0.0318183364323883,0.96868254042228
788,1,"Staggered entry, calendar-event order",631,630,FALSE,NA,9.19388087293061e-06,-11.5969724177089,-0.0213627614238223,0.978863806126425
789,1,"Simultaneous entry, time-on-study order",631,626,TRUE,213,0.0058061950035267,-5.14882982739072,0.0206063699829722,1.02082014708999
789,1,"Staggered entry, time-on-study order",631,626,TRUE,213,0.0058061950035267,-5.14882982739072,0.0206063699829722,1.02082014708999
789,1,"Staggered entry, calendar-event order",631,626,FALSE,NA,0.0145127164462786,-4.23273001759709,0.029031630332583,1.02945715603239
790,1,"Simultaneous entry, time-on-study order",631,630,FALSE,NA,0.000262499358107176,-8.24526192124158,0.0101291570326254,1.01018063059151
790,1,"Staggered entry, time-on-study order",631,630,FALSE,NA,0.000262499358107176,-8.24526192124158,0.0101291570326254,1.01018063059151
790,1,"Staggered entry, calendar-event order",631,629,FALSE,NA,0.000207544358443415,-8.48016546550936,0.0174526961378413,1.01760588432373
791,1,"Simultaneous entry, time-on-study order",631,630,FALSE,NA,0.429301158147019,-0.845596605998402,-0.113112871606167,0.893049854455615
791,1,"Staggered entry, time-on-study order",631,630,FALSE,NA,0.429301158147019,-0.845596605998402,-0.113112871606167,0.893049854455615
791,1,"Staggered entry, calendar-event order",631,629,FALSE,NA,0.0443905954520274,-3.11472764612327,-0.118765249069299,0.888016238934033
792,1,"Simultaneous entry, time-on-study order",631,628,FALSE,NA,0.00177870853530269,-6.33186771997588,-0.0318624450205528,0.968639814145347
792,1,"Staggered entry, time-on-study order",631,628,FALSE,NA,0.00177870853530269,-6.33186771997588,-0.0318624450205528,0.968639814145347
792,1,"Staggered entry, calendar-event order",631,628,FALSE,NA,0.012508745246029,-4.38132725961133,-0.026471432722101,0.973875864420612
793,1,"Simultaneous entry, time-on-study order",631,622,TRUE,582,68.619014170778,4.22856967082722,0.250649867714537,1.28486013454941
793,1,"Staggered entry, time-on-study order",631,622,TRUE,582,68.619014170778,4.22856967082722,0.250649867714537,1.28486013454941
793,1,"Staggered entry, calendar-event order",631,622,TRUE,581,58.5708348035089,4.07023687309059,0.245494200558245,1.27825287041621
794,1,"Simultaneous entry, time-on-study order",631,630,FALSE,NA,0.0204948884269827,-3.88757976895465,0.084908180739039,1.08861710609116
794,1,"Staggered entry, time-on-study order",631,630,FALSE,NA,0.0204948884269827,-3.88757976895465,0.084908180739039,1.08861710609116
794,1,"Staggered entry, calendar-event order",631,630,FALSE,NA,0.149943876123144,-1.89749421407993,0.0884089132281206,1.09243474172437
795,1,"Simultaneous entry, time-on-study order",631,629,FALSE,NA,0.0022625849667871,-6.0912473287143,-0.0470970099451475,0.953994846113544
795,1,"Staggered entry, time-on-study order",631,629,FALSE,NA,0.0022625849667871,-6.0912473287143,-0.0470970099451475,0.953994846113544
795,1,"Staggered entry, calendar-event order",631,629,FALSE,NA,0.00406927175747408,-5.50429122490495,-0.0442209303298743,0.95674256067239
796,1,"Simultaneous entry, time-on-study order",631,630,FALSE,NA,0.0100503796812022,-4.60014486596657,0.0250559768883915,1.02537251608089
796,1,"Staggered entry, time-on-study order",631,630,FALSE,NA,0.0100503796812022,-4.60014486596657,0.0250559768883915,1.02537251608089
796,1,"Staggered entry, calendar-event order",631,630,FALSE,NA,0.00152505647016196,-6.48572383999394,0.0223602053854066,1.02261206851177
797,1,"Simultaneous entry, time-on-study order",631,629,FALSE,NA,0.00404968972005975,-5.50911501312949,-0.0727046461150372,0.929875431792759
797,1,"Staggered entry, time-on-study order",631,629,FALSE,NA,0.00404968972005975,-5.50911501312949,-0.0727046461150372,0.929875431792759
797,1,"Staggered entry, calendar-event order",631,629,FALSE,NA,0.000609912509511976,-7.4021950381131,-0.0700822194772986,0.932317162124864
798,1,"Simultaneous entry, time-on-study order",631,629,FALSE,NA,0.00280252091373652,-5.87723594051716,-0.010416187733437,0.989637872885346
798,1,"Staggered entry, time-on-study order",631,629,FALSE,NA,0.00280252091373652,-5.87723594051716,-0.010416187733437,0.989637872885346
798,1,"Staggered entry, calendar-event order",631,630,FALSE,NA,2.95498297118901e-05,-10.4294325768398,-0.0108136002888987,0.989244656509038
799,1,"Simultaneous entry, time-on-study order",631,629,FALSE,NA,0.0142594207159506,-4.25033748782599,-0.0803598608433896,0.922784212724213
799,1,"Staggered entry, time-on-study order",631,629,FALSE,NA,0.0142594207159506,-4.25033748782599,-0.0803598608433896,0.922784212724213
799,1,"Staggered entry, calendar-event order",631,629,FALSE,NA,0.0800903575450886,-2.52459981236523,-0.076695579649017,0.926171756226972
800,1,"Simultaneous entry, time-on-study order",631,630,FALSE,NA,0.0292888015626836,-3.53055003524167,-0.0493703756685939,0.951828530277124
800,1,"Staggered entry, time-on-study order",631,630,FALSE,NA,0.0292888015626836,-3.53055003524167,-0.0493703756685939,0.951828530277124
800,1,"Staggered entry, calendar-event order",631,629,FALSE,NA,0.00368147050979231,-5.60444301156588,-0.0602967556136777,0.94148510113577
801,1,"Simultaneous entry, time-on-study order",631,630,FALSE,NA,0.00159821667982421,-6.43886684644703,0.0164583219013653,1.016594506177
801,1,"Staggered entry, time-on-study order",631,630,FALSE,NA,0.00159821667982421,-6.43886684644703,0.0164583219013653,1.016594506177
801,1,"Staggered entry, calendar-event order",631,630,FALSE,NA,0.00183941901855813,-6.29830550800464,0.0188886274513541,1.01906814608032
802,1,"Simultaneous entry, time-on-study order",631,630,FALSE,NA,0.223573049609484,-1.49801707444004,-0.0937222065325492,0.910535667971804
802,1,"Staggered entry, time-on-study order",631,630,FALSE,NA,0.223573049609484,-1.49801707444004,-0.0937222065325492,0.910535667971804
802,1,"Staggered entry, calendar-event order",631,630,FALSE,NA,0.137872678963987,-1.98142463590022,-0.0899554661026487,0.913971887095118
803,1,"Simultaneous entry, time-on-study order",631,630,FALSE,NA,0.0459200437785654,-3.08085357360531,-0.0590551589189751,0.942654771904872
803,1,"Staggered entry, time-on-study order",631,630,FALSE,NA,0.0459200437785654,-3.08085357360531,-0.0590551589189751,0.942654771904872
803,1,"Staggered entry, calendar-event order",631,630,FALSE,NA,0.0638982251620993,-2.7504636932254,-0.059800717362112,0.941952229606429
804,1,"Simultaneous entry, time-on-study order",631,629,FALSE,NA,0.0025608489204235,-5.96741646592053,0.0315151612232366,1.03201702211749
804,1,"Staggered entry, time-on-study order",631,629,FALSE,NA,0.0025608489204235,-5.96741646592053,0.0315151612232366,1.03201702211749
804,1,"Staggered entry, calendar-event order",631,629,FALSE,NA,0.000272700371286033,-8.20713690659538,0.0235942058990679,1.02387475124493
805,1,"Simultaneous entry, time-on-study order",631,629,FALSE,NA,0.0604115320748666,-2.80657526387404,0.0663645322072473,1.06861619119264
805,1,"Staggered entry, time-on-study order",631,629,FALSE,NA,0.0604115320748666,-2.80657526387404,0.0663645322072473,1.06861619119264
805,1,"Staggered entry, calendar-event order",631,628,FALSE,NA,0.0231742048198058,-3.76471548010138,0.0644513530032826,1.06657369137573
806,1,"Simultaneous entry, time-on-study order",631,630,FALSE,NA,0.204573371569726,-1.58682858266526,-0.109067481848306,0.89666990651395
806,1,"Staggered entry, time-on-study order",631,630,FALSE,NA,0.204573371569726,-1.58682858266526,-0.109067481848306,0.89666990651395
806,1,"Staggered entry, calendar-event order",631,630,FALSE,NA,0.223108580183646,-1.50009671936948,-0.111130520913198,0.894821948328891
807,1,"Simultaneous entry, time-on-study order",631,628,FALSE,NA,3.38639039546057e-05,-10.293160890959,0.00761759452480042,1.00764668221046
807,1,"Staggered entry, time-on-study order",631,628,FALSE,NA,3.38639039546057e-05,-10.293160890959,0.00761759452480042,1.00764668221046
807,1,"Staggered entry, calendar-event order",631,628,FALSE,NA,0.000205747125131117,-8.48886269113598,0.00665890127154604,1.006681121047
808,1,"Simultaneous entry, time-on-study order",631,628,FALSE,NA,0.0188886499834321,-3.96919406728403,0.0585404740622066,1.06028789898453
808,1,"Staggered entry, time-on-study order",631,628,FALSE,NA,0.0188886499834321,-3.96919406728403,0.0585404740622066,1.06028789898453
808,1,"Staggered entry, calendar-event order",631,629,FALSE,NA,0.0230882976414273,-3.76842938542651,0.058542720889869,1.06029028127139
809,1,"Simultaneous entry, time-on-study order",631,629,FALSE,NA,0.00171374164183378,-6.36907620422071,-0.0554705849460119,0.946039851074455
809,1,"Staggered entry, time-on-study order",631,629,FALSE,NA,0.00171374164183378,-6.36907620422071,-0.0554705849460119,0.946039851074455
809,1,"Staggered entry, calendar-event order",631,630,FALSE,NA,0.00105808742987408,-6.85129231202825,-0.0527310315165186,0.948635131123919
810,1,"Simultaneous entry, time-on-study order",631,628,FALSE,NA,0.00782564116116901,-4.85034960838303,-0.0666419048200113,0.935530150198931
810,1,"Staggered entry, time-on-study order",631,628,FALSE,NA,0.00782564116116901,-4.85034960838303,-0.0666419048200113,0.935530150198931
810,1,"Staggered entry, calendar-event order",631,628,FALSE,NA,0.0171886439824901,-4.06350634678905,-0.0686009639401684,0.93369918539574
811,1,"Simultaneous entry, time-on-study order",631,630,FALSE,NA,0.220286679614868,-1.51282549175512,-0.108197784026316,0.897450077586055
811,1,"Staggered entry, time-on-study order",631,630,FALSE,NA,0.220286679614868,-1.51282549175512,-0.108197784026316,0.897450077586055
811,1,"Staggered entry, calendar-event order",631,630,FALSE,NA,0.130384067491327,-2.03727081876937,-0.108276638949076,0.897379312019649
812,1,"Simultaneous entry, time-on-study order",631,630,FALSE,NA,0.0453050370800934,-3.09433705885368,0.055870620730239,1.05746086137177
812,1,"Staggered entry, time-on-study order",631,630,FALSE,NA,0.0453050370800934,-3.09433705885368,0.055870620730239,1.05746086137177
812,1,"Staggered entry, calendar-event order",631,630,FALSE,NA,0.00928014888532298,-4.67987768863568,0.046408512004858,1.04750224080466
813,1,"Simultaneous entry, time-on-study order",631,630,FALSE,NA,0.288473441989139,-1.24315225276827,0.103243671318083,1.10876154955015
813,1,"Staggered entry, time-on-study order",631,630,FALSE,NA,0.288473441989139,-1.24315225276827,0.103243671318083,1.10876154955015
813,1,"Staggered entry, calendar-event order",631,630,FALSE,NA,0.222572506755367,-1.50250235740311,0.100202019610534,1.10539420682768
814,1,"Simultaneous entry, time-on-study order",631,628,FALSE,NA,0.0946244319798498,-2.3578395700975,0.0783034174896429,1.08145073996346
814,1,"Staggered entry, time-on-study order",631,628,FALSE,NA,0.0946244319798498,-2.3578395700975,0.0783034174896429,1.08145073996346
814,1,"Staggered entry, calendar-event order",631,629,FALSE,NA,0.013439656569946,-4.30954549704501,0.0685975758577757,1.07100512409627
815,1,"Simultaneous entry, time-on-study order",631,630,FALSE,NA,0.0022408925496102,-6.10088103283174,-0.0385260428644906,0.962206645796227
815,1,"Staggered entry, time-on-study order",631,630,FALSE,NA,0.0022408925496102,-6.10088103283174,-0.0385260428644906,0.962206645796227
815,1,"Staggered entry, calendar-event order",631,630,FALSE,NA,0.00333583447420297,-5.70303241376133,-0.0348443012388524,0.965755771529396
816,1,"Simultaneous entry, time-on-study order",631,629,FALSE,NA,0.0777961880323286,-2.55366284601195,0.0665175803496395,1.06877975343176
816,1,"Staggered entry, time-on-study order",631,629,FALSE,NA,0.0777961880323286,-2.55366284601195,0.0665175803496395,1.06877975343176
816,1,"Staggered entry, calendar-event order",631,629,FALSE,NA,0.0124213058549527,-4.38834206670322,0.0696217253676402,1.07210255534008
817,1,"Simultaneous entry, time-on-study order",631,629,FALSE,NA,0.00659527886823961,-5.02140120890932,0.0204244992786026,1.02063450669259
817,1,"Staggered entry, time-on-study order",631,629,FALSE,NA,0.00659527886823961,-5.02140120890932,0.0204244992786026,1.02063450669259
817,1,"Staggered entry, calendar-event order",631,629,FALSE,NA,0.0115099090385164,-4.46454695910178,0.0173799966686812,1.0175319076052
818,1,"Simultaneous entry, time-on-study order",631,626,FALSE,NA,0.00231494851366057,-6.06836783201067,0.0306097163575192,1.0310830105153
818,1,"Staggered entry, time-on-study order",631,626,FALSE,NA,0.00231494851366057,-6.06836783201067,0.0306097163575192,1.0310830105153
818,1,"Staggered entry, calendar-event order",631,626,FALSE,NA,0.000480057029635885,-7.64160564937847,0.0333360394018291,1.03389791130835
819,1,"Simultaneous entry, time-on-study order",631,630,FALSE,NA,0.416751362908074,-0.875265487031269,-0.126990382463406,0.880742143126215
819,1,"Staggered entry, time-on-study order",631,630,FALSE,NA,0.416751362908074,-0.875265487031269,-0.126990382463406,0.880742143126215
819,1,"Staggered entry, calendar-event order",631,630,FALSE,NA,1.13866303831988,0.12985480076591,-0.141318327339659,0.868212891803891
820,1,"Simultaneous entry, time-on-study order",631,628,FALSE,NA,1.7963470879316,0.585755207295095,-0.155050517291689,0.856371914801052
820,1,"Staggered entry, time-on-study order",631,628,FALSE,NA,1.7963470879316,0.585755207295095,-0.155050517291689,0.856371914801052
820,1,"Staggered entry, calendar-event order",631,628,FALSE,NA,0.0572444133443031,-2.86042522481499,-0.148394289219714,0.862091134680358
821,1,"Simultaneous entry, time-on-study order",631,629,FALSE,NA,0.000417413468539575,-7.78143329613794,0.0184180091504795,1.01858866679565
821,1,"Staggered entry, time-on-study order",631,629,FALSE,NA,0.000417413468539575,-7.78143329613794,0.0184180091504795,1.01858866679565
821,1,"Staggered entry, calendar-event order",631,629,FALSE,NA,2.20659578919514e-05,-10.7214745039054,0.0152512112372208,1.0153681044577
822,1,"Simultaneous entry, time-on-study order",631,630,FALSE,NA,0.00345065688470748,-5.66919066469842,0.0165217054206852,1.01665894355663
822,1,"Staggered entry, time-on-study order",631,630,FALSE,NA,0.00345065688470748,-5.66919066469842,0.0165217054206852,1.01665894355663
822,1,"Staggered entry, calendar-event order",631,630,FALSE,NA,0.01195958915117,-4.42622188295856,0.0191661518713017,1.01935100162429
823,1,"Simultaneous entry, time-on-study order",631,629,FALSE,NA,0.0113534770940322,-4.47823123007378,-0.075273688284786,0.92748960854833
823,1,"Staggered entry, time-on-study order",631,629,FALSE,NA,0.0113534770940322,-4.47823123007378,-0.075273688284786,0.92748960854833
823,1,"Staggered entry, calendar-event order",631,630,FALSE,NA,0.0166641872249837,-4.09449333978991,-0.078624761035962,0.924386725291591
824,1,"Simultaneous entry, time-on-study order",631,627,FALSE,NA,1.01534290423131,0.0152263921208806,-0.14206445692805,0.867565334087322
824,1,"Staggered entry, time-on-study order",631,627,FALSE,NA,1.01534290423131,0.0152263921208806,-0.14206445692805,0.867565334087322
824,1,"Staggered entry, calendar-event order",631,627,FALSE,NA,0.263762201349906,-1.33270733421957,-0.141812066821735,0.867784326628841
825,1,"Simultaneous entry, time-on-study order",631,629,FALSE,NA,4.96428466596686e-05,-9.9106562531869,-0.00433495081433066,0.995674431522731
825,1,"Staggered entry, time-on-study order",631,629,FALSE,NA,4.96428466596686e-05,-9.9106562531869,-0.00433495081433066,0.995674431522731
825,1,"Staggered entry, calendar-event order",631,629,FALSE,NA,0.00249129738253039,-5.99495166703745,-0.00396671798172246,0.996041139051739
826,1,"Simultaneous entry, time-on-study order",631,630,FALSE,NA,0.0101063070965453,-4.59459558502758,-0.040458319572743,0.960349191441853
826,1,"Staggered entry, time-on-study order",631,630,FALSE,NA,0.0101063070965453,-4.59459558502758,-0.040458319572743,0.960349191441853
826,1,"Staggered entry, calendar-event order",631,630,FALSE,NA,0.0401226026989642,-3.21581544513702,-0.0456024055140778,0.955421757105885
827,1,"Simultaneous entry, time-on-study order",631,629,FALSE,NA,0.231627464368124,-1.46262495495939,-0.163519495820853,0.849149943965023
827,1,"Staggered entry, time-on-study order",631,629,FALSE,NA,0.231627464368124,-1.46262495495939,-0.163519495820853,0.849149943965023
827,1,"Staggered entry, calendar-event order",631,629,FALSE,NA,3.59234487313641,1.27880515728338,-0.167720584016,0.845590073061057
828,1,"Simultaneous entry, time-on-study order",631,630,FALSE,NA,0.00690427767498328,-4.9756141065742,0.0421359206187491,1.04303623924747
828,1,"Staggered entry, time-on-study order",631,630,FALSE,NA,0.00690427767498328,-4.9756141065742,0.0421359206187491,1.04303623924747
828,1,"Staggered entry, calendar-event order",631,630,FALSE,NA,0.000650936010608965,-7.33709921458232,0.0387577815893818,1.03951866259528
829,1,"Simultaneous entry, time-on-study order",631,630,FALSE,NA,0.00751165632023058,-4.8912992888908,-0.0434302045706403,0.957499380839236
829,1,"Staggered entry, time-on-study order",631,630,FALSE,NA,0.00751165632023058,-4.8912992888908,-0.0434302045706403,0.957499380839236
829,1,"Staggered entry, calendar-event order",631,630,FALSE,NA,0.00229005181107683,-6.07918083674755,-0.0361947435201145,0.964452454327549
830,1,"Simultaneous entry, time-on-study order",631,630,FALSE,NA,0.0220342945434899,-3.8151551964723,-0.0550442621521559,0.946443255410986
830,1,"Staggered entry, time-on-study order",631,630,FALSE,NA,0.0220342945434899,-3.8151551964723,-0.0550442621521559,0.946443255410986
830,1,"Staggered entry, calendar-event order",631,630,FALSE,NA,0.0609945806377373,-2.79697026075982,-0.0542920949622144,0.947155406769715
831,1,"Simultaneous entry, time-on-study order",631,630,FALSE,NA,0.0219701128307456,-3.81807225692536,0.0434913947377845,1.04445100649857
831,1,"Staggered entry, time-on-study order",631,630,FALSE,NA,0.0219701128307456,-3.81807225692536,0.0434913947377845,1.04445100649857
831,1,"Staggered entry, calendar-event order",631,630,FALSE,NA,0.0206029370066551,-3.88232164021059,0.0378817541397347,1.03860841447181
832,1,"Simultaneous entry, time-on-study order",631,629,FALSE,NA,8.13600985813236e-05,-9.41662559455652,-0.0175374100793159,0.982615475254606
832,1,"Staggered entry, time-on-study order",631,629,FALSE,NA,8.13600985813236e-05,-9.41662559455652,-0.0175374100793159,0.982615475254606
832,1,"Staggered entry, calendar-event order",631,629,FALSE,NA,5.607529009792e-05,-9.78881530418003,-0.0120474223755649,0.988024857265089
833,1,"Simultaneous entry, time-on-study order",631,626,FALSE,NA,4.92226366072873,1.59376851833764,0.167280593771813,1.18208590472082
833,1,"Staggered entry, time-on-study order",631,626,FALSE,NA,4.92226366072873,1.59376851833764,0.167280593771813,1.18208590472082
833,1,"Staggered entry, calendar-event order",631,626,FALSE,NA,3.75454331604082,1.32296665759095,0.169285873373507,1.1844586957326
834,1,"Simultaneous entry, time-on-study order",631,627,FALSE,NA,0.00491385764463362,-5.3156959746488,-0.0405518510669777,0.960259372747494
834,1,"Staggered entry, time-on-study order",631,627,FALSE,NA,0.00491385764463362,-5.3156959746488,-0.0405518510669777,0.960259372747494
834,1,"Staggered entry, calendar-event order",631,627,FALSE,NA,0.00155922017534892,-6.463569470303,-0.0390869306051808,0.961667107209024
835,1,"Simultaneous entry, time-on-study order",631,630,FALSE,NA,0.787969173915624,-0.238296309285858,0.14946383421769,1.16121147393119
835,1,"Staggered entry, time-on-study order",631,630,FALSE,NA,0.787969173915624,-0.238296309285858,0.14946383421769,1.16121147393119
835,1,"Staggered entry, calendar-event order",631,630,TRUE,194,1.46236330091595,0.380053826296152,0.14767770922344,1.15913925626479
836,1,"Simultaneous entry, time-on-study order",631,627,FALSE,NA,0.962377680002886,-0.0383483066075579,-0.14640563684549,0.863807240065099
836,1,"Staggered entry, time-on-study order",631,627,FALSE,NA,0.962377680002886,-0.0383483066075579,-0.14640563684549,0.863807240065099
836,1,"Staggered entry, calendar-event order",631,627,FALSE,NA,0.873970094024568,-0.134709121275223,-0.149841525717964,0.860844387312188
837,1,"Simultaneous entry, time-on-study order",631,628,FALSE,NA,0.0160385596706804,-4.13275947666792,-0.0245452881152554,0.975753497880878
837,1,"Staggered entry, time-on-study order",631,628,FALSE,NA,0.0160385596706804,-4.13275947666792,-0.0245452881152554,0.975753497880878
837,1,"Staggered entry, calendar-event order",631,630,FALSE,NA,0.0129706635244562,-4.3450651235617,-0.0309002573151079,0.969572275995246
838,1,"Simultaneous entry, time-on-study order",631,629,FALSE,NA,0.168964355946577,-1.77806749786275,-0.0850923551789142,0.918427458952192
838,1,"Staggered entry, time-on-study order",631,629,FALSE,NA,0.168964355946577,-1.77806749786275,-0.0850923551789142,0.918427458952192
838,1,"Staggered entry, calendar-event order",631,629,FALSE,NA,0.131816787657069,-2.02634229281647,-0.0817697333298675,0.92148412134862
839,1,"Simultaneous entry, time-on-study order",631,628,FALSE,NA,0.00051240167729209,-7.57640171454328,-0.0476003543182108,0.953514779005496
839,1,"Staggered entry, time-on-study order",631,628,FALSE,NA,0.00051240167729209,-7.57640171454328,-0.0476003543182108,0.953514779005496
839,1,"Staggered entry, calendar-event order",631,627,FALSE,NA,0.00343871264179749,-5.67265810967473,-0.0393440080354447,0.961419916075325
840,1,"Simultaneous entry, time-on-study order",631,625,FALSE,NA,0.835698236226811,-0.179487692510884,0.159939862995736,1.17344030168549
840,1,"Staggered entry, time-on-study order",631,625,FALSE,NA,0.835698236226811,-0.179487692510884,0.159939862995736,1.17344030168549
840,1,"Staggered entry, calendar-event order",631,624,FALSE,NA,0.0234509714226315,-3.75284335967572,0.150681397181527,1.162626183089
841,1,"Simultaneous entry, time-on-study order",631,629,FALSE,NA,0.019388105760663,-3.94309550605912,0.0490682069092857,1.05029198546719
841,1,"Staggered entry, time-on-study order",631,629,FALSE,NA,0.019388105760663,-3.94309550605912,0.0490682069092857,1.05029198546719
841,1,"Staggered entry, calendar-event order",631,629,FALSE,NA,0.0266215452073263,-3.62603442084309,0.0508014485302263,1.05211397376739
842,1,"Simultaneous entry, time-on-study order",631,629,FALSE,NA,1.71654381594851,0.540312859921604,0.14516283617434,1.15622783065641
842,1,"Staggered entry, time-on-study order",631,629,FALSE,NA,1.71654381594851,0.540312859921604,0.14516283617434,1.15622783065641
842,1,"Staggered entry, calendar-event order",631,630,FALSE,NA,1.07118469723909,0.0687652296683353,0.14321886241744,1.15398233739376
843,1,"Simultaneous entry, time-on-study order",631,629,FALSE,NA,9.69688237985878,2.27180442970969,0.191703839465426,1.21131172111008
843,1,"Staggered entry, time-on-study order",631,629,FALSE,NA,9.69688237985878,2.27180442970969,0.191703839465426,1.21131172111008
843,1,"Staggered entry, calendar-event order",631,629,TRUE,498,15.3468530775476,2.73091044178085,0.192758282017919,1.21258965336782
844,1,"Simultaneous entry, time-on-study order",631,628,FALSE,NA,0.0974868820386716,-2.3280374532232,0.0792573923203152,1.08248290900336
844,1,"Staggered entry, time-on-study order",631,628,FALSE,NA,0.0974868820386716,-2.3280374532232,0.0792573923203152,1.08248290900336
844,1,"Staggered entry, calendar-event order",631,627,FALSE,NA,0.153852780787145,-1.87175910271286,0.082999741794086,1.08654152799675
845,1,"Simultaneous entry, time-on-study order",631,630,FALSE,NA,9.8295099341163e-05,-9.22753638616212,-0.00474248831044374,0.995268739530929
845,1,"Staggered entry, time-on-study order",631,630,FALSE,NA,9.8295099341163e-05,-9.22753638616212,-0.00474248831044374,0.995268739530929
845,1,"Staggered entry, calendar-event order",631,630,FALSE,NA,1.31618107454198e-05,-11.2381910468956,-0.00504485815797333,0.994967845766799
846,1,"Simultaneous entry, time-on-study order",631,626,FALSE,NA,0.00360996892976803,-5.62405611338684,0.0626421586160967,1.06464579673371
846,1,"Staggered entry, time-on-study order",631,626,FALSE,NA,0.00360996892976803,-5.62405611338684,0.0626421586160967,1.06464579673371
846,1,"Staggered entry, calendar-event order",631,626,FALSE,NA,0.0314323097485156,-3.45991894221499,0.0599913311571077,1.06182734169106
847,1,"Simultaneous entry, time-on-study order",631,630,FALSE,NA,0.00661885007751463,-5.01783362842449,-0.0319275326378627,0.96857676973954
847,1,"Staggered entry, time-on-study order",631,630,FALSE,NA,0.00661885007751463,-5.01783362842449,-0.0319275326378627,0.96857676973954
847,1,"Staggered entry, calendar-event order",631,630,FALSE,NA,0.00536159140954124,-5.22849444320177,-0.0316018048370416,0.968892313508573
848,1,"Simultaneous entry, time-on-study order",631,629,FALSE,NA,1.5570889768881,0.442818037582654,-0.167580965409516,0.845708141410792
848,1,"Staggered entry, time-on-study order",631,629,FALSE,NA,1.5570889768881,0.442818037582654,-0.167580965409516,0.845708141410792
848,1,"Staggered entry, calendar-event order",631,630,FALSE,NA,0.93971126703137,-0.0621826136348065,-0.169289491162993,0.844264460905111
849,1,"Simultaneous entry, time-on-study order",631,629,FALSE,NA,0.089544292450325,-2.41302188840474,0.0907470651766187,1.09499200861859
849,1,"Staggered entry, time-on-study order",631,629,FALSE,NA,0.089544292450325,-2.41302188840474,0.0907470651766187,1.09499200861859
849,1,"Staggered entry, calendar-event order",631,630,FALSE,NA,0.00607121747458556,-5.10419612160332,0.0902328147256328,1.09442905324677
850,1,"Simultaneous entry, time-on-study order",631,630,FALSE,NA,0.00019630093739541,-8.53586168137278,0.00437421806376973,1.0043837989201
850,1,"Staggered entry, time-on-study order",631,630,FALSE,NA,0.00019630093739541,-8.53586168137278,0.00437421806376973,1.0043837989201
850,1,"Staggered entry, calendar-event order",631,630,FALSE,NA,4.25115904405852e-05,-10.0657338029652,0.00577992489183626,1.00579666088644
851,1,"Simultaneous entry, time-on-study order",631,627,FALSE,NA,0.00647345074639571,-5.04004596699136,-0.058021798922455,0.943629377108976
851,1,"Staggered entry, time-on-study order",631,627,FALSE,NA,0.00647345074639571,-5.04004596699136,-0.058021798922455,0.943629377108976
851,1,"Staggered entry, calendar-event order",631,627,FALSE,NA,0.000507101340384426,-7.58679969193188,-0.0536437396840666,0.947769699095237
852,1,"Simultaneous entry, time-on-study order",631,630,FALSE,NA,0.00313099736745407,-5.76640367743858,-0.0292590235061147,0.971164877352976
852,1,"Staggered entry, time-on-study order",631,630,FALSE,NA,0.00313099736745407,-5.76640367743858,-0.0292590235061147,0.971164877352976
852,1,"Staggered entry, calendar-event order",631,630,FALSE,NA,0.00228272646396321,-6.08238473290836,-0.040847449280478,0.959975563741197
853,1,"Simultaneous entry, time-on-study order",631,630,FALSE,NA,0.000761645900064627,-7.18002880836116,0.0327613970938235,1.03330396049733
853,1,"Staggered entry, time-on-study order",631,630,FALSE,NA,0.000761645900064627,-7.18002880836116,0.0327613970938235,1.03330396049733
853,1,"Staggered entry, calendar-event order",631,630,FALSE,NA,0.000679222776464698,-7.29456138927631,0.0209803020963549,1.02120193590207
854,1,"Simultaneous entry, time-on-study order",631,629,FALSE,NA,0.0177260878553566,-4.03271783437918,-0.0472535353461631,0.953845533373613
854,1,"Staggered entry, time-on-study order",631,629,FALSE,NA,0.0177260878553566,-4.03271783437918,-0.0472535353461631,0.953845533373613
854,1,"Staggered entry, calendar-event order",631,629,FALSE,NA,0.00181338631343998,-6.31255929023863,-0.0454981531831216,0.955521367243314
855,1,"Simultaneous entry, time-on-study order",631,625,FALSE,NA,0.178377322367825,-1.72385418368853,0.0919388050921982,1.09629773218941
855,1,"Staggered entry, time-on-study order",631,625,FALSE,NA,0.178377322367825,-1.72385418368853,0.0919388050921982,1.09629773218941
855,1,"Staggered entry, calendar-event order",631,625,FALSE,NA,0.152874452600449,-1.87813826568147,0.0891447742038546,1.0932389176639
856,1,"Simultaneous entry, time-on-study order",631,630,FALSE,NA,0.0470913878426653,-3.05566514302962,0.068861503373596,1.07128782912328
856,1,"Staggered entry, time-on-study order",631,630,FALSE,NA,0.0470913878426653,-3.05566514302962,0.068861503373596,1.07128782912328
856,1,"Staggered entry, calendar-event order",631,630,FALSE,NA,0.103872882382581,-2.26458741222293,0.0661524291090927,1.06838955842336
857,1,"Simultaneous entry, time-on-study order",631,630,FALSE,NA,0.0169803741736519,-4.07569706220204,0.0606088818694584,1.06248327643795
857,1,"Staggered entry, time-on-study order",631,630,FALSE,NA,0.0169803741736519,-4.07569706220204,0.0606088818694584,1.06248327643795
857,1,"Staggered entry, calendar-event order",631,630,FALSE,NA,0.00194340442388131,-6.24331398619983,0.0559359388045854,1.05752993493478
858,1,"Simultaneous entry, time-on-study order",631,628,FALSE,NA,0.00117009538801606,-6.75067000527686,0.0324545840409957,1.03298697798439
858,1,"Staggered entry, time-on-study order",631,628,FALSE,NA,0.00117009538801606,-6.75067000527686,0.0324545840409957,1.03298697798439
858,1,"Staggered entry, calendar-event order",631,629,FALSE,NA,0.000226090191174042,-8.3945765623103,0.0256298921125826,1.02596116187858
859,1,"Simultaneous entry, time-on-study order",631,630,FALSE,NA,0.31772491182986,-1.14656932771861,-0.109640176045406,0.896156535877998
859,1,"Staggered entry, time-on-study order",631,630,FALSE,NA,0.31772491182986,-1.14656932771861,-0.109640176045406,0.896156535877998
859,1,"Staggered entry, calendar-event order",631,630,FALSE,NA,0.669396490578238,-0.401378732856482,-0.115137748510397,0.891243368004583
860,1,"Simultaneous entry, time-on-study order",631,630,FALSE,NA,0.00634956770756182,-5.05936854594424,-0.0173764183139335,0.982773680989228
860,1,"Staggered entry, time-on-study order",631,630,FALSE,NA,0.00634956770756182,-5.05936854594424,-0.0173764183139335,0.982773680989228
860,1,"Staggered entry, calendar-event order",631,630,FALSE,NA,0.00197390813045811,-6.22773987884205,-0.0163689008609874,0.983764341595245
861,1,"Simultaneous entry, time-on-study order",631,630,FALSE,NA,0.016770344514954,-4.08814315983066,-0.0337895942033366,0.966774898281823
861,1,"Staggered entry, time-on-study order",631,630,FALSE,NA,0.016770344514954,-4.08814315983066,-0.0337895942033366,0.966774898281823
861,1,"Staggered entry, calendar-event order",631,630,FALSE,NA,0.00941183744555571,-4.6657870792441,-0.038732876836471,0.962007649354133
862,1,"Simultaneous entry, time-on-study order",631,630,FALSE,NA,0.0354375490648953,-3.33998331294781,0.0670379498726948,1.06933605857188
862,1,"Staggered entry, time-on-study order",631,630,FALSE,NA,0.0354375490648953,-3.33998331294781,0.0670379498726948,1.06933605857188
862,1,"Staggered entry, calendar-event order",631,630,FALSE,NA,0.0811433564095854,-2.5115378564002,0.0627386797160492,1.06474856247653
863,1,"Simultaneous entry, time-on-study order",631,630,FALSE,NA,0.0743890674441791,-2.59844629089485,0.0758625020921234,1.07881422925945
863,1,"Staggered entry, time-on-study order",631,630,FALSE,NA,0.0743890674441791,-2.59844629089485,0.0758625020921234,1.07881422925945
863,1,"Staggered entry, calendar-event order",631,630,FALSE,NA,0.0350062573291068,-3.35222845264049,0.0820256292241353,1.08548362957629
864,1,"Simultaneous entry, time-on-study order",631,624,FALSE,NA,0.0133105313832729,-4.31919972376026,-0.110370755455344,0.89550206146668
864,1,"Staggered entry, time-on-study order",631,624,FALSE,NA,0.0133105313832729,-4.31919972376026,-0.110370755455344,0.89550206146668
864,1,"Staggered entry, calendar-event order",631,624,FALSE,NA,0.139542461220269,-1.96938634252807,-0.10848295449945,0.897194187810654
865,1,"Simultaneous entry, time-on-study order",631,630,FALSE,NA,0.00104840842311552,-6.86048205228984,-0.0187064298252733,0.981467449524466
865,1,"Staggered entry, time-on-study order",631,630,FALSE,NA,0.00104840842311552,-6.86048205228984,-0.0187064298252733,0.981467449524466
865,1,"Staggered entry, calendar-event order",631,630,FALSE,NA,0.00198279930208899,-6.22324564380047,-0.0268675050975517,0.973490215471086
866,1,"Simultaneous entry, time-on-study order",631,630,FALSE,NA,0.00917042203484674,-4.6917719703435,0.0634182991231114,1.06547243221333
866,1,"Staggered entry, time-on-study order",631,630,FALSE,NA,0.00917042203484674,-4.6917719703435,0.0634182991231114,1.06547243221333
866,1,"Staggered entry, calendar-event order",631,630,FALSE,NA,0.0250024506460796,-3.68878143307497,0.0603175163394985,1.06217375052982
867,1,"Simultaneous entry, time-on-study order",631,630,FALSE,NA,0.00148448277364168,-6.5126888679762,-0.0721198465288305,0.930419381595803
867,1,"Staggered entry, time-on-study order",631,630,FALSE,NA,0.00148448277364168,-6.5126888679762,-0.0721198465288305,0.930419381595803
867,1,"Staggered entry, calendar-event order",631,630,FALSE,NA,0.0243066918901251,-3.71700358012261,-0.0762049944217205,0.926626233879412
868,1,"Simultaneous entry, time-on-study order",631,628,FALSE,NA,0.000213907360122765,-8.44996753329181,-0.0112418322988557,0.988821120973652
868,1,"Staggered entry, time-on-study order",631,628,FALSE,NA,0.000213907360122765,-8.44996753329181,-0.0112418322988557,0.988821120973652
868,1,"Staggered entry, calendar-event order",631,629,FALSE,NA,0.000774188528213077,-7.1636951375318,-0.00515965439549947,0.994853633757326
869,1,"Simultaneous entry, time-on-study order",631,629,FALSE,NA,0.237421672419953,-1.43791751024057,-0.112445943627484,0.8936456530452
869,1,"Staggered entry, time-on-study order",631,629,FALSE,NA,0.237421672419953,-1.43791751024057,-0.112445943627484,0.8936456530452
869,1,"Staggered entry, calendar-event order",631,629,FALSE,NA,0.277289275794369,-1.28269400076721,-0.111440905135792,0.894544252812482
870,1,"Simultaneous entry, time-on-study order",631,629,FALSE,NA,0.000781417288395119,-7.15440125069028,0.0137372653836936,1.01383205516727
870,1,"Staggered entry, time-on-study order",631,629,FALSE,NA,0.000781417288395119,-7.15440125069028,0.0137372653836936,1.01383205516727
870,1,"Staggered entry, calendar-event order",631,629,FALSE,NA,0.00284539414717361,-5.8620536806926,0.0131046081910183,1.01319084987835
871,1,"Simultaneous entry, time-on-study order",631,630,FALSE,NA,0.00725689525667879,-4.92580319220924,-0.0293892588858107,0.971038405562156
871,1,"Staggered entry, time-on-study order",631,630,FALSE,NA,0.00725689525667879,-4.92580319220924,-0.0293892588858107,0.971038405562156
871,1,"Staggered entry, calendar-event order",631,630,FALSE,NA,0.00295955893737385,-5.82271502939288,-0.0392298965078672,0.961529631430366
872,1,"Simultaneous entry, time-on-study order",631,629,FALSE,NA,0.000113940762686752,-9.07983187017673,-0.0264807268068745,0.973866813177831
872,1,"Staggered entry, time-on-study order",631,629,FALSE,NA,0.000113940762686752,-9.07983187017673,-0.0264807268068745,0.973866813177831
872,1,"Staggered entry, calendar-event order",631,630,FALSE,NA,0.013964084235793,-4.27126665740341,-0.0219030108302843,0.978335118360642
873,1,"Simultaneous entry, time-on-study order",631,630,FALSE,NA,0.0846260397026505,-2.46951326182635,0.0814516058251219,1.08486071537443
873,1,"Staggered entry, time-on-study order",631,630,FALSE,NA,0.0846260397026505,-2.46951326182635,0.0814516058251219,1.08486071537443
873,1,"Staggered entry, calendar-event order",631,630,TRUE,292,0.132401652964794,-2.02191515092881,0.0743360714994707,1.07716875039026
874,1,"Simultaneous entry, time-on-study order",631,623,FALSE,NA,0.00796016165061373,-4.833305971466,-0.0830953820206508,0.920263366454415
874,1,"Staggered entry, time-on-study order",631,623,FALSE,NA,0.00796016165061373,-4.833305971466,-0.0830953820206508,0.920263366454415
874,1,"Staggered entry, calendar-event order",631,623,FALSE,NA,0.0137606417554221,-4.28594280836233,-0.0847787033031535,0.918715570628464
875,1,"Simultaneous entry, time-on-study order",631,630,FALSE,NA,0.00218962156586394,-6.1240265510609,0.0179943339142817,1.01815720740744
875,1,"Staggered entry, time-on-study order",631,630,FALSE,NA,0.00218962156586394,-6.1240265510609,0.0179943339142817,1.01815720740744
875,1,"Staggered entry, calendar-event order",631,630,FALSE,NA,0.00684858574994289,-4.98371310788613,0.0182011021789586,1.01836775177258
876,1,"Simultaneous entry, time-on-study order",631,630,FALSE,NA,0.103217977144843,-2.27091224396528,0.0881724008098918,1.09217639789382
876,1,"Staggered entry, time-on-study order",631,630,FALSE,NA,0.103217977144843,-2.27091224396528,0.0881724008098918,1.09217639789382
876,1,"Staggered entry, calendar-event order",631,630,FALSE,NA,0.0994459914419163,-2.30814058176534,0.0883804605691433,1.0924036594934
877,1,"Simultaneous entry, time-on-study order",631,629,FALSE,NA,0.00240189641314986,-6.03149668150412,0.0196188312900179,1.01981254530096
877,1,"Staggered entry, time-on-study order",631,629,FALSE,NA,0.00240189641314986,-6.03149668150412,0.0196188312900179,1.01981254530096
877,1,"Staggered entry, calendar-event order",631,630,FALSE,NA,0.000472633724267419,-7.6571898367489,0.014509910602277,1.01461569035414
878,1,"Simultaneous entry, time-on-study order",631,630,FALSE,NA,0.00488397974221879,-5.32179487052713,0.0369575170428082,1.03764893750638
878,1,"Staggered entry, time-on-study order",631,630,FALSE,NA,0.00488397974221879,-5.32179487052713,0.0369575170428082,1.03764893750638
878,1,"Staggered entry, calendar-event order",631,630,FALSE,NA,0.00131089311035705,-6.63704661043299,0.0358368304042625,1.03648670957491
879,1,"Simultaneous entry, time-on-study order",631,626,FALSE,NA,0.0594990760253059,-2.82179449553758,0.0586993294154158,1.06045634477213
879,1,"Staggered entry, time-on-study order",631,626,FALSE,NA,0.0594990760253059,-2.82179449553758,0.0586993294154158,1.06045634477213
879,1,"Staggered entry, calendar-event order",631,626,FALSE,NA,0.064242219248458,-2.74509466373146,0.0625727431640601,1.06457189642942
880,1,"Simultaneous entry, time-on-study order",631,628,FALSE,NA,0.227105459452252,-1.48234079029937,-0.107051296356027,0.898479583079617
880,1,"Staggered entry, time-on-study order",631,628,FALSE,NA,0.227105459452252,-1.48234079029937,-0.107051296356027,0.898479583079617
880,1,"Staggered entry, calendar-event order",631,628,FALSE,NA,0.265811436489126,-1.32496810695771,-0.102895878961756,0.902220908768858
881,1,"Simultaneous entry, time-on-study order",631,628,FALSE,NA,0.00016209735458781,-8.72731344898684,0.00453344939280046,1.00454374102081
881,1,"Staggered entry, time-on-study order",631,628,FALSE,NA,0.00016209735458781,-8.72731344898684,0.00453344939280046,1.00454374102081
881,1,"Staggered entry, calendar-event order",631,628,FALSE,NA,0.000648277620019364,-7.34119152740439,0.00420949994126967,1.00421837233122
882,1,"Simultaneous entry, time-on-study order",631,630,FALSE,NA,0.0295563716944643,-3.52145593419543,-0.0697864384180315,0.932592964669223
882,1,"Staggered entry, time-on-study order",631,630,FALSE,NA,0.0295563716944643,-3.52145593419543,-0.0697864384180315,0.932592964669223
882,1,"Staggered entry, calendar-event order",631,630,FALSE,NA,0.045495989114735,-3.0901311082353,-0.0655808612992871,0.936523315205713
883,1,"Simultaneous entry, time-on-study order",631,628,FALSE,NA,0.000918738782833698,-6.99250871667236,0.0152529231326999,1.01536984266325
883,1,"Staggered entry, time-on-study order",631,628,FALSE,NA,0.000918738782833698,-6.99250871667236,0.0152529231326999,1.01536984266325
883,1,"Staggered entry, calendar-event order",631,628,FALSE,NA,3.10238214869247e-05,-10.3807552135121,0.0120926482679572,1.01216605995449
884,1,"Simultaneous entry, time-on-study order",631,630,FALSE,NA,0.013598647819808,-4.29778491619725,0.0272827112331421,1.02765829224228
884,1,"Staggered entry, time-on-study order",631,630,FALSE,NA,0.013598647819808,-4.29778491619725,0.0272827112331421,1.02765829224228
884,1,"Staggered entry, calendar-event order",631,629,FALSE,NA,0.0222538210317689,-3.80524155334921,0.0271379204794047,1.02750950759515
885,1,"Simultaneous entry, time-on-study order",631,630,FALSE,NA,0.0104152158709608,-4.56448747755546,0.0253322852754815,1.0256558742523
885,1,"Staggered entry, time-on-study order",631,630,FALSE,NA,0.0104152158709608,-4.56448747755546,0.0253322852754815,1.0256558742523
885,1,"Staggered entry, calendar-event order",631,630,FALSE,NA,0.0136934111174435,-4.29084050216954,0.0284851950706535,1.02889477800727
886,1,"Simultaneous entry, time-on-study order",631,630,FALSE,NA,0.000851678428898443,-7.06830153325029,-0.00879562595839974,0.991242942399151
886,1,"Staggered entry, time-on-study order",631,630,FALSE,NA,0.000851678428898443,-7.06830153325029,-0.00879562595839974,0.991242942399151
886,1,"Staggered entry, calendar-event order",631,630,FALSE,NA,0.00136513630407106,-6.59650099886823,-0.00872761076350001,0.991310364273901
887,1,"Simultaneous entry, time-on-study order",631,628,FALSE,NA,0.0910572017333347,-2.39626737946932,-0.0836671310261727,0.919737357176796
887,1,"Staggered entry, time-on-study order",631,628,FALSE,NA,0.0910572017333347,-2.39626737946932,-0.0836671310261727,0.919737357176796
887,1,"Staggered entry, calendar-event order",631,628,FALSE,NA,0.0919735779234033,-2.38625393966665,-0.077115644632093,0.925782785606056
888,1,"Simultaneous entry, time-on-study order",631,630,FALSE,NA,0.00934676442999455,-4.67272504583871,0.0242740145012451,1.0245710267486
888,1,"Staggered entry, time-on-study order",631,630,FALSE,NA,0.00934676442999455,-4.67272504583871,0.0242740145012451,1.0245710267486
888,1,"Staggered entry, calendar-event order",631,630,FALSE,NA,0.0120101100806075,-4.42200647718641,0.0304800613925775,1.03094933414981
889,1,"Simultaneous entry, time-on-study order",631,630,FALSE,NA,1.02021152499069,0.0200099832383022,0.137619383923313,1.14753869546636
889,1,"Staggered entry, time-on-study order",631,630,FALSE,NA,1.02021152499069,0.0200099832383022,0.137619383923313,1.14753869546636
889,1,"Staggered entry, calendar-event order",631,630,FALSE,NA,0.61287545750061,-0.489593532528277,0.141579414651111,1.15209199361168
890,1,"Simultaneous entry, time-on-study order",631,628,FALSE,NA,0.036113098840972,-3.32109963067661,-0.0522084224271726,0.949131026034224
890,1,"Staggered entry, time-on-study order",631,628,FALSE,NA,0.036113098840972,-3.32109963067661,-0.0522084224271726,0.949131026034224
890,1,"Staggered entry, calendar-event order",631,628,FALSE,NA,0.0683134841366581,-2.68364810675708,-0.0581192615931213,0.943537412951373
891,1,"Simultaneous entry, time-on-study order",631,628,FALSE,NA,0.552164715696324,-0.593908879216284,-0.106118400614095,0.899318161949395
891,1,"Staggered entry, time-on-study order",631,628,FALSE,NA,0.552164715696324,-0.593908879216284,-0.106118400614095,0.899318161949395
891,1,"Staggered entry, calendar-event order",631,628,FALSE,NA,0.251938191084474,-1.37857149502948,-0.106313454799511,0.899142763284564
892,1,"Simultaneous entry, time-on-study order",631,627,FALSE,NA,0.013229423389189,-4.32531188538866,0.0468932426736012,1.0480101203488
892,1,"Staggered entry, time-on-study order",631,627,FALSE,NA,0.013229423389189,-4.32531188538866,0.0468932426736012,1.0480101203488
892,1,"Staggered entry, calendar-event order",631,629,FALSE,NA,0.0113223323993211,-4.48097818508806,0.0466885035208876,1.04779557360854
893,1,"Simultaneous entry, time-on-study order",631,630,FALSE,NA,0.0684950910575866,-2.6809931996748,-0.0678002482064156,0.934447112422587
893,1,"Staggered entry, time-on-study order",631,630,FALSE,NA,0.0684950910575866,-2.6809931996748,-0.0678002482064156,0.934447112422587
893,1,"Staggered entry, calendar-event order",631,630,FALSE,NA,0.00544883665249,-5.21235315135116,-0.0685793997495797,0.93371932008002
894,1,"Simultaneous entry, time-on-study order",631,630,FALSE,NA,0.0298553443268308,-3.51139141574435,0.0461077764976598,1.04718726705125
894,1,"Staggered entry, time-on-study order",631,630,FALSE,NA,0.0298553443268308,-3.51139141574435,0.0461077764976598,1.04718726705125
894,1,"Staggered entry, calendar-event order",631,630,FALSE,NA,0.0115528396309618,-4.46082401673731,0.0476860685290745,1.04884133933142
895,1,"Simultaneous entry, time-on-study order",631,630,FALSE,NA,0.00210642704962515,-6.16276210822717,-0.0236371980272324,0.976639972399101
895,1,"Staggered entry, time-on-study order",631,630,FALSE,NA,0.00210642704962515,-6.16276210822717,-0.0236371980272324,0.976639972399101
895,1,"Staggered entry, calendar-event order",631,630,FALSE,NA,0.00351067098084557,-5.65194809713954,-0.018359526596533,0.981807982814243
896,1,"Simultaneous entry, time-on-study order",631,629,FALSE,NA,0.797376543984045,-0.226428260088241,-0.137142764696607,0.871845748453046
896,1,"Staggered entry, time-on-study order",631,629,FALSE,NA,0.797376543984045,-0.226428260088241,-0.137142764696607,0.871845748453046
896,1,"Staggered entry, calendar-event order",631,629,FALSE,NA,1.19419603953727,0.177473188710306,-0.135123595451045,0.873607931048939
897,1,"Simultaneous entry, time-on-study order",631,630,FALSE,NA,0.000667613520444962,-7.31180111406747,0.00601096845422732,1.00602907057736
897,1,"Staggered entry, time-on-study order",631,630,FALSE,NA,0.000667613520444962,-7.31180111406747,0.00601096845422732,1.00602907057736
897,1,"Staggered entry, calendar-event order",631,630,FALSE,NA,4.72322817874637e-05,-9.96043296297544,-0.00549071673529395,0.994524329698675
898,1,"Simultaneous entry, time-on-study order",631,629,FALSE,NA,0.0035155247344192,-5.65056648053152,0.0289232548841428,1.02934559419684
898,1,"Staggered entry, time-on-study order",631,629,FALSE,NA,0.0035155247344192,-5.65056648053152,0.0289232548841428,1.02934559419684
898,1,"Staggered entry, calendar-event order",631,628,FALSE,NA,0.0190007324675219,-3.96327774963656,0.0285928531366275,1.02900555279195
899,1,"Simultaneous entry, time-on-study order",631,630,FALSE,NA,0.00616992326985085,-5.08806887714689,0.0937491989678127,1.09828426054643
899,1,"Staggered entry, time-on-study order",631,630,FALSE,NA,0.00616992326985085,-5.08806887714689,0.0937491989678127,1.09828426054643
899,1,"Staggered entry, calendar-event order",631,630,FALSE,NA,0.0807960440922569,-2.51582727390788,0.0986844480654858,1.10371796426405
900,1,"Simultaneous entry, time-on-study order",631,627,FALSE,NA,1.32731693938832e-05,-11.229765899111,-0.0179557246720494,0.98220451882279
900,1,"Staggered entry, time-on-study order",631,627,FALSE,NA,1.32731693938832e-05,-11.229765899111,-0.0179557246720494,0.98220451882279
900,1,"Staggered entry, calendar-event order",631,627,FALSE,NA,4.53614760148949e-06,-12.3034324520573,-0.0181038412620378,0.982059048812318
901,1,"Simultaneous entry, time-on-study order",631,630,FALSE,NA,0.618835473835021,-0.479915835108277,-0.117124544163201,0.889474407418935
901,1,"Staggered entry, time-on-study order",631,630,FALSE,NA,0.618835473835021,-0.479915835108277,-0.117124544163201,0.889474407418935
901,1,"Staggered entry, calendar-event order",631,629,FALSE,NA,0.571114242113978,-0.560166015583433,-0.126316876029332,0.88133552842835
902,1,"Simultaneous entry, time-on-study order",631,630,FALSE,NA,0.000696764415454068,-7.26906320225174,0.0447300840972242,1.04574555845512
902,1,"Staggered entry, time-on-study order",631,630,FALSE,NA,0.000696764415454068,-7.26906320225174,0.0447300840972242,1.04574555845512
902,1,"Staggered entry, calendar-event order",631,630,FALSE,NA,0.0059777173328142,-5.11971650081275,0.0374589496298069,1.03816937896976
903,1,"Simultaneous entry, time-on-study order",631,630,FALSE,NA,7.10942215230815e-06,-11.8540895899824,0.00481612062630504,1.00482773677602
903,1,"Staggered entry, time-on-study order",631,630,FALSE,NA,7.10942215230815e-06,-11.8540895899824,0.00481612062630504,1.00482773677602
903,1,"Staggered entry, calendar-event order",631,630,FALSE,NA,0.000599515419931007,-7.41938886250805,-2.20539823987105e-05,0.999977946260789
904,1,"Simultaneous entry, time-on-study order",631,630,FALSE,NA,0.000150047485977435,-8.80455874078383,-0.037125910584883,0.963554805961701
904,1,"Staggered entry, time-on-study order",631,630,FALSE,NA,0.000150047485977435,-8.80455874078383,-0.037125910584883,0.963554805961701
904,1,"Staggered entry, calendar-event order",631,630,FALSE,NA,0.000355532427221284,-7.94189409706856,-0.0330977186881475,0.967444017609591
905,1,"Simultaneous entry, time-on-study order",631,630,FALSE,NA,0.0126746452939802,-4.36815171459231,0.067241842964944,1.06955411103645
905,1,"Staggered entry, time-on-study order",631,630,FALSE,NA,0.0126746452939802,-4.36815171459231,0.067241842964944,1.06955411103645
905,1,"Staggered entry, calendar-event order",631,630,FALSE,NA,0.00305587124464182,-5.79069054055437,0.065583643401577,1.0677820465009
906,1,"Simultaneous entry, time-on-study order",631,629,FALSE,NA,0.0087899613055745,-4.73414496939093,0.0414021453804269,1.04227116581274
906,1,"Staggered entry, time-on-study order",631,629,FALSE,NA,0.0087899613055745,-4.73414496939093,0.0414021453804269,1.04227116581274
906,1,"Staggered entry, calendar-event order",631,629,FALSE,NA,0.0152390975007932,-4.18389094958521,0.041899689664932,1.04278987090287
907,1,"Simultaneous entry, time-on-study order",631,630,FALSE,NA,0.17508324563387,-1.74249372882653,0.107485162453055,1.11347433939618
907,1,"Staggered entry, time-on-study order",631,630,FALSE,NA,0.17508324563387,-1.74249372882653,0.107485162453055,1.11347433939618
907,1,"Staggered entry, calendar-event order",631,629,FALSE,NA,0.0151495033743281,-4.18978752813646,0.105971823413581,1.11179054960269
908,1,"Simultaneous entry, time-on-study order",631,630,FALSE,NA,0.0118748151273101,-4.43333549740913,-0.0318347142216217,0.968666675673714
908,1,"Staggered entry, time-on-study order",631,630,FALSE,NA,0.0118748151273101,-4.43333549740913,-0.0318347142216217,0.968666675673714
908,1,"Staggered entry, calendar-event order",631,630,FALSE,NA,0.0200993115679049,-3.90706971485665,-0.0357116016829853,0.964918534240443
909,1,"Simultaneous entry, time-on-study order",631,630,FALSE,NA,0.00226321179693895,-6.09097032548655,-0.0168611846098127,0.983280169581989
909,1,"Staggered entry, time-on-study order",631,630,FALSE,NA,0.00226321179693895,-6.09097032548655,-0.0168611846098127,0.983280169581989
909,1,"Staggered entry, calendar-event order",631,630,FALSE,NA,0.000685047554392223,-7.28602229964128,-0.0210365553536263,0.979183169528186
910,1,"Simultaneous entry, time-on-study order",631,629,FALSE,NA,0.000551693053141131,-7.50251872949775,-0.00719552115015854,0.992830304631708
910,1,"Staggered entry, time-on-study order",631,629,FALSE,NA,0.000551693053141131,-7.50251872949775,-0.00719552115015854,0.992830304631708
910,1,"Staggered entry, calendar-event order",631,629,FALSE,NA,0.00127681133402971,-6.66338945440516,-0.010555187164717,0.989500323343717
911,1,"Simultaneous entry, time-on-study order",631,628,FALSE,NA,0.276544607737022,-1.28538314106088,0.117587566799298,1.12478011902642
911,1,"Staggered entry, time-on-study order",631,628,FALSE,NA,0.276544607737022,-1.28538314106088,0.117587566799298,1.12478011902642
911,1,"Staggered entry, calendar-event order",631,628,TRUE,262,0.558068726138013,-0.58327315906314,0.11757408985766,1.12476496053255
912,1,"Simultaneous entry, time-on-study order",631,630,FALSE,NA,0.541095975051874,-0.614158612816345,0.126140480028168,1.13444152346682
912,1,"Staggered entry, time-on-study order",631,630,FALSE,NA,0.541095975051874,-0.614158612816345,0.126140480028168,1.13444152346682
912,1,"Staggered entry, calendar-event order",631,630,FALSE,NA,0.255894060890731,-1.36299174479721,0.120283474491681,1.12781651348211
913,1,"Simultaneous entry, time-on-study order",631,628,FALSE,NA,0.00508774096129837,-5.28092136593486,0.00827132352566545,1.00830562543093
913,1,"Staggered entry, time-on-study order",631,628,FALSE,NA,0.00508774096129837,-5.28092136593486,0.00827132352566545,1.00830562543093
913,1,"Staggered entry, calendar-event order",631,629,FALSE,NA,0.0108648017832962,-4.52222690903922,0.00976761325025754,1.00981547207982
914,1,"Simultaneous entry, time-on-study order",631,630,FALSE,NA,0.00055485044731298,-7.49681194483081,-0.0166718349484998,0.983466370977104
914,1,"Staggered entry, time-on-study order",631,630,FALSE,NA,0.00055485044731298,-7.49681194483081,-0.0166718349484998,0.983466370977104
914,1,"Staggered entry, calendar-event order",631,630,FALSE,NA,0.000198677449820373,-8.52382790342068,-0.0136006602031149,0.986491410893973
915,1,"Simultaneous entry, time-on-study order",631,628,FALSE,NA,3.28470699121641e-06,-12.6262331059826,-0.00969705862768582,0.990349806239208
915,1,"Staggered entry, time-on-study order",631,628,FALSE,NA,3.28470699121641e-06,-12.6262331059826,-0.00969705862768582,0.990349806239208
915,1,"Staggered entry, calendar-event order",631,629,FALSE,NA,7.25707601095004e-06,-11.8335335635671,-0.0123556937419137,0.987720324434141
916,1,"Simultaneous entry, time-on-study order",631,629,FALSE,NA,0.00121523350927732,-6.7128190319499,-0.001398614322618,0.998602363282576
916,1,"Staggered entry, time-on-study order",631,629,FALSE,NA,0.00121523350927732,-6.7128190319499,-0.001398614322618,0.998602363282576
916,1,"Staggered entry, calendar-event order",631,629,FALSE,NA,9.55134833856099e-05,-9.2562431331597,-0.00757779960995083,0.992450839527307
917,1,"Simultaneous entry, time-on-study order",631,629,FALSE,NA,0.000206639155967135,-8.48453649374206,-0.011010310069202,0.989050081548017
917,1,"Staggered entry, time-on-study order",631,629,FALSE,NA,0.000206639155967135,-8.48453649374206,-0.011010310069202,0.989050081548017
917,1,"Staggered entry, calendar-event order",631,629,FALSE,NA,0.00036736897991519,-7.90914382011634,-0.0127956148493849,0.987285900978174
918,1,"Simultaneous entry, time-on-study order",631,630,FALSE,NA,0.0120224446146691,-4.42097999162955,0.0186165003096791,1.01879086770775
918,1,"Staggered entry, time-on-study order",631,630,FALSE,NA,0.0120224446146691,-4.42097999162955,0.0186165003096791,1.01879086770775
918,1,"Staggered entry, calendar-event order",631,630,FALSE,NA,0.00300434488487972,-5.80769574312174,0.0137387161056925,1.0138335259568
919,1,"Simultaneous entry, time-on-study order",631,628,FALSE,NA,0.00052639514340329,-7.54945840405331,-0.0110192498675661,0.989041239679238
919,1,"Staggered entry, time-on-study order",631,628,FALSE,NA,0.00052639514340329,-7.54945840405331,-0.0110192498675661,0.989041239679238
919,1,"Staggered entry, calendar-event order",631,629,FALSE,NA,4.01749170492542e-05,-10.1222677110783,-0.00601908570301146,0.993998992703327
920,1,"Simultaneous entry, time-on-study order",631,630,FALSE,NA,0.0607790018728036,-2.80051091359602,-0.084475717029589,0.918993971009292
920,1,"Staggered entry, time-on-study order",631,630,FALSE,NA,0.0607790018728036,-2.80051091359602,-0.084475717029589,0.918993971009292
920,1,"Staggered entry, calendar-event order",631,630,FALSE,NA,0.118872902246283,-2.12970040499125,-0.0825607717829075,0.920755480204345
921,1,"Simultaneous entry, time-on-study order",631,630,FALSE,NA,0.00788996203659857,-4.84216395572039,0.0584524625770086,1.06019458557819
921,1,"Staggered entry, time-on-study order",631,630,FALSE,NA,0.00788996203659857,-4.84216395572039,0.0584524625770086,1.06019458557819
921,1,"Staggered entry, calendar-event order",631,630,FALSE,NA,0.017558356913513,-4.0422252649986,0.049706023378009,1.05096209267247
922,1,"Simultaneous entry, time-on-study order",631,630,FALSE,NA,0.000294149615681547,-8.13142202319368,-0.0226768091232902,0.97757837713636
922,1,"Staggered entry, time-on-study order",631,630,FALSE,NA,0.000294149615681547,-8.13142202319368,-0.0226768091232902,0.97757837713636
922,1,"Staggered entry, calendar-event order",631,630,FALSE,NA,4.1665696225045e-05,-10.0858324002002,-0.0219321384031317,0.978306622248227
923,1,"Simultaneous entry, time-on-study order",631,628,FALSE,NA,0.00426372779861989,-5.45761143125292,0.0414075345396532,1.04227678279315
923,1,"Staggered entry, time-on-study order",631,628,FALSE,NA,0.00426372779861989,-5.45761143125292,0.0414075345396532,1.04227678279315
923,1,"Staggered entry, calendar-event order",631,628,FALSE,NA,0.0182454374540585,-4.00384023272682,0.0420024364527066,1.04289701971693
924,1,"Simultaneous entry, time-on-study order",631,628,FALSE,NA,0.00130873265708776,-6.63869604737621,0.0394991369211816,1.04028960103265
924,1,"Staggered entry, time-on-study order",631,628,FALSE,NA,0.00130873265708776,-6.63869604737621,0.0394991369211816,1.04028960103265
924,1,"Staggered entry, calendar-event order",631,629,FALSE,NA,0.000371624783438658,-7.89762585938777,0.0445460501829006,1.04555312351443
925,1,"Simultaneous entry, time-on-study order",631,630,FALSE,NA,0.00409936857180793,-5.49692232400827,-0.0705645328990832,0.931867601467495
925,1,"Staggered entry, time-on-study order",631,630,FALSE,NA,0.00409936857180793,-5.49692232400827,-0.0705645328990832,0.931867601467495
925,1,"Staggered entry, calendar-event order",631,629,FALSE,NA,0.0218580218634539,-3.82318729147864,-0.0658764620133857,0.936246519157539
926,1,"Simultaneous entry, time-on-study order",631,630,FALSE,NA,0.00102277625583524,-6.88523452968253,0.0400486885332613,1.04086145097607
926,1,"Staggered entry, time-on-study order",631,630,FALSE,NA,0.00102277625583524,-6.88523452968253,0.0400486885332613,1.04086145097607
926,1,"Staggered entry, calendar-event order",631,630,FALSE,NA,0.0014609232319864,-6.52868669243572,0.0414412744440815,1.04231194970545
927,1,"Simultaneous entry, time-on-study order",631,629,FALSE,NA,0.00564041566833827,-5.17779751612791,0.0495722131396639,1.05082147259277
927,1,"Staggered entry, time-on-study order",631,629,FALSE,NA,0.00564041566833827,-5.17779751612791,0.0495722131396639,1.05082147259277
927,1,"Staggered entry, calendar-event order",631,628,FALSE,NA,0.00287286720345182,-5.8524447223116,0.0523563259780138,1.05375115453559
928,1,"Simultaneous entry, time-on-study order",631,630,FALSE,NA,0.054930476908644,-2.90168694954908,-0.0490760192325929,0.952108748370957
928,1,"Staggered entry, time-on-study order",631,630,FALSE,NA,0.054930476908644,-2.90168694954908,-0.0490760192325929,0.952108748370957
928,1,"Staggered entry, calendar-event order",631,630,FALSE,NA,0.040758070344386,-3.20010141364263,-0.0458007182765248,0.95523230356408
929,1,"Simultaneous entry, time-on-study order",631,627,FALSE,NA,0.0102289476493297,-4.58253357338822,0.0598586886047537,1.0616865075428
929,1,"Staggered entry, time-on-study order",631,627,FALSE,NA,0.0102289476493297,-4.58253357338822,0.0598586886047537,1.0616865075428
929,1,"Staggered entry, calendar-event order",631,628,FALSE,NA,0.0223732966460787,-3.79988714526862,0.0566472068748393,1.05828238977767
930,1,"Simultaneous entry, time-on-study order",631,628,FALSE,NA,0.000915686090786123,-6.99583694767205,-0.00573783102132793,0.994278598892045
930,1,"Staggered entry, time-on-study order",631,628,FALSE,NA,0.000915686090786123,-6.99583694767205,-0.00573783102132793,0.994278598892045
930,1,"Staggered entry, calendar-event order",631,628,FALSE,NA,0.00392975726930154,-5.53917761854492,-0.0144156168399043,0.985687790673822
931,1,"Simultaneous entry, time-on-study order",631,629,FALSE,NA,0.00387548957265776,-5.55308328282619,-0.0447681567018308,0.956219149137376
931,1,"Staggered entry, time-on-study order",631,629,FALSE,NA,0.00387548957265776,-5.55308328282619,-0.0447681567018308,0.956219149137376
931,1,"Staggered entry, calendar-event order",631,629,FALSE,NA,0.00180314816301913,-6.31822116230851,-0.0442976782223383,0.956669135514877
932,1,"Simultaneous entry, time-on-study order",631,629,FALSE,NA,0.00104917497255522,-6.85975116409211,0.0163083205370915,1.01644202705048
932,1,"Staggered entry, time-on-study order",631,629,FALSE,NA,0.00104917497255522,-6.85975116409211,0.0163083205370915,1.01644202705048
932,1,"Staggered entry, calendar-event order",631,630,FALSE,NA,0.000137767207639707,-8.88994519838851,0.0151663781754468,1.01528197132609
933,1,"Simultaneous entry, time-on-study order",631,630,FALSE,NA,0.00288657729333729,-5.84768380629286,-0.0595981316082698,0.942143075039577
933,1,"Staggered entry, time-on-study order",631,630,FALSE,NA,0.00288657729333729,-5.84768380629286,-0.0595981316082698,0.942143075039577
933,1,"Staggered entry, calendar-event order",631,630,FALSE,NA,0.01796943684102,-4.01908291751915,-0.0648949705459842,0.937165888230122
934,1,"Simultaneous entry, time-on-study order",631,627,FALSE,NA,0.961439128033569,-0.039324025334889,0.153346277494632,1.1657285746309
934,1,"Staggered entry, time-on-study order",631,627,FALSE,NA,0.961439128033569,-0.039324025334889,0.153346277494632,1.1657285746309
934,1,"Staggered entry, calendar-event order",631,626,FALSE,NA,1.8349871254027,0.6070374653526,0.153306644265245,1.16568237395844
935,1,"Simultaneous entry, time-on-study order",631,630,FALSE,NA,0.0286750417199645,-3.5517281610431,0.0444000927488092,1.04540052839978
935,1,"Staggered entry, time-on-study order",631,630,FALSE,NA,0.0286750417199645,-3.5517281610431,0.0444000927488092,1.04540052839978
935,1,"Staggered entry, calendar-event order",631,630,FALSE,NA,0.024826076351324,-3.69586071243496,0.0495329020360531,1.05078016445293
936,1,"Simultaneous entry, time-on-study order",631,630,FALSE,NA,0.545959610147781,-0.605210280061764,0.113535838443847,1.12023203554588
936,1,"Staggered entry, time-on-study order",631,630,FALSE,NA,0.545959610147781,-0.605210280061764,0.113535838443847,1.12023203554588
936,1,"Staggered entry, calendar-event order",631,630,FALSE,NA,0.250121229696263,-1.38580955986996,0.107450070039728,1.11343526558004
937,1,"Simultaneous entry, time-on-study order",631,629,FALSE,NA,0.000288093652825455,-8.15222494726728,0.0435446367849907,1.04450661668875
937,1,"Staggered entry, time-on-study order",631,629,FALSE,NA,0.000288093652825455,-8.15222494726728,0.0435446367849907,1.04450661668875
937,1,"Staggered entry, calendar-event order",631,630,FALSE,NA,0.00121187596101741,-6.71558573896723,0.0376310534266295,1.03834806723765
938,1,"Simultaneous entry, time-on-study order",631,630,FALSE,NA,0.00669539779035901,-5.00633488556836,0.0614125304860627,1.06333748284815
938,1,"Staggered entry, time-on-study order",631,630,FALSE,NA,0.00669539779035901,-5.00633488556836,0.0614125304860627,1.06333748284815
938,1,"Staggered entry, calendar-event order",631,630,FALSE,NA,0.00670029955374094,-5.00560304407108,0.0550944669631292,1.05664042757322
939,1,"Simultaneous entry, time-on-study order",631,630,FALSE,NA,0.0210547420747709,-3.86062946751353,-0.0482673193181052,0.952879030055734
939,1,"Staggered entry, time-on-study order",631,630,FALSE,NA,0.0210547420747709,-3.86062946751353,-0.0482673193181052,0.952879030055734
939,1,"Staggered entry, calendar-event order",631,630,FALSE,NA,0.00597063555802149,-5.12090189861388,-0.0402953834114389,0.960505679801078
940,1,"Simultaneous entry, time-on-study order",631,630,FALSE,NA,6.45955669270771e-05,-9.64736477295027,0.043355394810763,1.04430897089655
940,1,"Staggered entry, time-on-study order",631,630,FALSE,NA,6.45955669270771e-05,-9.64736477295027,0.043355394810763,1.04430897089655
940,1,"Staggered entry, calendar-event order",631,630,FALSE,NA,0.000840826552162773,-7.08112515925842,0.0413103740002866,1.04217551953824
941,1,"Simultaneous entry, time-on-study order",631,629,FALSE,NA,0.00570612684594222,-5.16621479616413,-0.0675407920511807,0.934689591932687
941,1,"Staggered entry, time-on-study order",631,629,FALSE,NA,0.00570612684594222,-5.16621479616413,-0.0675407920511807,0.934689591932687
941,1,"Staggered entry, calendar-event order",631,629,FALSE,NA,0.00010907671817803,-9.12345908681619,-0.067222335804575,0.93498729707239
942,1,"Simultaneous entry, time-on-study order",631,629,FALSE,NA,0.288347119800457,-1.24359024752459,0.0950542372667357,1.0997184992342
942,1,"Staggered entry, time-on-study order",631,629,FALSE,NA,0.288347119800457,-1.24359024752459,0.0950542372667357,1.0997184992342
942,1,"Staggered entry, calendar-event order",631,629,FALSE,NA,0.348797787366787,-1.05326293052596,0.102384368847473,1.10780919724924
943,1,"Simultaneous entry, time-on-study order",631,629,FALSE,NA,0.0576375547170464,-2.8535809321191,-0.0860475783849609,0.917550574607144
943,1,"Staggered entry, time-on-study order",631,629,FALSE,NA,0.0576375547170464,-2.8535809321191,-0.0860475783849609,0.917550574607144
943,1,"Staggered entry, calendar-event order",631,629,FALSE,NA,0.267093880506111,-1.3201550700006,-0.0889531983360318,0.914888390871522
944,1,"Simultaneous entry, time-on-study order",631,629,FALSE,NA,0.00281808227949478,-5.8716986680984,-0.038427281138157,0.962301679678434
944,1,"Staggered entry, time-on-study order",631,629,FALSE,NA,0.00281808227949478,-5.8716986680984,-0.038427281138157,0.962301679678434
944,1,"Staggered entry, calendar-event order",631,629,FALSE,NA,0.00121539663453367,-6.71268480728637,-0.0293566543119642,0.971070066371699
945,1,"Simultaneous entry, time-on-study order",631,630,TRUE,198,2.10445569080206,0.74405685450556,0.161102560631657,1.17480545142455
945,1,"Staggered entry, time-on-study order",631,630,TRUE,198,2.10445569080206,0.74405685450556,0.161102560631657,1.17480545142455
945,1,"Staggered entry, calendar-event order",631,630,TRUE,142,1.96450385955863,0.675239724666333,0.164343785211035,1.17861943738322
946,1,"Simultaneous entry, time-on-study order",631,629,FALSE,NA,0.275575252263862,-1.28889453972408,0.121821391704974,1.12955233634543
946,1,"Staggered entry, time-on-study order",631,629,FALSE,NA,0.275575252263862,-1.28889453972408,0.121821391704974,1.12955233634543
946,1,"Staggered entry, calendar-event order",631,629,FALSE,NA,0.41755197764921,-0.873346245077002,0.123538940224451,1.13149406431705
947,1,"Simultaneous entry, time-on-study order",631,624,FALSE,NA,0.0818002650996374,-2.50347479455182,0.0958160777136779,1.10055662848701
947,1,"Staggered entry, time-on-study order",631,624,FALSE,NA,0.0818002650996374,-2.50347479455182,0.0958160777136779,1.10055662848701
947,1,"Staggered entry, calendar-event order",631,624,FALSE,NA,0.161168719673996,-1.82530351442648,0.0937383871672873,1.09827238618028
948,1,"Simultaneous entry, time-on-study order",631,630,FALSE,NA,0.128062013155376,-2.05524065460761,0.0793724613889635,1.08260747647032
948,1,"Staggered entry, time-on-study order",631,630,FALSE,NA,0.128062013155376,-2.05524065460761,0.0793724613889635,1.08260747647032
948,1,"Staggered entry, calendar-event order",631,630,FALSE,NA,0.105212163470752,-2.25177636301673,0.0827662270142339,1.08628783411283
949,1,"Simultaneous entry, time-on-study order",631,630,FALSE,NA,0.0243390764584921,-3.71567213550778,-0.0618950704864335,0.939981513419541
949,1,"Staggered entry, time-on-study order",631,630,FALSE,NA,0.0243390764584921,-3.71567213550778,-0.0618950704864335,0.939981513419541
949,1,"Staggered entry, calendar-event order",631,630,FALSE,NA,0.0748333231089122,-2.59249199709718,-0.0698016570719932,0.932578771967604
950,1,"Simultaneous entry, time-on-study order",631,628,FALSE,NA,0.000227341556486435,-8.3890570172154,-0.00330535649212674,0.9967001001849
950,1,"Staggered entry, time-on-study order",631,628,FALSE,NA,0.000227341556486435,-8.3890570172154,-0.00330535649212674,0.9967001001849
950,1,"Staggered entry, calendar-event order",631,628,FALSE,NA,0.00077891607652267,-7.15760725021713,0.00163465266645629,1.00163598943941
951,1,"Simultaneous entry, time-on-study order",631,628,FALSE,NA,0.0700277204412062,-2.65886410901963,-0.100814067745034,0.904101118818821
951,1,"Staggered entry, time-on-study order",631,628,FALSE,NA,0.0700277204412062,-2.65886410901963,-0.100814067745034,0.904101118818821
951,1,"Staggered entry, calendar-event order",631,628,FALSE,NA,0.0205733682838227,-3.8837578413319,-0.0961858301383832,0.908295211759834
952,1,"Simultaneous entry, time-on-study order",631,628,FALSE,NA,3.1748662921366e-05,-10.3576599462252,0.00103010420873926,1.0010306349483
952,1,"Staggered entry, time-on-study order",631,628,FALSE,NA,3.1748662921366e-05,-10.3576599462252,0.00103010420873926,1.0010306349483
952,1,"Staggered entry, calendar-event order",631,628,FALSE,NA,0.000339925881212876,-7.98678296055146,-0.00187929042659684,0.998122474333985
953,1,"Simultaneous entry, time-on-study order",631,629,FALSE,NA,0.000138844211972028,-8.88215803055366,0.0183269018729081,1.01849587018254
953,1,"Staggered entry, time-on-study order",631,629,FALSE,NA,0.000138844211972028,-8.88215803055366,0.0183269018729081,1.01849587018254
953,1,"Staggered entry, calendar-event order",631,628,FALSE,NA,0.00311842871800859,-5.77042602004078,0.014531183445079,1.0146372743438
954,1,"Simultaneous entry, time-on-study order",631,629,FALSE,NA,0.0299252289681304,-3.50905337616786,0.107667684600511,1.11367759167221
954,1,"Staggered entry, time-on-study order",631,629,FALSE,NA,0.0299252289681304,-3.50905337616786,0.107667684600511,1.11367759167221
954,1,"Staggered entry, calendar-event order",631,629,FALSE,NA,0.0798614571950912,-2.52746193064287,0.109335384809989,1.11553642157982
955,1,"Simultaneous entry, time-on-study order",631,629,FALSE,NA,0.235022091372032,-1.44807576341781,0.131437045804649,1.14046610833618
955,1,"Staggered entry, time-on-study order",631,629,FALSE,NA,0.235022091372032,-1.44807576341781,0.131437045804649,1.14046610833618
955,1,"Staggered entry, calendar-event order",631,629,FALSE,NA,0.0483048170486443,-3.03022399144051,0.11673060840112,1.12381664214608
956,1,"Simultaneous entry, time-on-study order",631,630,FALSE,NA,0.0193603777478143,-3.94452668555679,-0.0318061525747278,0.96869434278437
956,1,"Staggered entry, time-on-study order",631,630,FALSE,NA,0.0193603777478143,-3.94452668555679,-0.0318061525747278,0.96869434278437
956,1,"Staggered entry, calendar-event order",631,629,FALSE,NA,0.0177695834820514,-4.03026707647962,-0.0337641590281306,0.966799488683474
957,1,"Simultaneous entry, time-on-study order",631,629,FALSE,NA,0.166561997398093,-1.7923876821239,-0.0951943534711283,0.90919621185575
957,1,"Staggered entry, time-on-study order",631,629,FALSE,NA,0.166561997398093,-1.7923876821239,-0.0951943534711283,0.90919621185575
957,1,"Staggered entry, calendar-event order",631,627,FALSE,NA,0.238775801123418,-1.43223023792753,-0.0944757202357285,0.909849825297131
958,1,"Simultaneous entry, time-on-study order",631,628,FALSE,NA,0.000432121363083261,-7.74680407611136,-0.00461198766705573,0.995398631217072
958,1,"Staggered entry, time-on-study order",631,628,FALSE,NA,0.000432121363083261,-7.74680407611136,-0.00461198766705573,0.995398631217072
958,1,"Staggered entry, calendar-event order",631,628,FALSE,NA,0.000297038517194744,-8.12164874004588,-0.0060140517525495,0.99400399645761
959,1,"Simultaneous entry, time-on-study order",631,629,FALSE,NA,0.00792488483558732,-4.83774749111147,-0.0604308261527032,0.941358884181952
959,1,"Staggered entry, time-on-study order",631,629,FALSE,NA,0.00792488483558732,-4.83774749111147,-0.0604308261527032,0.941358884181952
959,1,"Staggered entry, calendar-event order",631,629,FALSE,NA,0.00840855285025305,-4.77850589468459,-0.0556770287796733,0.945844567139078
960,1,"Simultaneous entry, time-on-study order",631,630,FALSE,NA,0.0979610056410425,-2.32318578111744,0.10090834038505,1.10617524551945
960,1,"Staggered entry, time-on-study order",631,630,FALSE,NA,0.0979610056410425,-2.32318578111744,0.10090834038505,1.10617524551945
960,1,"Staggered entry, calendar-event order",631,630,FALSE,NA,0.0644566856672471,-2.7417618208071,0.108864076538367,1.11501078391546
961,1,"Simultaneous entry, time-on-study order",631,629,FALSE,NA,0.0740593909601794,-2.60288792713055,0.064109023193902,1.06620863389586
961,1,"Staggered entry, time-on-study order",631,629,FALSE,NA,0.0740593909601794,-2.60288792713055,0.064109023193902,1.06620863389586
961,1,"Staggered entry, calendar-event order",631,629,FALSE,NA,0.0743731218343883,-2.59866066808208,0.0697536304972881,1.07224398049379
962,1,"Simultaneous entry, time-on-study order",631,630,FALSE,NA,0.000719211734747657,-7.23735475855002,0.00505587298320511,1.00506867547585
962,1,"Staggered entry, time-on-study order",631,630,FALSE,NA,0.000719211734747657,-7.23735475855002,0.00505587298320511,1.00506867547585
962,1,"Staggered entry, calendar-event order",631,630,FALSE,NA,0.00111533115972723,-6.79860391392741,0.00968352220244615,1.00973055920894
963,1,"Simultaneous entry, time-on-study order",631,629,FALSE,NA,0.00237584804805933,-6.04240083236379,-0.0284233193457982,0.9719768231073
963,1,"Staggered entry, time-on-study order",631,629,FALSE,NA,0.00237584804805933,-6.04240083236379,-0.0284233193457982,0.9719768231073
963,1,"Staggered entry, calendar-event order",631,628,FALSE,NA,0.00435054529157693,-5.43745408735225,-0.0338521696043586,0.966714403847616
964,1,"Simultaneous entry, time-on-study order",631,630,FALSE,NA,0.0163703406024974,-4.1122840813099,-0.064199272618177,0.937818099441263
964,1,"Staggered entry, time-on-study order",631,630,FALSE,NA,0.0163703406024974,-4.1122840813099,-0.064199272618177,0.937818099441263
964,1,"Staggered entry, calendar-event order",631,630,FALSE,NA,0.0681229915356991,-2.68644050847812,-0.0628746353043087,0.939061191430654
965,1,"Simultaneous entry, time-on-study order",631,629,FALSE,NA,0.358991870657636,-1.02445553515795,-0.100486843910938,0.904397010662123
965,1,"Staggered entry, time-on-study order",631,629,FALSE,NA,0.358991870657636,-1.02445553515795,-0.100486843910938,0.904397010662123
965,1,"Staggered entry, calendar-event order",631,628,FALSE,NA,0.307835509287609,-1.17818969942432,-0.104839240555917,0.900469269890447
966,1,"Simultaneous entry, time-on-study order",631,630,FALSE,NA,0.113094328671634,-2.17953304148838,0.0714617297878218,1.07407704475835
966,1,"Staggered entry, time-on-study order",631,630,FALSE,NA,0.113094328671634,-2.17953304148838,0.0714617297878218,1.07407704475835
966,1,"Staggered entry, calendar-event order",631,630,FALSE,NA,0.0385066168591787,-3.25692518598357,0.064664709688582,1.06680127628066
967,1,"Simultaneous entry, time-on-study order",631,629,FALSE,NA,0.023975729853062,-3.73071321642106,-0.0372899032866474,0.963396802961797
967,1,"Staggered entry, time-on-study order",631,629,FALSE,NA,0.023975729853062,-3.73071321642106,-0.0372899032866474,0.963396802961797
967,1,"Staggered entry, calendar-event order",631,630,FALSE,NA,0.0100035271158126,-4.60481753659494,-0.0371630096085408,0.963519059682239
968,1,"Simultaneous entry, time-on-study order",631,625,FALSE,NA,1.74298306931337,0.555598052958507,0.143629077875169,1.15445581589396
968,1,"Staggered entry, time-on-study order",631,625,FALSE,NA,1.74298306931337,0.555598052958507,0.143629077875169,1.15445581589396
968,1,"Staggered entry, calendar-event order",631,626,FALSE,NA,0.750032311857037,-0.287638990903755,0.143089923328536,1.1538335535548
969,1,"Simultaneous entry, time-on-study order",631,630,FALSE,NA,0.0497932663545019,-2.99987551785876,0.069245548463553,1.07169933096655
969,1,"Staggered entry, time-on-study order",631,630,FALSE,NA,0.0497932663545019,-2.99987551785876,0.069245548463553,1.07169933096655
969,1,"Staggered entry, calendar-event order",631,629,FALSE,NA,0.0658988452542886,-2.71963436032388,0.0766602279588221,1.07967517062744
970,1,"Simultaneous entry, time-on-study order",631,630,FALSE,NA,0.000128687344969801,-8.95812477787985,-0.0135329328468032,0.986558225611823
970,1,"Staggered entry, time-on-study order",631,630,FALSE,NA,0.000128687344969801,-8.95812477787985,-0.0135329328468032,0.986558225611823
970,1,"Staggered entry, calendar-event order",631,630,FALSE,NA,1.96597017701618e-05,-10.8369396127315,-0.0176486138827258,0.982506210751895
971,1,"Simultaneous entry, time-on-study order",631,629,FALSE,NA,0.0436631531185708,-3.1312507106199,-0.0495656479529716,0.951642682691713
971,1,"Staggered entry, time-on-study order",631,629,FALSE,NA,0.0436631531185708,-3.1312507106199,-0.0495656479529716,0.951642682691713
971,1,"Staggered entry, calendar-event order",631,629,FALSE,NA,0.00536500463574792,-5.22785803882754,-0.0490669597120542,0.95211737405879
972,1,"Simultaneous entry, time-on-study order",631,630,FALSE,NA,0.0861061046241921,-2.45217496850329,0.0704166079061174,1.07295508972824
972,1,"Staggered entry, time-on-study order",631,630,FALSE,NA,0.0861061046241921,-2.45217496850329,0.0704166079061174,1.07295508972824
972,1,"Staggered entry, calendar-event order",631,630,FALSE,NA,0.0101508137232105,-4.59020140693334,0.0654251950060681,1.06761287155198
973,1,"Simultaneous entry, time-on-study order",631,628,FALSE,NA,0.0382757130973818,-3.26293970672019,-0.0974637777943007,0.907135199398496
973,1,"Staggered entry, time-on-study order",631,628,FALSE,NA,0.0382757130973818,-3.26293970672019,-0.0974637777943007,0.907135199398496
973,1,"Staggered entry, calendar-event order",631,629,FALSE,NA,0.010902754432397,-4.51873982145045,-0.0950582692545807,0.909319947528974
974,1,"Simultaneous entry, time-on-study order",631,630,FALSE,NA,0.00133051354294631,-6.62219028875857,-0.039722218979377,0.961056365295127
974,1,"Staggered entry, time-on-study order",631,630,FALSE,NA,0.00133051354294631,-6.62219028875857,-0.039722218979377,0.961056365295127
974,1,"Staggered entry, calendar-event order",631,630,FALSE,NA,0.00849465965405025,-4.76831758892802,-0.0486414272596935,0.95252261711583
975,1,"Simultaneous entry, time-on-study order",631,630,FALSE,NA,0.201143403210938,-1.60373717649604,-0.108190140185474,0.89745693757783
975,1,"Staggered entry, time-on-study order",631,630,FALSE,NA,0.201143403210938,-1.60373717649604,-0.108190140185474,0.89745693757783
975,1,"Staggered entry, calendar-event order",631,630,FALSE,NA,0.472152378953048,-0.750453508732224,-0.109657390592827,0.896141109081598
976,1,"Simultaneous entry, time-on-study order",631,629,FALSE,NA,1.74417743299116,0.556283059412153,0.182305138674875,1.19998029841884
976,1,"Staggered entry, time-on-study order",631,629,FALSE,NA,1.74417743299116,0.556283059412153,0.182305138674875,1.19998029841884
976,1,"Staggered entry, calendar-event order",631,630,FALSE,NA,3.02326531336408,1.10633747686982,0.17614942239832,1.19261624891772
977,1,"Simultaneous entry, time-on-study order",631,630,FALSE,NA,0.0130526639642791,-4.33876303085239,-0.0418182213283842,0.959044098490609
977,1,"Staggered entry, time-on-study order",631,630,FALSE,NA,0.0130526639642791,-4.33876303085239,-0.0418182213283842,0.959044098490609
977,1,"Staggered entry, calendar-event order",631,630,FALSE,NA,0.0131518556534812,-4.33119241598089,-0.0481475692516562,0.952993144215354
978,1,"Simultaneous entry, time-on-study order",631,628,FALSE,NA,0.00155659498492015,-6.46525454526086,-0.0366321620657121,0.964030677190975
978,1,"Staggered entry, time-on-study order",631,628,FALSE,NA,0.00155659498492015,-6.46525454526086,-0.0366321620657121,0.964030677190975
978,1,"Staggered entry, calendar-event order",631,628,FALSE,NA,0.00137961567523688,-6.58595031480545,-0.0370012446004004,0.963674935958096
979,1,"Simultaneous entry, time-on-study order",631,630,FALSE,NA,0.00144447078270868,-6.54001226484013,-0.0280810495481342,0.972309558357244
979,1,"Staggered entry, time-on-study order",631,630,FALSE,NA,0.00144447078270868,-6.54001226484013,-0.0280810495481342,0.972309558357244
979,1,"Staggered entry, calendar-event order",631,630,FALSE,NA,0.000923797508264044,-6.98701765723917,-0.0198344216868409,0.980360986387034
980,1,"Simultaneous entry, time-on-study order",631,629,FALSE,NA,2.35753565143548,0.85761685797125,0.157313390097938,1.17036233640154
980,1,"Staggered entry, time-on-study order",631,629,FALSE,NA,2.35753565143548,0.85761685797125,0.157313390097938,1.17036233640154
980,1,"Staggered entry, calendar-event order",631,627,FALSE,NA,0.260524761620805,-1.34505736809953,0.160887306782877,1.17455259724446
981,1,"Simultaneous entry, time-on-study order",631,630,FALSE,NA,0.00930884980078332,-4.676789739817,-0.0848194260707287,0.918678158749576
981,1,"Staggered entry, time-on-study order",631,630,FALSE,NA,0.00930884980078332,-4.676789739817,-0.0848194260707287,0.918678158749576
981,1,"Staggered entry, calendar-event order",631,630,FALSE,NA,0.0179482263266775,-4.02026398081432,-0.0842618542037699,0.919190530674496
982,1,"Simultaneous entry, time-on-study order",631,630,FALSE,NA,0.510498703378707,-0.672367181285232,-0.126612699026061,0.88107484767079
982,1,"Staggered entry, time-on-study order",631,630,FALSE,NA,0.510498703378707,-0.672367181285232,-0.126612699026061,0.88107484767079
982,1,"Staggered entry, calendar-event order",631,630,FALSE,NA,0.713675200900207,-0.337327320841255,-0.126024485522415,0.881593260247604
983,1,"Simultaneous entry, time-on-study order",631,629,FALSE,NA,0.000795046349355654,-7.13711014393309,-0.0450457456931389,0.955953750065932
983,1,"Staggered entry, time-on-study order",631,629,FALSE,NA,0.000795046349355654,-7.13711014393309,-0.0450457456931389,0.955953750065932
983,1,"Staggered entry, calendar-event order",631,628,FALSE,NA,0.00277009798077006,-5.88887258728932,-0.0489835837466796,0.952196761073441
984,1,"Simultaneous entry, time-on-study order",631,630,FALSE,NA,0.0235277101671763,-3.74957639644044,0.0497689442357114,1.0510282221892
984,1,"Staggered entry, time-on-study order",631,630,FALSE,NA,0.0235277101671763,-3.74957639644044,0.0497689442357114,1.0510282221892
984,1,"Staggered entry, calendar-event order",631,629,FALSE,NA,0.027694243471371,-3.58653070430379,0.0539462241661893,1.05542784411664
985,1,"Simultaneous entry, time-on-study order",631,628,FALSE,NA,0.00218101415374726,-6.12796530221595,0.026303045204313,1.02665202330835
985,1,"Staggered entry, time-on-study order",631,628,FALSE,NA,0.00218101415374726,-6.12796530221595,0.026303045204313,1.02665202330835
985,1,"Staggered entry, calendar-event order",631,630,FALSE,NA,0.00392031403059186,-5.54158351854352,0.0328298923234509,1.03337473931336
986,1,"Simultaneous entry, time-on-study order",631,630,TRUE,175,6.99404431744429,1.94505897511586,-0.176331577242684,0.838339962793684
986,1,"Staggered entry, time-on-study order",631,630,TRUE,175,6.99404431744429,1.94505897511586,-0.176331577242684,0.838339962793684
986,1,"Staggered entry, calendar-event order",631,630,TRUE,232,1.98753353720322,0.686894441468496,-0.17718740747773,0.837622793037831
987,1,"Simultaneous entry, time-on-study order",631,630,FALSE,NA,0.0115766267556095,-4.4587671484433,-0.0274453541323265,0.972927847587231
987,1,"Staggered entry, time-on-study order",631,630,FALSE,NA,0.0115766267556095,-4.4587671484433,-0.0274453541323265,0.972927847587231
987,1,"Staggered entry, calendar-event order",631,628,FALSE,NA,0.000370933361504056,-7.89948813007764,-0.0228416238462066,0.977417271103691
988,1,"Simultaneous entry, time-on-study order",631,629,FALSE,NA,0.00113507579417945,-6.78105585126566,-0.0314781204206119,0.969012157800235
988,1,"Staggered entry, time-on-study order",631,629,FALSE,NA,0.00113507579417945,-6.78105585126566,-0.0314781204206119,0.969012157800235
988,1,"Staggered entry, calendar-event order",631,629,FALSE,NA,0.00101933173722975,-6.88860802597545,-0.0276689071502679,0.97271037094035
989,1,"Simultaneous entry, time-on-study order",631,625,FALSE,NA,0.00576393488465646,-5.15613489781074,-0.0217748338548343,0.978460526434133
989,1,"Staggered entry, time-on-study order",631,625,FALSE,NA,0.00576393488465646,-5.15613489781074,-0.0217748338548343,0.978460526434133
989,1,"Staggered entry, calendar-event order",631,624,FALSE,NA,0.00659780923099241,-5.02101761975039,-0.0228202579982476,0.977438154675595
990,1,"Simultaneous entry, time-on-study order",631,628,FALSE,NA,0.0238372922351701,-3.73650402397528,0.0341498204484861,1.0347396202697
990,1,"Staggered entry, time-on-study order",631,628,FALSE,NA,0.0238372922351701,-3.73650402397528,0.0341498204484861,1.0347396202697
990,1,"Staggered entry, calendar-event order",631,628,FALSE,NA,0.006436678904494,-5.04574256994379,0.0382418533283289,1.03898248386613
991,1,"Simultaneous entry, time-on-study order",631,630,FALSE,NA,0.000416651706541009,-7.78325992128219,0.0313004340462428,1.03179544380602
991,1,"Staggered entry, time-on-study order",631,630,FALSE,NA,0.000416651706541009,-7.78325992128219,0.0313004340462428,1.03179544380602
991,1,"Staggered entry, calendar-event order",631,630,FALSE,NA,4.23043445915906e-05,-10.0706207681652,0.0334395277603056,1.03400491324266
992,1,"Simultaneous entry, time-on-study order",631,629,FALSE,NA,0.00534778339268132,-5.23107312305309,-0.0138237079692596,0.986271400725752
992,1,"Staggered entry, time-on-study order",631,629,FALSE,NA,0.00534778339268132,-5.23107312305309,-0.0138237079692596,0.986271400725752
992,1,"Staggered entry, calendar-event order",631,629,FALSE,NA,0.00159905595018753,-6.43834185500606,-0.00851957777852437,0.991516610980334
993,1,"Simultaneous entry, time-on-study order",631,628,FALSE,NA,0.0358921562332825,-3.32723649668378,-0.0603571082534942,0.941428281739186
993,1,"Staggered entry, time-on-study order",631,628,FALSE,NA,0.0358921562332825,-3.32723649668378,-0.0603571082534942,0.941428281739186
993,1,"Staggered entry, calendar-event order",631,628,FALSE,NA,0.0373227318272006,-3.28815270559623,-0.0651992655791971,0.936880756689293
994,1,"Simultaneous entry, time-on-study order",631,630,FALSE,NA,0.00226381050102839,-6.09070582310351,-0.0346505021401195,0.965942952264658
994,1,"Staggered entry, time-on-study order",631,630,FALSE,NA,0.00226381050102839,-6.09070582310351,-0.0346505021401195,0.965942952264658
994,1,"Staggered entry, calendar-event order",631,630,FALSE,NA,0.00232379910583078,-6.0645518870031,-0.0291715465931236,0.971249835574339
995,1,"Simultaneous entry, time-on-study order",631,630,FALSE,NA,0.498805930727805,-0.695538175255352,-0.129692704434787,0.878365307216087
995,1,"Staggered entry, time-on-study order",631,630,FALSE,NA,0.498805930727805,-0.695538175255352,-0.129692704434787,0.878365307216087
995,1,"Staggered entry, calendar-event order",631,630,FALSE,NA,0.812154856262617,-0.208064247320213,-0.128468239624663,0.879441493366781
996,1,"Simultaneous entry, time-on-study order",631,629,FALSE,NA,0.00228398452599085,-6.08183376217155,0.0284214238305629,1.02882916620345
996,1,"Staggered entry, time-on-study order",631,629,FALSE,NA,0.00228398452599085,-6.08183376217155,0.0284214238305629,1.02882916620345
996,1,"Staggered entry, calendar-event order",631,629,FALSE,NA,0.00147205185922566,-6.52109802884381,0.0246315235945303,1.0249373856918
997,1,"Simultaneous entry, time-on-study order",631,630,FALSE,NA,0.00932515620403997,-4.67503956248907,-0.0264063361786807,0.97393926243658
997,1,"Staggered entry, time-on-study order",631,630,FALSE,NA,0.00932515620403997,-4.67503956248907,-0.0264063361786807,0.97393926243658
997,1,"Staggered entry, calendar-event order",631,630,FALSE,NA,0.0113080063955472,-4.48224427357374,-0.0240231445489676,0.976263114326975
998,1,"Simultaneous entry, time-on-study order",631,630,FALSE,NA,0.00165401782524502,-6.4045479053861,0.00852110984943325,1.00855751784467
998,1,"Staggered entry, time-on-study order",631,630,FALSE,NA,0.00165401782524502,-6.4045479053861,0.00852110984943325,1.00855751784467
998,1,"Staggered entry, calendar-event order",631,629,FALSE,NA,0.00270874563413717,-5.91126961687793,0.00458700619380292,1.00459754261076
999,1,"Simultaneous entry, time-on-study order",631,629,FALSE,NA,0.310061062030875,-1.17098602660669,0.108466862378954,1.11456797379523
999,1,"Staggered entry, time-on-study order",631,629,FALSE,NA,0.310061062030875,-1.17098602660669,0.108466862378954,1.11456797379523
999,1,"Staggered entry, calendar-event order",631,629,FALSE,NA,0.054831599041959,-2.90348862635913,0.107969404795868,1.11401366138969
1000,1,"Simultaneous entry, time-on-study order",631,627,FALSE,NA,0.00444618590746208,-5.41570864977046,-0.0793819293133723,0.923687073897488
1000,1,"Staggered entry, time-on-study order",631,627,FALSE,NA,0.00444618590746208,-5.41570864977046,-0.0793819293133723,0.923687073897488
1000,1,"Staggered entry, calendar-event order",631,627,FALSE,NA,0.0439113909146927,-3.12558151841982,-0.0833610154276884,0.920018946225538
1,0.8,"Simultaneous entry, time-on-study order",631,625,TRUE,332,1246.00161976611,7.12769499931936,-0.327593689331909,0.720655770354935
1,0.8,"Staggered entry, time-on-study order",631,625,TRUE,332,1246.00161976611,7.12769499931936,-0.327593689331909,0.720655770354935
1,0.8,"Staggered entry, calendar-event order",631,626,TRUE,333,1275.49349409983,7.15108843690232,-0.326009597355276,0.721798260044135
2,0.8,"Simultaneous entry, time-on-study order",631,628,TRUE,242,45.2816318620194,3.81290147260108,-0.247575504487216,0.780691272891304
2,0.8,"Staggered entry, time-on-study order",631,628,TRUE,242,45.2816318620194,3.81290147260108,-0.247575504487216,0.780691272891304
2,0.8,"Staggered entry, calendar-event order",631,627,TRUE,228,96.6373493983896,4.57096530622747,-0.249838987122624,0.778926190122194
3,0.8,"Simultaneous entry, time-on-study order",631,629,TRUE,501,42.8490563017904,3.75768362150583,-0.229380598294595,0.795025890417974
3,0.8,"Staggered entry, time-on-study order",631,629,TRUE,501,42.8490563017904,3.75768362150583,-0.229380598294595,0.795025890417974
3,0.8,"Staggered entry, calendar-event order",631,629,TRUE,469,51.9989049269637,3.95122265926283,-0.231846126450073,0.79306814612938
4,0.8,"Simultaneous entry, time-on-study order",631,629,FALSE,NA,5.64097670690491,1.73005722550005,-0.204645903583879,0.814935831184567
4,0.8,"Staggered entry, time-on-study order",631,629,FALSE,NA,5.64097670690491,1.73005722550005,-0.204645903583879,0.814935831184567
4,0.8,"Staggered entry, calendar-event order",631,629,TRUE,512,12.5514523564754,2.52983638449767,-0.202661553834715,0.816554554422125
5,0.8,"Simultaneous entry, time-on-study order",631,622,TRUE,423,130.150030709943,4.86868786739862,-0.270913699891085,0.76268231313172
5,0.8,"Staggered entry, time-on-study order",631,622,TRUE,423,130.150030709943,4.86868786739862,-0.270913699891085,0.76268231313172
5,0.8,"Staggered entry, calendar-event order",631,622,TRUE,598,24.9529852672458,3.21699346502985,-0.268138248267074,0.764802041237
6,0.8,"Simultaneous entry, time-on-study order",631,628,TRUE,177,319.644100671392,5.76720819145473,-0.296158123648496,0.743669826936357
6,0.8,"Staggered entry, time-on-study order",631,628,TRUE,177,319.644100671392,5.76720819145473,-0.296158123648496,0.743669826936357
6,0.8,"Staggered entry, calendar-event order",631,627,TRUE,188,253.053590912064,5.53360128808327,-0.295125943758812,0.744437824263799
7,0.8,"Simultaneous entry, time-on-study order",631,629,TRUE,205,25.3833696777429,3.23409422249382,-0.237228601453235,0.788810944076808
7,0.8,"Staggered entry, time-on-study order",631,629,TRUE,205,25.3833696777429,3.23409422249382,-0.237228601453235,0.788810944076808
7,0.8,"Staggered entry, calendar-event order",631,630,TRUE,173,35.2189095064341,3.5615831402501,-0.239415176205097,0.787088034304453
8,0.8,"Simultaneous entry, time-on-study order",631,627,FALSE,NA,14.0097036647594,2.63975020843067,-0.240293182476964,0.786397269366171
8,0.8,"Staggered entry, time-on-study order",631,627,FALSE,NA,14.0097036647594,2.63975020843067,-0.240293182476964,0.786397269366171
8,0.8,"Staggered entry, calendar-event order",631,626,FALSE,NA,5.71082499683305,1.74236349603917,-0.235424804681709,0.79023508275331
9,0.8,"Simultaneous entry, time-on-study order",631,630,FALSE,NA,0.579845351054779,-0.544993847107851,-0.120908134365862,0.886115359403307
9,0.8,"Staggered entry, time-on-study order",631,630,FALSE,NA,0.579845351054779,-0.544993847107851,-0.120908134365862,0.886115359403307
9,0.8,"Staggered entry, calendar-event order",631,630,FALSE,NA,0.405009593199786,-0.903844525243076,-0.120747957355756,0.886257306080179
10,0.8,"Simultaneous entry, time-on-study order",631,630,FALSE,NA,0.932478750669395,-0.0699089152097087,-0.147804468545192,0.862599763840167
10,0.8,"Staggered entry, time-on-study order",631,630,FALSE,NA,0.932478750669395,-0.0699089152097087,-0.147804468545192,0.862599763840167
10,0.8,"Staggered entry, calendar-event order",631,630,FALSE,NA,0.191955288113472,-1.65049280848281,-0.149551245712809,0.861094309497326
11,0.8,"Simultaneous entry, time-on-study order",631,628,TRUE,177,70641.9373216112,11.1653792601794,-0.465641877904099,0.627732048515256
11,0.8,"Staggered entry, time-on-study order",631,628,TRUE,177,70641.9373216112,11.1653792601794,-0.465641877904099,0.627732048515256
11,0.8,"Staggered entry, calendar-event order",631,626,TRUE,199,70600.8876842504,11.1647979968336,-0.460104659084785,0.631217579395617
12,0.8,"Simultaneous entry, time-on-study order",631,630,TRUE,367,18.3421589719718,2.90920217920048,-0.202552660973358,0.816643476225398
12,0.8,"Staggered entry, time-on-study order",631,630,TRUE,367,18.3421589719718,2.90920217920048,-0.202552660973358,0.816643476225398
12,0.8,"Staggered entry, calendar-event order",631,630,TRUE,342,10.1512589071181,2.31759772805462,-0.197523526767654,0.820760830551214
13,0.8,"Simultaneous entry, time-on-study order",631,630,TRUE,127,5.85118426816693,1.76664407975865,-0.198847609121867,0.819674794777523
13,0.8,"Staggered entry, time-on-study order",631,630,TRUE,127,5.85118426816693,1.76664407975865,-0.198847609121867,0.819674794777523
13,0.8,"Staggered entry, calendar-event order",631,629,TRUE,150,9.24379974015472,2.2239530284123,-0.19379151562192,0.823829641976191
14,0.8,"Simultaneous entry, time-on-study order",631,628,TRUE,142,216.521437339344,5.3776895602743,-0.315912843237317,0.729122995398262
14,0.8,"Staggered entry, time-on-study order",631,628,TRUE,142,216.521437339344,5.3776895602743,-0.315912843237317,0.729122995398262
14,0.8,"Staggered entry, calendar-event order",631,628,TRUE,156,284.240333989136,5.64982012673719,-0.313744545059181,0.730705666692384
15,0.8,"Simultaneous entry, time-on-study order",631,629,TRUE,295,368.118027214467,5.90840361287357,-0.337952941912536,0.713228850294204
15,0.8,"Staggered entry, time-on-study order",631,629,TRUE,295,368.118027214467,5.90840361287357,-0.337952941912536,0.713228850294204
15,0.8,"Staggered entry, calendar-event order",631,630,TRUE,265,523.887966548219,6.26127785716435,-0.337338334104207,0.713667341050839
16,0.8,"Simultaneous entry, time-on-study order",631,630,TRUE,314,12.2218297316393,2.50322367507469,-0.190561030876594,0.826495314456231
16,0.8,"Staggered entry, time-on-study order",631,630,TRUE,314,12.2218297316393,2.50322367507469,-0.190561030876594,0.826495314456231
16,0.8,"Staggered entry, calendar-event order",631,630,TRUE,433,2.86159677604375,1.05137978233489,-0.190977716368428,0.826150997590531
17,0.8,"Simultaneous entry, time-on-study order",631,625,TRUE,473,234.042403702921,5.45550231134636,-0.298004220423552,0.742298206928328
17,0.8,"Staggered entry, time-on-study order",631,625,TRUE,473,234.042403702921,5.45550231134636,-0.298004220423552,0.742298206928328
17,0.8,"Staggered entry, calendar-event order",631,625,TRUE,160,327.047090074131,5.79010416687224,-0.303083324693117,0.738537555391418
18,0.8,"Simultaneous entry, time-on-study order",631,630,TRUE,178,11.4328935691963,2.43649460142845,-0.20264894089407,0.816564853641206
18,0.8,"Staggered entry, time-on-study order",631,630,TRUE,178,11.4328935691963,2.43649460142845,-0.20264894089407,0.816564853641206
18,0.8,"Staggered entry, calendar-event order",631,630,TRUE,577,5.04910646756396,1.619211290516,-0.200391100995001,0.818410609274176
19,0.8,"Simultaneous entry, time-on-study order",631,628,FALSE,NA,1.15997781201771,0.148400877364402,-0.181613114033963,0.833923911470695
19,0.8,"Staggered entry, time-on-study order",631,628,FALSE,NA,1.15997781201771,0.148400877364402,-0.181613114033963,0.833923911470695
19,0.8,"Staggered entry, calendar-event order",631,630,FALSE,NA,4.58712508897975,1.52325348556798,-0.174526224748739,0.839854828958542
20,0.8,"Simultaneous entry, time-on-study order",631,630,TRUE,279,5.10378810339924,1.629983029389,-0.183918134233897,0.832003913676495
20,0.8,"Staggered entry, time-on-study order",631,630,TRUE,279,5.10378810339924,1.629983029389,-0.183918134233897,0.832003913676495
20,0.8,"Staggered entry, calendar-event order",631,629,TRUE,276,5.75169058433581,1.74949382626252,-0.188258412144088,0.828400610793313
21,0.8,"Simultaneous entry, time-on-study order",631,625,FALSE,NA,3.15263454586724,1.14823846704763,-0.208024705621104,0.812186970880502
21,0.8,"Staggered entry, time-on-study order",631,625,FALSE,NA,3.15263454586724,1.14823846704763,-0.208024705621104,0.812186970880502
21,0.8,"Staggered entry, calendar-event order",631,627,FALSE,NA,5.83472030095213,1.76382632987704,-0.205411433221429,0.814312212382887
22,0.8,"Simultaneous entry, time-on-study order",631,630,FALSE,NA,0.996430432628426,-0.00357595347880709,-0.181732423997693,0.833824421974227
22,0.8,"Staggered entry, time-on-study order",631,630,FALSE,NA,0.996430432628426,-0.00357595347880709,-0.181732423997693,0.833824421974227
22,0.8,"Staggered entry, calendar-event order",631,629,TRUE,262,0.874976482574018,-0.133558270043982,-0.169388088217479,0.844181223019631
23,0.8,"Simultaneous entry, time-on-study order",631,626,FALSE,NA,2.34471421508624,0.852163524572247,-0.155712503884858,0.855805195675614
23,0.8,"Staggered entry, time-on-study order",631,626,FALSE,NA,2.34471421508624,0.852163524572247,-0.155712503884858,0.855805195675614
23,0.8,"Staggered entry, calendar-event order",631,626,FALSE,NA,2.8417173896212,1.04440858406224,-0.156901219655399,0.854788490949196
24,0.8,"Simultaneous entry, time-on-study order",631,628,FALSE,NA,2.39991852948932,0.875434790731602,-0.159075727436234,0.852931766187504
24,0.8,"Staggered entry, time-on-study order",631,628,FALSE,NA,2.39991852948932,0.875434790731602,-0.159075727436234,0.852931766187504
24,0.8,"Staggered entry, calendar-event order",631,630,FALSE,NA,0.876916903601386,-0.131343041838672,-0.156374473974798,0.855238865700695
25,0.8,"Simultaneous entry, time-on-study order",631,629,TRUE,568,51.7644151545703,3.9467029470681,-0.233378868616571,0.79185350824205
25,0.8,"Staggered entry, time-on-study order",631,629,TRUE,568,51.7644151545703,3.9467029470681,-0.233378868616571,0.79185350824205
25,0.8,"Staggered entry, calendar-event order",631,628,TRUE,582,52.9606026698182,3.96954829128112,-0.236433318988592,0.789438521105977
26,0.8,"Simultaneous entry, time-on-study order",631,626,TRUE,221,156.772720130766,5.05479711402238,-0.2640668300966,0.767922217625812
26,0.8,"Staggered entry, time-on-study order",631,626,TRUE,221,156.772720130766,5.05479711402238,-0.2640668300966,0.767922217625812
26,0.8,"Staggered entry, calendar-event order",631,626,TRUE,183,140.637570438707,4.94618615875002,-0.260234318028458,0.770870935681758
27,0.8,"Simultaneous entry, time-on-study order",631,627,TRUE,439,290.147748829934,5.67039027196421,-0.283560601135052,0.753097482194937
27,0.8,"Staggered entry, time-on-study order",631,627,TRUE,439,290.147748829934,5.67039027196421,-0.283560601135052,0.753097482194937
27,0.8,"Staggered entry, calendar-event order",631,626,TRUE,459,300.27498065332,5.70469865701068,-0.285709423443345,0.751480946970373
28,0.8,"Simultaneous entry, time-on-study order",631,622,TRUE,163,7700.44456355695,8.94903334170202,-0.372252049251084,0.689180513198756
28,0.8,"Staggered entry, time-on-study order",631,622,TRUE,163,7700.44456355695,8.94903334170202,-0.372252049251084,0.689180513198756
28,0.8,"Staggered entry, calendar-event order",631,619,TRUE,294,2424.47293345087,7.79336943271773,-0.36644384593805,0.693195061108062
29,0.8,"Simultaneous entry, time-on-study order",631,629,TRUE,533,17.9171176304146,2.88575654809255,-0.206373220716104,0.813529393593262
29,0.8,"Staggered entry, time-on-study order",631,629,TRUE,533,17.9171176304146,2.88575654809255,-0.206373220716104,0.813529393593262
29,0.8,"Staggered entry, calendar-event order",631,629,TRUE,523,14.4160784652827,2.66834414378143,-0.205214601983182,0.814472510239265
30,0.8,"Simultaneous entry, time-on-study order",631,630,FALSE,NA,0.130576248319329,-2.03579794453446,-0.104602508990614,0.900682464624182
30,0.8,"Staggered entry, time-on-study order",631,630,FALSE,NA,0.130576248319329,-2.03579794453446,-0.104602508990614,0.900682464624182
30,0.8,"Staggered entry, calendar-event order",631,629,FALSE,NA,0.427289354217604,-0.850293850713186,-0.10578894654336,0.899614494790086
31,0.8,"Simultaneous entry, time-on-study order",631,630,TRUE,227,31.2918018680971,3.44335614209172,-0.261693788786222,0.769746692692562
31,0.8,"Staggered entry, time-on-study order",631,630,TRUE,227,31.2918018680971,3.44335614209172,-0.261693788786222,0.769746692692562
31,0.8,"Staggered entry, calendar-event order",631,630,TRUE,204,89.5346660451405,4.49462588040117,-0.258564753694719,0.772159029280246
32,0.8,"Simultaneous entry, time-on-study order",631,630,TRUE,246,9487.07332368629,9.15768544822211,-0.409420570771265,0.664034899916807
32,0.8,"Staggered entry, time-on-study order",631,630,TRUE,246,9487.07332368629,9.15768544822211,-0.409420570771265,0.664034899916807
32,0.8,"Staggered entry, calendar-event order",631,630,TRUE,167,16781.5196746849,9.728033540562,-0.406721438749576,0.665829638807694
33,0.8,"Simultaneous entry, time-on-study order",631,630,TRUE,465,23.8442871922712,3.1715446579199,-0.215769927331777,0.805920700871066
33,0.8,"Staggered entry, time-on-study order",631,630,TRUE,465,23.8442871922712,3.1715446579199,-0.215769927331777,0.805920700871066
33,0.8,"Staggered entry, calendar-event order",631,630,FALSE,NA,7.36062806674388,1.99614526425537,-0.222879655046829,0.800211144872851
34,0.8,"Simultaneous entry, time-on-study order",631,630,FALSE,NA,5.17119651643918,1.64310409625785,-0.172408365205444,0.841635408366039
34,0.8,"Staggered entry, time-on-study order",631,630,FALSE,NA,5.17119651643918,1.64310409625785,-0.172408365205444,0.841635408366039
34,0.8,"Staggered entry, calendar-event order",631,630,FALSE,NA,1.22518444448536,0.203091399589453,-0.169643604619066,0.84396554842661
35,0.8,"Simultaneous entry, time-on-study order",631,630,TRUE,331,12.8197758542086,2.55098896726859,-0.209462645559513,0.81101993406313
35,0.8,"Staggered entry, time-on-study order",631,630,TRUE,331,12.8197758542086,2.55098896726859,-0.209462645559513,0.81101993406313
35,0.8,"Staggered entry, calendar-event order",631,630,TRUE,349,9.963961105745,2.2989746939143,-0.213445572466284,0.80779612530494
36,0.8,"Simultaneous entry, time-on-study order",631,628,TRUE,112,1154.68503965191,7.05158289282635,-0.349742530777022,0.704869548572648
36,0.8,"Staggered entry, time-on-study order",631,628,TRUE,112,1154.68503965191,7.05158289282635,-0.349742530777022,0.704869548572648
36,0.8,"Staggered entry, calendar-event order",631,629,TRUE,224,1058.48085144355,6.96459000013594,-0.348266304895084,0.705910863662678
37,0.8,"Simultaneous entry, time-on-study order",631,626,TRUE,312,637.981272151344,6.45830892891919,-0.32392580488833,0.723303906003106
37,0.8,"Staggered entry, time-on-study order",631,626,TRUE,312,637.981272151344,6.45830892891919,-0.32392580488833,0.723303906003106
37,0.8,"Staggered entry, calendar-event order",631,627,TRUE,248,1831.65598848991,7.51297574839279,-0.327012888647829,0.72107444929208
38,0.8,"Simultaneous entry, time-on-study order",631,629,TRUE,522,12.2695922745167,2.50712402870997,-0.209464474859943,0.811018450465373
38,0.8,"Staggered entry, time-on-study order",631,629,TRUE,522,12.2695922745167,2.50712402870997,-0.209464474859943,0.811018450465373
38,0.8,"Staggered entry, calendar-event order",631,629,FALSE,NA,10.5894471542254,2.35985795373932,-0.201797287794066,0.817260579846802
39,0.8,"Simultaneous entry, time-on-study order",631,627,TRUE,321,84.3217918898527,4.43464033563287,-0.26686193926507,0.76577878814983
39,0.8,"Staggered entry, time-on-study order",631,627,TRUE,321,84.3217918898527,4.43464033563287,-0.26686193926507,0.76577878814983
39,0.8,"Staggered entry, calendar-event order",631,626,TRUE,327,160.808922223316,5.08021684166896,-0.273896454072452,0.760410808627049
40,0.8,"Simultaneous entry, time-on-study order",631,626,TRUE,365,12.1549067588399,2.4977329367259,-0.189073768397279,0.827725444463105
40,0.8,"Staggered entry, time-on-study order",631,626,TRUE,365,12.1549067588399,2.4977329367259,-0.189073768397279,0.827725444463105
40,0.8,"Staggered entry, calendar-event order",631,626,TRUE,343,3.81265567369306,1.33832597354399,-0.186315423465802,0.830011748505473
41,0.8,"Simultaneous entry, time-on-study order",631,621,TRUE,276,1596.9622289459,7.3758584966804,-0.333814487937008,0.716186631163722
41,0.8,"Staggered entry, time-on-study order",631,621,TRUE,276,1596.9622289459,7.3758584966804,-0.333814487937008,0.716186631163722
41,0.8,"Staggered entry, calendar-event order",631,622,TRUE,249,1666.84156047867,7.4186858335299,-0.330035727733445,0.718898048375248
42,0.8,"Simultaneous entry, time-on-study order",631,625,TRUE,196,455.934302707387,6.12234872612476,-0.336656278350021,0.714154268004166
42,0.8,"Staggered entry, time-on-study order",631,625,TRUE,196,455.934302707387,6.12234872612476,-0.336656278350021,0.714154268004166
42,0.8,"Staggered entry, calendar-event order",631,625,TRUE,249,572.831939310398,6.35059237406118,-0.33811566105047,0.713112803752287
43,0.8,"Simultaneous entry, time-on-study order",631,629,TRUE,418,268.542239606825,5.59300821854732,-0.281672541551365,0.754520718268107
43,0.8,"Staggered entry, time-on-study order",631,629,TRUE,418,268.542239606825,5.59300821854732,-0.281672541551365,0.754520718268107
43,0.8,"Staggered entry, calendar-event order",631,629,TRUE,408,181.442578176616,5.20093922996564,-0.283425381916713,0.753199322333028
44,0.8,"Simultaneous entry, time-on-study order",631,628,TRUE,461,113.470338032852,4.73154146384889,-0.283470369972707,0.753165438121939
44,0.8,"Staggered entry, time-on-study order",631,628,TRUE,461,113.470338032852,4.73154146384889,-0.283470369972707,0.753165438121939
44,0.8,"Staggered entry, calendar-event order",631,629,TRUE,455,88.1210977236136,4.47871197900151,-0.278781898696005,0.756704923549384
45,0.8,"Simultaneous entry, time-on-study order",631,630,FALSE,NA,2.98601281350948,1.0939389903032,-0.159017940806035,0.852981055664184
45,0.8,"Staggered entry, time-on-study order",631,630,FALSE,NA,2.98601281350948,1.0939389903032,-0.159017940806035,0.852981055664184
45,0.8,"Staggered entry, calendar-event order",631,630,FALSE,NA,0.770677574772767,-0.260485183841235,-0.148824396635414,0.861720422619041
46,0.8,"Simultaneous entry, time-on-study order",631,627,TRUE,358,11.3667422998095,2.43069174954141,-0.208839529904927,0.811525450761554
46,0.8,"Staggered entry, time-on-study order",631,627,TRUE,358,11.3667422998095,2.43069174954141,-0.208839529904927,0.811525450761554
46,0.8,"Staggered entry, calendar-event order",631,627,TRUE,280,13.6855057679666,2.61633729964432,-0.209567017387425,0.810935290847399
47,0.8,"Simultaneous entry, time-on-study order",631,629,FALSE,NA,11.7260496361221,2.46181283153,-0.214148485081737,0.807228514731437
47,0.8,"Staggered entry, time-on-study order",631,629,FALSE,NA,11.7260496361221,2.46181283153,-0.214148485081737,0.807228514731437
47,0.8,"Staggered entry, calendar-event order",631,629,FALSE,NA,7.68313053662289,2.03902708606043,-0.216333921543638,0.805466294413907
48,0.8,"Simultaneous entry, time-on-study order",631,628,TRUE,238,228.000858954328,5.42934939629089,-0.315337451191056,0.729542647691278
48,0.8,"Staggered entry, time-on-study order",631,628,TRUE,238,228.000858954328,5.42934939629089,-0.315337451191056,0.729542647691278
48,0.8,"Staggered entry, calendar-event order",631,628,TRUE,185,715.660786238407,6.573206292463,-0.309703529121115,0.733664434124356
49,0.8,"Simultaneous entry, time-on-study order",631,629,TRUE,123,1569.01960518225,7.35820624799101,-0.333638292411218,0.716312831161375
49,0.8,"Staggered entry, time-on-study order",631,629,TRUE,123,1569.01960518225,7.35820624799101,-0.333638292411218,0.716312831161375
49,0.8,"Staggered entry, calendar-event order",631,630,TRUE,179,475.129938503548,6.16358832136968,-0.334756728585332,0.715512128829714
50,0.8,"Simultaneous entry, time-on-study order",631,627,TRUE,340,284.229165671377,5.64978083415327,-0.309903779029415,0.733517532597699
50,0.8,"Staggered entry, time-on-study order",631,627,TRUE,340,284.229165671377,5.64978083415327,-0.309903779029415,0.733517532597699
50,0.8,"Staggered entry, calendar-event order",631,629,TRUE,346,155.032183098227,5.04363272825831,-0.303362385584723,0.73833148719685
51,0.8,"Simultaneous entry, time-on-study order",631,630,FALSE,NA,6.2911102793342,1.8391375701329,-0.175187365042084,0.839299750603109
51,0.8,"Staggered entry, time-on-study order",631,630,FALSE,NA,6.2911102793342,1.8391375701329,-0.175187365042084,0.839299750603109
51,0.8,"Staggered entry, calendar-event order",631,630,FALSE,NA,10.0261869348211,2.3052003636726,-0.18432428567196,0.831666062704455
52,0.8,"Simultaneous entry, time-on-study order",631,628,FALSE,NA,0.0091843653286731,-4.69025266137715,-0.0514254413324872,0.949874468696782
52,0.8,"Staggered entry, time-on-study order",631,628,FALSE,NA,0.0091843653286731,-4.69025266137715,-0.0514254413324872,0.949874468696782
52,0.8,"Staggered entry, calendar-event order",631,628,FALSE,NA,0.0112693339593058,-4.48567005123001,-0.0433346740937056,0.957590855580996
53,0.8,"Simultaneous entry, time-on-study order",631,630,TRUE,217,182.395946595689,5.20617985478195,-0.267446885084064,0.765330980033939
53,0.8,"Staggered entry, time-on-study order",631,630,TRUE,217,182.395946595689,5.20617985478195,-0.267446885084064,0.765330980033939
53,0.8,"Staggered entry, calendar-event order",631,630,TRUE,166,166.178674456934,5.1130635616551,-0.266062227847535,0.76639143512776
54,0.8,"Simultaneous entry, time-on-study order",631,630,FALSE,NA,1.70935627560757,0.536116852627489,-0.170182987199674,0.843510450858039
54,0.8,"Staggered entry, time-on-study order",631,630,FALSE,NA,1.70935627560757,0.536116852627489,-0.170182987199674,0.843510450858039
54,0.8,"Staggered entry, calendar-event order",631,630,FALSE,NA,1.70739656136528,0.534969731632382,-0.1679807853186,0.845370078045318
55,0.8,"Simultaneous entry, time-on-study order",631,630,TRUE,287,5.12229233324558,1.63360206019115,-0.170096349298329,0.843583533999103
55,0.8,"Staggered entry, time-on-study order",631,630,TRUE,287,5.12229233324558,1.63360206019115,-0.170096349298329,0.843583533999103
55,0.8,"Staggered entry, calendar-event order",631,630,FALSE,NA,0.666253677745104,-0.40608478344962,-0.174628068162112,0.839769299631396
56,0.8,"Simultaneous entry, time-on-study order",631,626,TRUE,363,1042.28065224771,6.94916652601682,-0.347795610856633,0.706243209908443
56,0.8,"Staggered entry, time-on-study order",631,626,TRUE,363,1042.28065224771,6.94916652601682,-0.347795610856633,0.706243209908443
56,0.8,"Staggered entry, calendar-event order",631,621,TRUE,354,1586.43973613517,7.36924762488431,-0.347243104276915,0.706633521743799
57,0.8,"Simultaneous entry, time-on-study order",631,629,FALSE,NA,0.552390647508778,-0.593499788240619,-0.132936485254687,0.875520698817031
57,0.8,"Staggered entry, time-on-study order",631,629,FALSE,NA,0.552390647508778,-0.593499788240619,-0.132936485254687,0.875520698817031
57,0.8,"Staggered entry, calendar-event order",631,629,FALSE,NA,0.282369938859389,-1.26453722782732,-0.135257666000223,0.87349081380502
58,0.8,"Simultaneous entry, time-on-study order",631,629,FALSE,NA,0.136031598699395,-1.99486807685572,-0.106219638081289,0.899227121864889
58,0.8,"Staggered entry, time-on-study order",631,629,FALSE,NA,0.136031598699395,-1.99486807685572,-0.106219638081289,0.899227121864889
58,0.8,"Staggered entry, calendar-event order",631,629,FALSE,NA,0.0098214660982794,-4.62318487058235,-0.105679136898585,0.899713286562238
59,0.8,"Simultaneous entry, time-on-study order",631,629,TRUE,320,223.853000544712,5.4109895888621,-0.303383028784641,0.73831624582967
59,0.8,"Staggered entry, time-on-study order",631,629,TRUE,320,223.853000544712,5.4109895888621,-0.303383028784641,0.73831624582967
59,0.8,"Staggered entry, calendar-event order",631,630,TRUE,301,255.223729531226,5.54214053120442,-0.289508626983908,0.748631334452557
60,0.8,"Simultaneous entry, time-on-study order",631,627,FALSE,NA,9.12096595382753,2.2105757144674,-0.195017261049243,0.822820455189046
60,0.8,"Staggered entry, time-on-study order",631,627,FALSE,NA,9.12096595382753,2.2105757144674,-0.195017261049243,0.822820455189046
60,0.8,"Staggered entry, calendar-event order",631,627,TRUE,409,10.2862851209981,2.33081146629561,-0.197157006984943,0.821061710768393
61,0.8,"Simultaneous entry, time-on-study order",631,630,FALSE,NA,4.85332966957109,1.57966499920408,-0.190912382559023,0.826204974945602
61,0.8,"Staggered entry, time-on-study order",631,630,FALSE,NA,4.85332966957109,1.57966499920408,-0.190912382559023,0.826204974945602
61,0.8,"Staggered entry, calendar-event order",631,630,FALSE,NA,5.40640633481329,1.68758460870206,-0.18793050687272,0.828672292260855
62,0.8,"Simultaneous entry, time-on-study order",631,630,FALSE,NA,1.27919524269448,0.246231163561396,-0.171456706519574,0.842436739249016
62,0.8,"Staggered entry, time-on-study order",631,630,FALSE,NA,1.27919524269448,0.246231163561396,-0.171456706519574,0.842436739249016
62,0.8,"Staggered entry, calendar-event order",631,630,TRUE,377,5.43476092480197,1.69281553152875,-0.175313188247842,0.839194153861296
63,0.8,"Simultaneous entry, time-on-study order",631,630,TRUE,199,50.9614763328055,3.93106998126824,-0.252491341051639,0.776862939626268
63,0.8,"Staggered entry, time-on-study order",631,630,TRUE,199,50.9614763328055,3.93106998126824,-0.252491341051639,0.776862939626268
63,0.8,"Staggered entry, calendar-event order",631,630,TRUE,198,74.3728684612613,4.30909120411072,-0.254722784325011,0.775131346739472
64,0.8,"Simultaneous entry, time-on-study order",631,629,TRUE,372,213.763435205473,5.36486996060404,-0.289897603574204,0.748340191016355
64,0.8,"Staggered entry, time-on-study order",631,629,TRUE,372,213.763435205473,5.36486996060404,-0.289897603574204,0.748340191016355
64,0.8,"Staggered entry, calendar-event order",631,629,TRUE,325,242.033631968208,5.48907669157579,-0.284092243605612,0.752697209999207
65,0.8,"Simultaneous entry, time-on-study order",631,612,TRUE,321,7777.6047703066,8.95900369963016,-0.427020173690461,0.652450389762929
65,0.8,"Staggered entry, time-on-study order",631,612,TRUE,321,7777.6047703066,8.95900369963016,-0.427020173690461,0.652450389762929
65,0.8,"Staggered entry, calendar-event order",631,614,TRUE,280,16218.5383554784,9.69391020988995,-0.421134913990817,0.656301551174524
66,0.8,"Simultaneous entry, time-on-study order",631,630,TRUE,301,47.3389257876314,3.85733291239685,-0.261028002405016,0.770259350198791
66,0.8,"Staggered entry, time-on-study order",631,630,TRUE,301,47.3389257876314,3.85733291239685,-0.261028002405016,0.770259350198791
66,0.8,"Staggered entry, calendar-event order",631,630,TRUE,400,58.7676249080913,4.07359110646933,-0.263244442298709,0.768554007239744
67,0.8,"Simultaneous entry, time-on-study order",631,629,FALSE,NA,1.81988192552619,0.598771622899646,-0.140107506410168,0.869264778839448
67,0.8,"Staggered entry, time-on-study order",631,629,FALSE,NA,1.81988192552619,0.598771622899646,-0.140107506410168,0.869264778839448
67,0.8,"Staggered entry, calendar-event order",631,629,FALSE,NA,0.446001151884763,-0.807433744264147,-0.132736910907506,0.87569544772606
68,0.8,"Simultaneous entry, time-on-study order",631,630,FALSE,NA,1.21671631975264,0.196155688849151,-0.149134811563071,0.861452973248679
68,0.8,"Staggered entry, time-on-study order",631,630,FALSE,NA,1.21671631975264,0.196155688849151,-0.149134811563071,0.861452973248679
68,0.8,"Staggered entry, calendar-event order",631,630,FALSE,NA,0.986294557741094,-0.0138002288909115,-0.154676558955335,0.856692222104671
69,0.8,"Simultaneous entry, time-on-study order",631,630,FALSE,NA,7.56158449487608,2.0230807575,-0.185497657889179,0.830690781148512
69,0.8,"Staggered entry, time-on-study order",631,630,FALSE,NA,7.56158449487608,2.0230807575,-0.185497657889179,0.830690781148512
69,0.8,"Staggered entry, calendar-event order",631,630,FALSE,NA,6.78266123659836,1.91436953771194,-0.184866815694256,0.831214981270587
70,0.8,"Simultaneous entry, time-on-study order",631,629,TRUE,563,18.9793505170419,2.94335157326235,-0.243495771558705,0.783882790627627
70,0.8,"Staggered entry, time-on-study order",631,629,TRUE,563,18.9793505170419,2.94335157326235,-0.243495771558705,0.783882790627627
70,0.8,"Staggered entry, calendar-event order",631,629,TRUE,442,67.5637395236978,4.21307144155784,-0.242581357837269,0.784599911630049
71,0.8,"Simultaneous entry, time-on-study order",631,630,TRUE,385,6.99269189928303,1.94486558930454,-0.182474509747427,0.833205882286028
71,0.8,"Staggered entry, time-on-study order",631,630,TRUE,385,6.99269189928303,1.94486558930454,-0.182474509747427,0.833205882286028
71,0.8,"Staggered entry, calendar-event order",631,630,FALSE,NA,2.9089946628786,1.06780754481857,-0.188005275262619,0.828610336084019
72,0.8,"Simultaneous entry, time-on-study order",631,626,TRUE,550,28.8813198545947,3.36319501431673,-0.229274681454823,0.795110101507431
72,0.8,"Staggered entry, time-on-study order",631,626,TRUE,550,28.8813198545947,3.36319501431673,-0.229274681454823,0.795110101507431
72,0.8,"Staggered entry, calendar-event order",631,627,FALSE,NA,15.6979262033528,2.75352861467132,-0.226222624352826,0.79754052995618
73,0.8,"Simultaneous entry, time-on-study order",631,629,TRUE,512,72.7100407849271,4.28647948758778,-0.254339842822586,0.77542823354348
73,0.8,"Staggered entry, time-on-study order",631,629,TRUE,512,72.7100407849271,4.28647948758778,-0.254339842822586,0.77542823354348
73,0.8,"Staggered entry, calendar-event order",631,630,TRUE,197,115.830276303917,4.75212598436761,-0.252054263760922,0.777202562990601
74,0.8,"Simultaneous entry, time-on-study order",631,627,FALSE,NA,10.9971978298506,2.39764049760507,-0.202678790762754,0.816540479651334
74,0.8,"Staggered entry, time-on-study order",631,627,FALSE,NA,10.9971978298506,2.39764049760507,-0.202678790762754,0.816540479651334
74,0.8,"Staggered entry, calendar-event order",631,629,FALSE,NA,14.9419997816716,2.70417602494189,-0.199447710219158,0.819183054595424
75,0.8,"Simultaneous entry, time-on-study order",631,626,FALSE,NA,10.0562217229146,2.30819151986295,-0.188265482301786,0.828394753891062
75,0.8,"Staggered entry, time-on-study order",631,626,FALSE,NA,10.0562217229146,2.30819151986295,-0.188265482301786,0.828394753891062
75,0.8,"Staggered entry, calendar-event order",631,627,FALSE,NA,11.9762745159074,2.48292756902458,-0.188333441868604,0.828338458455362
76,0.8,"Simultaneous entry, time-on-study order",631,627,FALSE,NA,0.191941027146639,-1.65056710441258,-0.0893290951530013,0.914544551865553
76,0.8,"Staggered entry, time-on-study order",631,627,FALSE,NA,0.191941027146639,-1.65056710441258,-0.0893290951530013,0.914544551865553
76,0.8,"Staggered entry, calendar-event order",631,627,FALSE,NA,0.256993517925038,-1.35870441648656,-0.0958011788555543,0.908644655880981
77,0.8,"Simultaneous entry, time-on-study order",631,630,TRUE,417,452.996178636293,6.11588368976598,-0.344175104464817,0.708804802296775
77,0.8,"Staggered entry, time-on-study order",631,630,TRUE,417,452.996178636293,6.11588368976598,-0.344175104464817,0.708804802296775
77,0.8,"Staggered entry, calendar-event order",631,630,TRUE,444,492.615559753739,6.19972907218258,-0.33605343209532,0.714584923026252
78,0.8,"Simultaneous entry, time-on-study order",631,628,TRUE,279,18.2230856038829,2.90268923006644,-0.230751625280227,0.793936635337614
78,0.8,"Staggered entry, time-on-study order",631,628,TRUE,279,18.2230856038829,2.90268923006644,-0.230751625280227,0.793936635337614
78,0.8,"Staggered entry, calendar-event order",631,628,TRUE,173,15.5230151400753,2.74232377037562,-0.231999539834694,0.792946488193063
79,0.8,"Simultaneous entry, time-on-study order",631,628,TRUE,340,4.53075356507994,1.5108882755676,-0.16348740700094,0.84917719262184
79,0.8,"Staggered entry, time-on-study order",631,628,TRUE,340,4.53075356507994,1.5108882755676,-0.16348740700094,0.84917719262184
79,0.8,"Staggered entry, calendar-event order",631,628,TRUE,371,2.85664245357221,1.04964696790993,-0.159780817794002,0.852330584192052
80,0.8,"Simultaneous entry, time-on-study order",631,630,TRUE,293,195.074768811426,5.27338291487551,-0.274510597522278,0.759943950683301
80,0.8,"Staggered entry, time-on-study order",631,630,TRUE,293,195.074768811426,5.27338291487551,-0.274510597522278,0.759943950683301
80,0.8,"Staggered entry, calendar-event order",631,630,TRUE,303,163.661733857804,5.09780169931052,-0.273168199583295,0.760964782904679
81,0.8,"Simultaneous entry, time-on-study order",631,630,FALSE,NA,0.00843986759442461,-4.77478865836171,-0.0656479708063991,0.936460467696487
81,0.8,"Staggered entry, time-on-study order",631,630,FALSE,NA,0.00843986759442461,-4.77478865836171,-0.0656479708063991,0.936460467696487
81,0.8,"Staggered entry, calendar-event order",631,630,FALSE,NA,0.000232515220751379,-8.36655486948231,-0.074103682577876,0.928575411757543
82,0.8,"Simultaneous entry, time-on-study order",631,613,TRUE,309,2158.65614972856,7.67724115415734,-0.387988160754158,0.678420375202164
82,0.8,"Staggered entry, time-on-study order",631,613,TRUE,309,2158.65614972856,7.67724115415734,-0.387988160754158,0.678420375202164
82,0.8,"Staggered entry, calendar-event order",631,609,TRUE,332,2665.64814107099,7.88820251193511,-0.384897539693945,0.680520358956875
83,0.8,"Simultaneous entry, time-on-study order",631,629,TRUE,560,18.6667811268905,2.92674553384594,-0.202172257594698,0.816954189257311
83,0.8,"Staggered entry, time-on-study order",631,629,TRUE,560,18.6667811268905,2.92674553384594,-0.202172257594698,0.816954189257311
83,0.8,"Staggered entry, calendar-event order",631,629,FALSE,NA,4.7581191733724,1.5598524585138,-0.207590031607948,0.812540084189598
84,0.8,"Simultaneous entry, time-on-study order",631,629,FALSE,NA,4.45620109201987,1.49429662997744,-0.18937516840228,0.827476005602329
84,0.8,"Staggered entry, time-on-study order",631,629,FALSE,NA,4.45620109201987,1.49429662997744,-0.18937516840228,0.827476005602329
84,0.8,"Staggered entry, calendar-event order",631,629,FALSE,NA,8.4042671477086,2.12873957063894,-0.189577775351535,0.827308370195875
85,0.8,"Simultaneous entry, time-on-study order",631,626,TRUE,242,2941.8239803458,7.98678506944145,-0.36165208664176,0.696524655923836
85,0.8,"Staggered entry, time-on-study order",631,626,TRUE,242,2941.8239803458,7.98678506944145,-0.36165208664176,0.696524655923836
85,0.8,"Staggered entry, calendar-event order",631,626,TRUE,453,1395.48564667681,7.24099776748945,-0.35892012997373,0.698430132756964
86,0.8,"Simultaneous entry, time-on-study order",631,625,TRUE,412,112.131794050099,4.71967491207813,-0.298392109197895,0.742010333621667
86,0.8,"Staggered entry, time-on-study order",631,625,TRUE,412,112.131794050099,4.71967491207813,-0.298392109197895,0.742010333621667
86,0.8,"Staggered entry, calendar-event order",631,623,TRUE,178,554.039902120972,6.31723670964269,-0.299620329011629,0.741099541269021
87,0.8,"Simultaneous entry, time-on-study order",631,629,TRUE,528,11.7651876379339,2.46514497087781,-0.202842628133286,0.816406710764686
87,0.8,"Staggered entry, time-on-study order",631,629,TRUE,528,11.7651876379339,2.46514497087781,-0.202842628133286,0.816406710764686
87,0.8,"Staggered entry, calendar-event order",631,629,TRUE,158,17.9072317940528,2.88520464209724,-0.204394248181377,0.815140939996465
88,0.8,"Simultaneous entry, time-on-study order",631,630,FALSE,NA,0.523416716929288,-0.647377350287827,-0.135464320253393,0.873310321863598
88,0.8,"Staggered entry, time-on-study order",631,630,FALSE,NA,0.523416716929288,-0.647377350287827,-0.135464320253393,0.873310321863598
88,0.8,"Staggered entry, calendar-event order",631,630,FALSE,NA,0.756603510501209,-0.278915926956265,-0.132914448090747,0.875539993022798
89,0.8,"Simultaneous entry, time-on-study order",631,629,FALSE,NA,3.34623362216144,1.20783542145463,-0.155253950567426,0.856197717976491
89,0.8,"Staggered entry, time-on-study order",631,629,FALSE,NA,3.34623362216144,1.20783542145463,-0.155253950567426,0.856197717976491
89,0.8,"Staggered entry, calendar-event order",631,629,FALSE,NA,2.16692937047023,0.773311128792883,-0.160976305882686,0.851312241960317
90,0.8,"Simultaneous entry, time-on-study order",631,628,FALSE,NA,10.551048464403,2.35622523549629,-0.209310118470042,0.811143646007647
90,0.8,"Staggered entry, time-on-study order",631,628,FALSE,NA,10.551048464403,2.35622523549629,-0.209310118470042,0.811143646007647
90,0.8,"Staggered entry, calendar-event order",631,628,FALSE,NA,2.88166152751952,1.05836704707152,-0.201893773289323,0.817181729859002
91,0.8,"Simultaneous entry, time-on-study order",631,629,TRUE,423,43.0295597559135,3.76188731570157,-0.248015969066688,0.780347481757559
91,0.8,"Staggered entry, time-on-study order",631,629,TRUE,423,43.0295597559135,3.76188731570157,-0.248015969066688,0.780347481757559
91,0.8,"Staggered entry, calendar-event order",631,629,TRUE,375,45.0355945935596,3.80745316806982,-0.259025340375044,0.771803465006637
92,0.8,"Simultaneous entry, time-on-study order",631,629,TRUE,540,22.977824378262,3.13452959336349,-0.256717203242664,0.773586950716121
92,0.8,"Staggered entry, time-on-study order",631,629,TRUE,540,22.977824378262,3.13452959336349,-0.256717203242664,0.773586950716121
92,0.8,"Staggered entry, calendar-event order",631,629,TRUE,472,139.892518905882,4.94087440565893,-0.263397873981549,0.76843609575097
93,0.8,"Simultaneous entry, time-on-study order",631,630,FALSE,NA,0.221338612993492,-1.50806156457205,-0.0952212953214782,0.909171716757445
93,0.8,"Staggered entry, time-on-study order",631,630,FALSE,NA,0.221338612993492,-1.50806156457205,-0.0952212953214782,0.909171716757445
93,0.8,"Staggered entry, calendar-event order",631,630,FALSE,NA,0.188713773114425,-1.66752383979363,-0.0964623261092661,0.908044106509805
94,0.8,"Simultaneous entry, time-on-study order",631,630,TRUE,260,8823.29240842617,9.08515036828306,-0.420663988385221,0.656610693165692
94,0.8,"Staggered entry, time-on-study order",631,630,TRUE,260,8823.29240842617,9.08515036828306,-0.420663988385221,0.656610693165692
94,0.8,"Staggered entry, calendar-event order",631,630,TRUE,204,18875.9685750879,9.84564488803709,-0.4212763116065,0.656208758260522
95,0.8,"Simultaneous entry, time-on-study order",631,626,TRUE,467,140.92911370068,4.9482570242507,-0.266520032229889,0.766040658069924
95,0.8,"Staggered entry, time-on-study order",631,626,TRUE,467,140.92911370068,4.9482570242507,-0.266520032229889,0.766040658069924
95,0.8,"Staggered entry, calendar-event order",631,627,TRUE,514,51.3009272743559,3.93770882753687,-0.265068253592992,0.7671535872002
96,0.8,"Simultaneous entry, time-on-study order",631,630,FALSE,NA,0.026326967301651,-3.63716149244756,-0.116541350477262,0.889993294568294
96,0.8,"Staggered entry, time-on-study order",631,630,FALSE,NA,0.026326967301651,-3.63716149244756,-0.116541350477262,0.889993294568294
96,0.8,"Staggered entry, calendar-event order",631,630,FALSE,NA,0.0273285873249517,-3.59982196991519,-0.118868839333345,0.887924253861825
97,0.8,"Simultaneous entry, time-on-study order",631,630,TRUE,499,145.428767605382,4.9796863970107,-0.288337706054263,0.749508435958698
97,0.8,"Staggered entry, time-on-study order",631,630,TRUE,499,145.428767605382,4.9796863970107,-0.288337706054263,0.749508435958698
97,0.8,"Staggered entry, calendar-event order",631,630,TRUE,439,258.939091964171,5.55659286788214,-0.289760565487751,0.748442749151172
98,0.8,"Simultaneous entry, time-on-study order",631,629,TRUE,298,292.394867273041,5.67810517393579,-0.297195743043494,0.742898580899573
98,0.8,"Staggered entry, time-on-study order",631,629,TRUE,298,292.394867273041,5.67810517393579,-0.297195743043494,0.742898580899573
98,0.8,"Staggered entry, calendar-event order",631,630,TRUE,201,399.42374259494,5.99002286487073,-0.291887053434568,0.746852885678083
99,0.8,"Simultaneous entry, time-on-study order",631,628,TRUE,468,45.409311743893,3.81571718850729,-0.25704469182047,0.773333651304418
99,0.8,"Staggered entry, time-on-study order",631,628,TRUE,468,45.409311743893,3.81571718850729,-0.25704469182047,0.773333651304418
99,0.8,"Staggered entry, calendar-event order",631,628,TRUE,397,71.7939880414324,4.27380074053498,-0.256206796062716,0.773981895832918
100,0.8,"Simultaneous entry, time-on-study order",631,630,TRUE,610,21.7330965408896,3.0788362848473,-0.21351767029091,0.807737887061015
100,0.8,"Staggered entry, time-on-study order",631,630,TRUE,610,21.7330965408896,3.0788362848473,-0.21351767029091,0.807737887061015
100,0.8,"Staggered entry, calendar-event order",631,630,TRUE,323,19.3395481227744,2.9621521248491,-0.204882211943859,0.814743277786696
101,0.8,"Simultaneous entry, time-on-study order",631,630,TRUE,438,38.8633537108297,3.66005174261428,-0.22981708166484,0.79467895056014
101,0.8,"Staggered entry, time-on-study order",631,630,TRUE,438,38.8633537108297,3.66005174261428,-0.22981708166484,0.79467895056014
101,0.8,"Staggered entry, calendar-event order",631,630,TRUE,314,66.1346899114437,4.19169341874612,-0.235023581690152,0.790552206851732
102,0.8,"Simultaneous entry, time-on-study order",631,629,TRUE,584,14.8401481700809,2.69733622219619,-0.211508736170909,0.809362210295243
102,0.8,"Staggered entry, time-on-study order",631,629,TRUE,584,14.8401481700809,2.69733622219619,-0.211508736170909,0.809362210295243
102,0.8,"Staggered entry, calendar-event order",631,629,FALSE,NA,12.2540206675275,2.50585410089642,-0.207419331706058,0.812678796541007
103,0.8,"Simultaneous entry, time-on-study order",631,629,TRUE,352,156.156491949785,5.05085865795155,-0.310149656702491,0.733337199184512
103,0.8,"Staggered entry, time-on-study order",631,629,TRUE,352,156.156491949785,5.05085865795155,-0.310149656702491,0.733337199184512
103,0.8,"Staggered entry, calendar-event order",631,630,TRUE,149,493.034860389181,6.20057988227137,-0.317689243140336,0.727828931108082
104,0.8,"Simultaneous entry, time-on-study order",631,628,TRUE,367,153.14471511412,5.03138332477688,-0.282688471513238,0.753754567307319
104,0.8,"Staggered entry, time-on-study order",631,628,TRUE,367,153.14471511412,5.03138332477688,-0.282688471513238,0.753754567307319
104,0.8,"Staggered entry, calendar-event order",631,628,TRUE,371,91.5500110030023,4.51688539130623,-0.282039313461385,0.754244032006594
105,0.8,"Simultaneous entry, time-on-study order",631,628,TRUE,230,7.16010555437815,1.96852472309547,-0.231283798230489,0.793514236140747
105,0.8,"Staggered entry, time-on-study order",631,628,TRUE,230,7.16010555437815,1.96852472309547,-0.231283798230489,0.793514236140747
105,0.8,"Staggered entry, calendar-event order",631,628,TRUE,239,12.1586456383364,2.4980404919087,-0.229693891538559,0.794776853190607
106,0.8,"Simultaneous entry, time-on-study order",631,628,TRUE,272,386.826516410263,5.9579763145135,-0.285233130396265,0.751838957372594
106,0.8,"Staggered entry, time-on-study order",631,628,TRUE,272,386.826516410263,5.9579763145135,-0.285233130396265,0.751838957372594
106,0.8,"Staggered entry, calendar-event order",631,629,TRUE,315,206.371107973578,5.32967604306102,-0.281563044593433,0.754603340514814
107,0.8,"Simultaneous entry, time-on-study order",631,629,TRUE,356,14.398718222072,2.66713919026401,-0.233152099182872,0.792033096775511
107,0.8,"Staggered entry, time-on-study order",631,629,TRUE,356,14.398718222072,2.66713919026401,-0.233152099182872,0.792033096775511
107,0.8,"Staggered entry, calendar-event order",631,629,TRUE,309,16.3853264405842,2.79638620508837,-0.236240357713912,0.789590866867234
108,0.8,"Simultaneous entry, time-on-study order",631,624,TRUE,566,102.370363766783,4.6285972543764,-0.259077649363647,0.77176309380388
108,0.8,"Staggered entry, time-on-study order",631,624,TRUE,566,102.370363766783,4.6285972543764,-0.259077649363647,0.77176309380388
108,0.8,"Staggered entry, calendar-event order",631,618,TRUE,571,97.615594973871,4.5810372652232,-0.263118900531465,0.768650498924776
109,0.8,"Simultaneous entry, time-on-study order",631,628,FALSE,NA,0.0149261518476616,-4.20464044695864,-0.0882992541984056,0.915486872436742
109,0.8,"Staggered entry, time-on-study order",631,628,FALSE,NA,0.0149261518476616,-4.20464044695864,-0.0882992541984056,0.915486872436742
109,0.8,"Staggered entry, calendar-event order",631,628,FALSE,NA,0.0220490645741939,-3.81448510092821,-0.086423215201404,0.917205973556846
110,0.8,"Simultaneous entry, time-on-study order",631,630,TRUE,252,365.751894105723,5.90195521857643,-0.361448414692562,0.696666532905863
110,0.8,"Staggered entry, time-on-study order",631,630,TRUE,252,365.751894105723,5.90195521857643,-0.361448414692562,0.696666532905863
110,0.8,"Staggered entry, calendar-event order",631,630,TRUE,155,1598.5768687175,7.37686905537467,-0.362626386768621,0.695846362347623
111,0.8,"Simultaneous entry, time-on-study order",631,622,TRUE,277,737.076884811031,6.60269220806579,-0.325854494727513,0.721910221533518
111,0.8,"Staggered entry, time-on-study order",631,622,TRUE,277,737.076884811031,6.60269220806579,-0.325854494727513,0.721910221533518
111,0.8,"Staggered entry, calendar-event order",631,624,TRUE,226,1005.411900843,6.91315258811204,-0.329147581152747,0.719536818837695
112,0.8,"Simultaneous entry, time-on-study order",631,627,TRUE,281,124.090056187674,4.82100756158419,-0.274289359208173,0.760112098001393
112,0.8,"Staggered entry, time-on-study order",631,627,TRUE,281,124.090056187674,4.82100756158419,-0.274289359208173,0.760112098001393
112,0.8,"Staggered entry, calendar-event order",631,627,TRUE,245,170.122114071206,5.13651649724924,-0.278170525513036,0.757167694095399
113,0.8,"Simultaneous entry, time-on-study order",631,630,TRUE,459,18.605588879493,2.92346201297696,-0.213707723388039,0.807584388560806
113,0.8,"Staggered entry, time-on-study order",631,630,TRUE,459,18.605588879493,2.92346201297696,-0.213707723388039,0.807584388560806
113,0.8,"Staggered entry, calendar-event order",631,630,TRUE,475,18.8975746215519,2.93903358692898,-0.212440670943144,0.8086082888655
114,0.8,"Simultaneous entry, time-on-study order",631,630,TRUE,141,183.426176854657,5.2118122805787,-0.27530622784684,0.759339556700144
114,0.8,"Staggered entry, time-on-study order",631,630,TRUE,141,183.426176854657,5.2118122805787,-0.27530622784684,0.759339556700144
114,0.8,"Staggered entry, calendar-event order",631,630,TRUE,263,256.965974044379,5.54894367941552,-0.279021161292077,0.756523894022576
115,0.8,"Simultaneous entry, time-on-study order",631,630,FALSE,NA,11.9930869777473,2.48433039859944,-0.201051391228983,0.81787039910886
115,0.8,"Staggered entry, time-on-study order",631,630,FALSE,NA,11.9930869777473,2.48433039859944,-0.201051391228983,0.81787039910886
115,0.8,"Staggered entry, calendar-event order",631,630,FALSE,NA,8.65526750439857,2.15816809564894,-0.197664872620109,0.820644827610418
116,0.8,"Simultaneous entry, time-on-study order",631,628,TRUE,162,265.84865029314,5.58292716298858,-0.297511274761177,0.742664209811978
116,0.8,"Staggered entry, time-on-study order",631,628,TRUE,162,265.84865029314,5.58292716298858,-0.297511274761177,0.742664209811978
116,0.8,"Staggered entry, calendar-event order",631,628,TRUE,212,227.584563948645,5.42752187898846,-0.298995084306012,0.741563054723101
117,0.8,"Simultaneous entry, time-on-study order",631,627,TRUE,437,29.1543128419549,3.37260285526431,-0.230779922960518,0.793914169090408
117,0.8,"Staggered entry, time-on-study order",631,627,TRUE,437,29.1543128419549,3.37260285526431,-0.230779922960518,0.793914169090408
117,0.8,"Staggered entry, calendar-event order",631,627,FALSE,NA,6.24778274663694,1.83222664026781,-0.23742111211782,0.788659104173601
118,0.8,"Simultaneous entry, time-on-study order",631,630,TRUE,328,35.6647772206266,3.57416356926795,-0.24585394258192,0.782036438807479
118,0.8,"Staggered entry, time-on-study order",631,630,TRUE,328,35.6647772206266,3.57416356926795,-0.24585394258192,0.782036438807479
118,0.8,"Staggered entry, calendar-event order",631,630,TRUE,246,67.5167061297496,4.21237506547436,-0.240484151108827,0.786247106494195
119,0.8,"Simultaneous entry, time-on-study order",631,630,FALSE,NA,0.327048867717008,-1.11764567669065,-0.118051113418068,0.88865062948262
119,0.8,"Staggered entry, time-on-study order",631,630,FALSE,NA,0.327048867717008,-1.11764567669065,-0.118051113418068,0.88865062948262
119,0.8,"Staggered entry, calendar-event order",631,630,FALSE,NA,0.827047410019043,-0.189893257888142,-0.116868204409802,0.889702444295397
120,0.8,"Simultaneous entry, time-on-study order",631,629,TRUE,195,2483.04067952474,7.81723916858973,-0.354234988267048,0.701710054350201
120,0.8,"Staggered entry, time-on-study order",631,629,TRUE,195,2483.04067952474,7.81723916858973,-0.354234988267048,0.701710054350201
120,0.8,"Staggered entry, calendar-event order",631,629,TRUE,117,900.277595822988,6.80270315556985,-0.351373065208386,0.703721170993099
121,0.8,"Simultaneous entry, time-on-study order",631,627,FALSE,NA,0.249118183392938,-1.38982786301946,-0.109021630646189,0.896711020849629
121,0.8,"Staggered entry, time-on-study order",631,627,FALSE,NA,0.249118183392938,-1.38982786301946,-0.109021630646189,0.896711020849629
121,0.8,"Staggered entry, calendar-event order",631,627,FALSE,NA,0.343049264309031,-1.06988121440655,-0.113044041820452,0.893111325001207
122,0.8,"Simultaneous entry, time-on-study order",631,630,TRUE,226,120.146197520328,4.78870931391079,-0.244264310684281,0.78328057747499
122,0.8,"Staggered entry, time-on-study order",631,630,TRUE,226,120.146197520328,4.78870931391079,-0.244264310684281,0.78328057747499
122,0.8,"Staggered entry, calendar-event order",631,630,TRUE,264,54.2028904042275,3.99273423551497,-0.247523416801294,0.780731938352204
123,0.8,"Simultaneous entry, time-on-study order",631,630,TRUE,341,27.515166211123,3.31473735123936,-0.215051406400813,0.806499979850453
123,0.8,"Staggered entry, time-on-study order",631,630,TRUE,341,27.515166211123,3.31473735123936,-0.215051406400813,0.806499979850453
123,0.8,"Staggered entry, calendar-event order",631,629,TRUE,334,25.358435408649,3.23311143242325,-0.217254498447863,0.804725141942403
124,0.8,"Simultaneous entry, time-on-study order",631,629,TRUE,252,6.69765662903879,1.90175770835784,-0.186651405973925,0.829732925918817
124,0.8,"Staggered entry, time-on-study order",631,629,TRUE,252,6.69765662903879,1.90175770835784,-0.186651405973925,0.829732925918817
124,0.8,"Staggered entry, calendar-event order",631,628,TRUE,339,5.73329367734805,1.74629017838576,-0.189127638180921,0.827680856273486
125,0.8,"Simultaneous entry, time-on-study order",631,627,TRUE,340,113.61430405115,4.73280941430353,-0.266630662471899,0.765955915494165
125,0.8,"Staggered entry, time-on-study order",631,627,TRUE,340,113.61430405115,4.73280941430353,-0.266630662471899,0.765955915494165
125,0.8,"Staggered entry, calendar-event order",631,627,TRUE,352,104.12773819104,4.64561839729409,-0.263207109894401,0.768582699744251
126,0.8,"Simultaneous entry, time-on-study order",631,630,TRUE,516,21.5879813357451,3.07213674018983,-0.244228471813315,0.783308649869575
126,0.8,"Staggered entry, time-on-study order",631,630,TRUE,516,21.5879813357451,3.07213674018983,-0.244228471813315,0.783308649869575
126,0.8,"Staggered entry, calendar-event order",631,630,TRUE,373,36.3984323128721,3.59452570538754,-0.241669890588644,0.785315374763848
127,0.8,"Simultaneous entry, time-on-study order",631,630,TRUE,257,0.0925854739629789,-2.37962301828551,-0.084219448930452,0.91922951002664
127,0.8,"Staggered entry, time-on-study order",631,630,TRUE,257,0.0925854739629789,-2.37962301828551,-0.084219448930452,0.91922951002664
127,0.8,"Staggered entry, calendar-event order",631,630,FALSE,NA,0.139885312968025,-1.96693238518038,-0.0882716956147649,0.915512102305936
128,0.8,"Simultaneous entry, time-on-study order",631,628,FALSE,NA,0.896183604271746,-0.109609971517657,-0.156491242299495,0.855139006721427
128,0.8,"Staggered entry, time-on-study order",631,628,FALSE,NA,0.896183604271746,-0.109609971517657,-0.156491242299495,0.855139006721427
128,0.8,"Staggered entry, calendar-event order",631,628,FALSE,NA,2.42012250059636,0.883818158968582,-0.155883903796335,0.855658523311008
129,0.8,"Simultaneous entry, time-on-study order",631,628,TRUE,409,38.8698173992465,3.6602180471234,-0.238701456397575,0.787649995142235
129,0.8,"Staggered entry, time-on-study order",631,628,TRUE,409,38.8698173992465,3.6602180471234,-0.238701456397575,0.787649995142235
129,0.8,"Staggered entry, calendar-event order",631,628,TRUE,347,74.3784062267792,4.30916566082421,-0.238346094991323,0.787929945290937
130,0.8,"Simultaneous entry, time-on-study order",631,630,TRUE,203,1471.47934568982,7.29402353134656,-0.326434380913163,0.721491717122962
130,0.8,"Staggered entry, time-on-study order",631,630,TRUE,203,1471.47934568982,7.29402353134656,-0.326434380913163,0.721491717122962
130,0.8,"Staggered entry, calendar-event order",631,630,TRUE,168,1110.0083729138,7.01212283744352,-0.330369502185058,0.718658138613488
131,0.8,"Simultaneous entry, time-on-study order",631,620,TRUE,620,24.3247430037852,3.19149406290979,-0.222985960398035,0.800126082667421
131,0.8,"Staggered entry, time-on-study order",631,620,TRUE,620,24.3247430037852,3.19149406290979,-0.222985960398035,0.800126082667421
131,0.8,"Staggered entry, calendar-event order",631,625,FALSE,NA,17.6538576191597,2.87095432149016,-0.225106001874906,0.79843157902911
132,0.8,"Simultaneous entry, time-on-study order",631,628,FALSE,NA,0.00126640412020988,-6.67157379592055,-0.0271106101209605,0.973253583873796
132,0.8,"Staggered entry, time-on-study order",631,628,FALSE,NA,0.00126640412020988,-6.67157379592055,-0.0271106101209605,0.973253583873796
132,0.8,"Staggered entry, calendar-event order",631,628,FALSE,NA,0.000398784422020028,-7.82708958277587,-0.0237077702657393,0.976571051162025
133,0.8,"Simultaneous entry, time-on-study order",631,630,FALSE,NA,0.362091997789678,-1.01585696190329,-0.120587854810875,0.886399209489547
133,0.8,"Staggered entry, time-on-study order",631,630,FALSE,NA,0.362091997789678,-1.01585696190329,-0.120587854810875,0.886399209489547
133,0.8,"Staggered entry, calendar-event order",631,630,FALSE,NA,0.551414512409338,-0.595268461534327,-0.121410239716325,0.885670547820705
134,0.8,"Simultaneous entry, time-on-study order",631,628,FALSE,NA,3.01705890744602,1.104282485159,-0.161661345203326,0.850729259306251
134,0.8,"Staggered entry, time-on-study order",631,628,FALSE,NA,3.01705890744602,1.104282485159,-0.161661345203326,0.850729259306251
134,0.8,"Staggered entry, calendar-event order",631,627,FALSE,NA,1.31517701919836,0.273971271929864,-0.162970022030191,0.849616657815345
135,0.8,"Simultaneous entry, time-on-study order",631,630,FALSE,NA,0.0390622715812309,-3.2425981990231,-0.0675408119392804,0.934689573343487
135,0.8,"Staggered entry, time-on-study order",631,630,FALSE,NA,0.0390622715812309,-3.2425981990231,-0.0675408119392804,0.934689573343487
135,0.8,"Staggered entry, calendar-event order",631,630,FALSE,NA,0.00838473765385021,-4.78134217175156,-0.0672348487972246,0.934975597656412
136,0.8,"Simultaneous entry, time-on-study order",631,629,FALSE,NA,3.23354787777153,1.17357994858986,-0.202055852415964,0.817049292490876
136,0.8,"Staggered entry, time-on-study order",631,629,FALSE,NA,3.23354787777153,1.17357994858986,-0.202055852415964,0.817049292490876
136,0.8,"Staggered entry, calendar-event order",631,626,FALSE,NA,4.14902308218043,1.422872904647,-0.20705995973912,0.812970903002901
137,0.8,"Simultaneous entry, time-on-study order",631,619,TRUE,491,85.0364688040228,4.44308020923014,-0.258185936250341,0.772451592000804
137,0.8,"Staggered entry, time-on-study order",631,619,TRUE,491,85.0364688040228,4.44308020923014,-0.258185936250341,0.772451592000804
137,0.8,"Staggered entry, calendar-event order",631,620,TRUE,519,52.8432769470727,3.96733049414059,-0.256326813331779,0.773889010213527
138,0.8,"Simultaneous entry, time-on-study order",631,628,FALSE,NA,17.5782109210469,2.86666011921979,-0.208540935141119,0.81176780419278
138,0.8,"Staggered entry, time-on-study order",631,628,FALSE,NA,17.5782109210469,2.86666011921979,-0.208540935141119,0.81176780419278
138,0.8,"Staggered entry, calendar-event order",631,629,TRUE,550,23.6939378127337,3.16521922692938,-0.209925170867577,0.810644903555518
139,0.8,"Simultaneous entry, time-on-study order",631,630,TRUE,434,123.008767727016,4.81225563516542,-0.258246991312943,0.77240443136021
139,0.8,"Staggered entry, time-on-study order",631,630,TRUE,434,123.008767727016,4.81225563516542,-0.258246991312943,0.77240443136021
139,0.8,"Staggered entry, calendar-event order",631,630,TRUE,468,126.415752149496,4.83957609538404,-0.263112998002383,0.76865503592009
140,0.8,"Simultaneous entry, time-on-study order",631,630,TRUE,272,119.79484752503,4.7857806757834,-0.285071210271328,0.75196070508694
140,0.8,"Staggered entry, time-on-study order",631,630,TRUE,272,119.79484752503,4.7857806757834,-0.285071210271328,0.75196070508694
140,0.8,"Staggered entry, calendar-event order",631,630,TRUE,304,88.2679788688581,4.48037740162327,-0.277771998181364,0.757469506252357
141,0.8,"Simultaneous entry, time-on-study order",631,630,TRUE,192,341.417262879929,5.83310537404955,-0.293923883715183,0.745333221279983
141,0.8,"Staggered entry, time-on-study order",631,630,TRUE,192,341.417262879929,5.83310537404955,-0.293923883715183,0.745333221279983
141,0.8,"Staggered entry, calendar-event order",631,630,TRUE,219,213.50417805071,5.36365640180137,-0.29171551343808,0.746981011808533
142,0.8,"Simultaneous entry, time-on-study order",631,629,FALSE,NA,2.44869569767244,0.895555514501357,-0.159538024625156,0.852537549359339
142,0.8,"Staggered entry, time-on-study order",631,629,FALSE,NA,2.44869569767244,0.895555514501357,-0.159538024625156,0.852537549359339
142,0.8,"Staggered entry, calendar-event order",631,630,FALSE,NA,1.05465893455751,0.0532174298806324,-0.158302487273321,0.853591542335179
143,0.8,"Simultaneous entry, time-on-study order",631,630,TRUE,276,156.405078064245,5.05244929602559,-0.259623575844198,0.77134188287982
143,0.8,"Staggered entry, time-on-study order",631,630,TRUE,276,156.405078064245,5.05244929602559,-0.259623575844198,0.77134188287982
143,0.8,"Staggered entry, calendar-event order",631,630,TRUE,235,100.674208252058,4.61188964231183,-0.253418847121608,0.776142728585917
144,0.8,"Simultaneous entry, time-on-study order",631,629,TRUE,163,122.16594403943,4.80538031754776,-0.260915577887989,0.770345951102164
144,0.8,"Staggered entry, time-on-study order",631,629,TRUE,163,122.16594403943,4.80538031754776,-0.260915577887989,0.770345951102164
144,0.8,"Staggered entry, calendar-event order",631,629,TRUE,210,98.3798217106906,4.58883571911398,-0.260639800380376,0.770558424484902
145,0.8,"Simultaneous entry, time-on-study order",631,629,FALSE,NA,0.417569499974856,-0.873304281539679,-0.149399857906764,0.861224678543531
145,0.8,"Staggered entry, time-on-study order",631,629,FALSE,NA,0.417569499974856,-0.873304281539679,-0.149399857906764,0.861224678543531
145,0.8,"Staggered entry, calendar-event order",631,630,FALSE,NA,1.59092559257529,0.464315980553201,-0.147532550581335,0.86283435210451
146,0.8,"Simultaneous entry, time-on-study order",631,627,FALSE,NA,2.43479097688161,0.88986091173361,-0.16497565470293,0.847914346563299
146,0.8,"Staggered entry, time-on-study order",631,627,FALSE,NA,2.43479097688161,0.88986091173361,-0.16497565470293,0.847914346563299
146,0.8,"Staggered entry, calendar-event order",631,626,FALSE,NA,1.24834434750299,0.22181815136201,-0.165606343121862,0.847379745405774
147,0.8,"Simultaneous entry, time-on-study order",631,630,FALSE,NA,1.29039919319736,0.254951622594136,-0.177248558639723,0.837571572996824
147,0.8,"Staggered entry, time-on-study order",631,630,FALSE,NA,1.29039919319736,0.254951622594136,-0.177248558639723,0.837571572996824
147,0.8,"Staggered entry, calendar-event order",631,630,TRUE,202,4.97647720181161,1.60472225152431,-0.178544238063582,0.836487051491506
148,0.8,"Simultaneous entry, time-on-study order",631,629,FALSE,NA,0.358199259768751,-1.02666585588823,-0.113946907813074,0.89230532906615
148,0.8,"Staggered entry, time-on-study order",631,629,FALSE,NA,0.358199259768751,-1.02666585588823,-0.113946907813074,0.89230532906615
148,0.8,"Staggered entry, calendar-event order",631,629,FALSE,NA,0.330045292097983,-1.1085253851576,-0.114781519127805,0.891560911635134
149,0.8,"Simultaneous entry, time-on-study order",631,629,TRUE,379,0.535034339234174,-0.625424348661494,-0.11111987665771,0.894831473093017
149,0.8,"Staggered entry, time-on-study order",631,629,TRUE,379,0.535034339234174,-0.625424348661494,-0.11111987665771,0.894831473093017
149,0.8,"Staggered entry, calendar-event order",631,630,TRUE,349,0.332008545571902,-1.1025945707225,-0.11419158327863,0.892087030551577
150,0.8,"Simultaneous entry, time-on-study order",631,630,TRUE,191,173.63363638958,5.15694754146209,-0.284506483719038,0.752385477192136
150,0.8,"Staggered entry, time-on-study order",631,630,TRUE,191,173.63363638958,5.15694754146209,-0.284506483719038,0.752385477192136
150,0.8,"Staggered entry, calendar-event order",631,630,TRUE,377,57.8087282475223,4.05713977202041,-0.285379190521952,0.751729151699294
151,0.8,"Simultaneous entry, time-on-study order",631,627,TRUE,329,38871.1356797105,10.5680072408033,-0.449551723815806,0.63791404921227
151,0.8,"Staggered entry, time-on-study order",631,627,TRUE,329,38871.1356797105,10.5680072408033,-0.449551723815806,0.63791404921227
151,0.8,"Staggered entry, calendar-event order",631,628,TRUE,264,49911.0829044976,10.8179983593731,-0.441916533778785,0.642803285577746
152,0.8,"Simultaneous entry, time-on-study order",631,630,FALSE,NA,0.202918518093196,-1.59495076922183,-0.108551394286776,0.897132786132433
152,0.8,"Staggered entry, time-on-study order",631,630,FALSE,NA,0.202918518093196,-1.59495076922183,-0.108551394286776,0.897132786132433
152,0.8,"Staggered entry, calendar-event order",631,630,FALSE,NA,0.172169827133581,-1.75927392223921,-0.109723937863679,0.896081475320745
153,0.8,"Simultaneous entry, time-on-study order",631,630,TRUE,324,1088.65156176854,6.99269511008927,-0.321874762872314,0.724788955133142
153,0.8,"Staggered entry, time-on-study order",631,630,TRUE,324,1088.65156176854,6.99269511008927,-0.321874762872314,0.724788955133142
153,0.8,"Staggered entry, calendar-event order",631,630,TRUE,320,428.033529345401,6.05920153210547,-0.332351252719222,0.717235347737346
154,0.8,"Simultaneous entry, time-on-study order",631,630,TRUE,482,9.68824171824919,2.27091295621299,-0.20413681522533,0.81535081115096
154,0.8,"Staggered entry, time-on-study order",631,630,TRUE,482,9.68824171824919,2.27091295621299,-0.20413681522533,0.81535081115096
154,0.8,"Staggered entry, calendar-event order",631,630,TRUE,167,12.3342370767109,2.51237889778159,-0.205267820451072,0.814429166413488
155,0.8,"Simultaneous entry, time-on-study order",631,627,TRUE,200,621.709516974154,6.43247296914293,-0.331639409379066,0.717746088705169
155,0.8,"Staggered entry, time-on-study order",631,627,TRUE,200,621.709516974154,6.43247296914293,-0.331639409379066,0.717746088705169
155,0.8,"Staggered entry, calendar-event order",631,626,TRUE,122,589.671055708756,6.3795648487236,-0.337861346912498,0.713294181482733
156,0.8,"Simultaneous entry, time-on-study order",631,629,FALSE,NA,0.00928777850975429,-4.67905588179657,-0.0783828736178618,0.924610349854792
156,0.8,"Staggered entry, time-on-study order",631,629,FALSE,NA,0.00928777850975429,-4.67905588179657,-0.0783828736178618,0.924610349854792
156,0.8,"Staggered entry, calendar-event order",631,629,FALSE,NA,0.0353912934445056,-3.34128943698787,-0.0799641504104778,0.923149440321933
157,0.8,"Simultaneous entry, time-on-study order",631,627,TRUE,407,91.6690183515795,4.51818446341389,-0.256352203081722,0.773869361614511
157,0.8,"Staggered entry, time-on-study order",631,627,TRUE,407,91.6690183515795,4.51818446341389,-0.256352203081722,0.773869361614511
157,0.8,"Staggered entry, calendar-event order",631,626,TRUE,452,45.0994190074304,3.80886936410704,-0.26414307823824,0.767863667216002
158,0.8,"Simultaneous entry, time-on-study order",631,630,TRUE,157,1002.11822362338,6.9098712623329,-0.315977831384647,0.729075612585293
158,0.8,"Staggered entry, time-on-study order",631,630,TRUE,157,1002.11822362338,6.9098712623329,-0.315977831384647,0.729075612585293
158,0.8,"Staggered entry, calendar-event order",631,630,TRUE,223,459.682931128025,6.13053697166389,-0.303430474691533,0.738281216576818
159,0.8,"Simultaneous entry, time-on-study order",631,628,TRUE,247,1898.64498957383,7.54889574735036,-0.334919155070787,0.715395920147268
159,0.8,"Staggered entry, time-on-study order",631,628,TRUE,247,1898.64498957383,7.54889574735036,-0.334919155070787,0.715395920147268
159,0.8,"Staggered entry, calendar-event order",631,628,TRUE,221,1808.99491619504,7.50052667510668,-0.330252641555737,0.718742126363168
160,0.8,"Simultaneous entry, time-on-study order",631,630,FALSE,NA,0.121283053227686,-2.10962818237457,-0.0927281516326381,0.911441240433897
160,0.8,"Staggered entry, time-on-study order",631,630,FALSE,NA,0.121283053227686,-2.10962818237457,-0.0927281516326381,0.911441240433897
160,0.8,"Staggered entry, calendar-event order",631,630,FALSE,NA,0.0855820967751357,-2.4582791675325,-0.09184139463751,0.912249825785874
161,0.8,"Simultaneous entry, time-on-study order",631,625,TRUE,493,665.310950456855,6.5002545260395,-0.303336432206549,0.73835064964182
161,0.8,"Staggered entry, time-on-study order",631,625,TRUE,493,665.310950456855,6.5002545260395,-0.303336432206549,0.73835064964182
161,0.8,"Staggered entry, calendar-event order",631,625,TRUE,539,233.203500838503,5.45191146653562,-0.299404866683244,0.741259237505391
162,0.8,"Simultaneous entry, time-on-study order",631,630,FALSE,NA,0.00880850238889134,-4.73203784339415,-0.0732010143319128,0.929413985715821
162,0.8,"Staggered entry, time-on-study order",631,630,FALSE,NA,0.00880850238889134,-4.73203784339415,-0.0732010143319128,0.929413985715821
162,0.8,"Staggered entry, calendar-event order",631,630,FALSE,NA,0.120285103985483,-2.11789048756289,-0.073826352293868,0.928832969552846
163,0.8,"Simultaneous entry, time-on-study order",631,629,TRUE,568,33.7457419853734,3.51885424596292,-0.272793926827629,0.761249644595601
163,0.8,"Staggered entry, time-on-study order",631,629,TRUE,568,33.7457419853734,3.51885424596292,-0.272793926827629,0.761249644595601
163,0.8,"Staggered entry, calendar-event order",631,629,TRUE,522,179.279886882876,5.1889481985402,-0.284236170841782,0.752588884165805
164,0.8,"Simultaneous entry, time-on-study order",631,622,FALSE,NA,0.164250696909202,-1.80636137864802,-0.12016514127145,0.886773981641785
164,0.8,"Staggered entry, time-on-study order",631,622,FALSE,NA,0.164250696909202,-1.80636137864802,-0.12016514127145,0.886773981641785
164,0.8,"Staggered entry, calendar-event order",631,625,FALSE,NA,0.367010538920886,-1.00236471493419,-0.12718485602771,0.880570878716148
165,0.8,"Simultaneous entry, time-on-study order",631,623,TRUE,297,3925.66470971472,8.2752909686715,-0.375489931216564,0.686952636790929
165,0.8,"Staggered entry, time-on-study order",631,623,TRUE,297,3925.66470971472,8.2752909686715,-0.375489931216564,0.686952636790929
165,0.8,"Staggered entry, calendar-event order",631,627,TRUE,216,8799.66325618907,9.08246873339197,-0.372712135117048,0.688863503916872
166,0.8,"Simultaneous entry, time-on-study order",631,628,TRUE,131,40.497057309309,3.70122931244329,-0.269811209631565,0.763523626637812
166,0.8,"Staggered entry, time-on-study order",631,628,TRUE,131,40.497057309309,3.70122931244329,-0.269811209631565,0.763523626637812
166,0.8,"Staggered entry, calendar-event order",631,628,TRUE,515,27.9219810668214,3.32941423049236,-0.27184215568309,0.761974524946498
167,0.8,"Simultaneous entry, time-on-study order",631,626,TRUE,199,461.903575058845,6.13535615730452,-0.313068810309721,0.731199596767058
167,0.8,"Staggered entry, time-on-study order",631,626,TRUE,199,461.903575058845,6.13535615730452,-0.313068810309721,0.731199596767058
167,0.8,"Staggered entry, calendar-event order",631,626,TRUE,162,491.468150311868,6.1973971364944,-0.312966580587003,0.73127435092007
168,0.8,"Simultaneous entry, time-on-study order",631,630,FALSE,NA,4.60275666591131,1.52665539919949,-0.174499228960778,0.839877501807456
168,0.8,"Staggered entry, time-on-study order",631,630,FALSE,NA,4.60275666591131,1.52665539919949,-0.174499228960778,0.839877501807456
168,0.8,"Staggered entry, calendar-event order",631,630,FALSE,NA,4.2700729442685,1.45163091006148,-0.175018351509909,0.839441615606727
169,0.8,"Simultaneous entry, time-on-study order",631,630,TRUE,598,15.0913181258098,2.71411961991318,-0.235992537394312,0.789786567776544
169,0.8,"Staggered entry, time-on-study order",631,630,TRUE,598,15.0913181258098,2.71411961991318,-0.235992537394312,0.789786567776544
169,0.8,"Staggered entry, calendar-event order",631,630,TRUE,576,13.4267363129786,2.59724796633205,-0.236273332499378,0.789564830707064
170,0.8,"Simultaneous entry, time-on-study order",631,630,FALSE,NA,0.174742034474317,-1.74444448131447,-0.0919897084525149,0.912114536566852
170,0.8,"Staggered entry, time-on-study order",631,630,FALSE,NA,0.174742034474317,-1.74444448131447,-0.0919897084525149,0.912114536566852
170,0.8,"Staggered entry, calendar-event order",631,630,FALSE,NA,0.0917825000965695,-2.38833363028437,-0.0799746472687925,0.923139750203913
171,0.8,"Simultaneous entry, time-on-study order",631,628,FALSE,NA,2.68996533072436,0.989528305324137,-0.216927919081491,0.804987991487645
171,0.8,"Staggered entry, time-on-study order",631,628,FALSE,NA,2.68996533072436,0.989528305324137,-0.216927919081491,0.804987991487645
171,0.8,"Staggered entry, calendar-event order",631,626,FALSE,NA,17.3624957981478,2.85431246607311,-0.217031504613973,0.804904610696502
172,0.8,"Simultaneous entry, time-on-study order",631,619,FALSE,NA,1.76099799747543,0.565880692361479,-0.218794901511943,0.803486495120619
172,0.8,"Staggered entry, time-on-study order",631,619,FALSE,NA,1.76099799747543,0.565880692361479,-0.218794901511943,0.803486495120619
172,0.8,"Staggered entry, calendar-event order",631,622,FALSE,NA,1.58129022408375,0.458241111325879,-0.212969973103839,0.808180404001229
173,0.8,"Simultaneous entry, time-on-study order",631,629,TRUE,355,36.9363522709544,3.60919622249282,-0.222590827781817,0.800442301049753
173,0.8,"Staggered entry, time-on-study order",631,629,TRUE,355,36.9363522709544,3.60919622249282,-0.222590827781817,0.800442301049753
173,0.8,"Staggered entry, calendar-event order",631,629,TRUE,386,13.5731521320422,2.60809373368462,-0.219406765162911,0.802995021313023
174,0.8,"Simultaneous entry, time-on-study order",631,621,TRUE,613,35.5208020437636,3.57011849792996,-0.229682337575824,0.794786036065801
174,0.8,"Staggered entry, time-on-study order",631,621,TRUE,613,35.5208020437636,3.57011849792996,-0.229682337575824,0.794786036065801
174,0.8,"Staggered entry, calendar-event order",631,622,TRUE,558,34.5701958685452,3.54299191977068,-0.22733814567148,0.796651352532916
175,0.8,"Simultaneous entry, time-on-study order",631,627,TRUE,447,141.914561685924,4.95522519825211,-0.278342003882,0.757037867345741
175,0.8,"Staggered entry, time-on-study order",631,627,TRUE,447,141.914561685924,4.95522519825211,-0.278342003882,0.757037867345741
175,0.8,"Staggered entry, calendar-event order",631,627,TRUE,421,292.302111118784,5.67778789452966,-0.278919576992511,0.756600748876012
176,0.8,"Simultaneous entry, time-on-study order",631,629,FALSE,NA,0.0580700012818475,-2.846106077524,-0.115235194844156,0.891156523837276
176,0.8,"Staggered entry, time-on-study order",631,629,FALSE,NA,0.0580700012818475,-2.846106077524,-0.115235194844156,0.891156523837276
176,0.8,"Staggered entry, calendar-event order",631,629,FALSE,NA,0.597988739418032,-0.514183355613429,-0.110202241029042,0.89565297919837
177,0.8,"Simultaneous entry, time-on-study order",631,623,FALSE,NA,3.04706285686281,1.11417812888919,-0.20197450440861,0.817115760526215
177,0.8,"Staggered entry, time-on-study order",631,623,FALSE,NA,3.04706285686281,1.11417812888919,-0.20197450440861,0.817115760526215
177,0.8,"Staggered entry, calendar-event order",631,624,FALSE,NA,3.11768108841203,1.13708948458737,-0.20143375005305,0.817557738922817
178,0.8,"Simultaneous entry, time-on-study order",631,628,TRUE,216,132.019342029967,4.88294844238187,-0.267089992415018,0.765604169796919
178,0.8,"Staggered entry, time-on-study order",631,628,TRUE,216,132.019342029967,4.88294844238187,-0.267089992415018,0.765604169796919
178,0.8,"Staggered entry, calendar-event order",631,627,TRUE,207,143.744134236918,4.9680348735365,-0.272234819909772,0.761675383543816
179,0.8,"Simultaneous entry, time-on-study order",631,630,FALSE,NA,8.06919919815547,2.08805424540705,-0.182592103998079,0.833107907825392
179,0.8,"Staggered entry, time-on-study order",631,630,FALSE,NA,8.06919919815547,2.08805424540705,-0.182592103998079,0.833107907825392
179,0.8,"Staggered entry, calendar-event order",631,630,TRUE,446,5.52007493548429,1.70839143546575,-0.180849832983284,0.834560672773032
180,0.8,"Simultaneous entry, time-on-study order",631,628,FALSE,NA,5.80477601564719,1.75868102967628,-0.178496933836173,0.836526621801128
180,0.8,"Staggered entry, time-on-study order",631,628,FALSE,NA,5.80477601564719,1.75868102967628,-0.178496933836173,0.836526621801128
180,0.8,"Staggered entry, calendar-event order",631,628,FALSE,NA,1.4772666310811,0.39019350931607,-0.175771391244625,0.838809720666061
181,0.8,"Simultaneous entry, time-on-study order",631,630,TRUE,194,1.26007181272528,0.231168713565693,-0.130619074538164,0.877551992628961
181,0.8,"Staggered entry, time-on-study order",631,630,TRUE,194,1.26007181272528,0.231168713565693,-0.130619074538164,0.877551992628961
181,0.8,"Staggered entry, calendar-event order",631,630,TRUE,210,1.21281595935661,0.192944894919497,-0.132142051505741,0.876216518362742
182,0.8,"Simultaneous entry, time-on-study order",631,630,FALSE,NA,2.40321366178486,0.876806867402103,-0.218049096839879,0.804085962617663
182,0.8,"Staggered entry, time-on-study order",631,630,FALSE,NA,2.40321366178486,0.876806867402103,-0.218049096839879,0.804085962617663
182,0.8,"Staggered entry, calendar-event order",631,630,TRUE,575,21.7379091402891,3.07905770136821,-0.219887340010084,0.80260921481525
183,0.8,"Simultaneous entry, time-on-study order",631,629,TRUE,215,385.992345671706,5.95581753940217,-0.325737321712396,0.721994814886751
183,0.8,"Staggered entry, time-on-study order",631,629,TRUE,215,385.992345671706,5.95581753940217,-0.325737321712396,0.721994814886751
183,0.8,"Staggered entry, calendar-event order",631,628,TRUE,224,275.73856239554,5.6194531791067,-0.326855499437578,0.721187947561653
184,0.8,"Simultaneous entry, time-on-study order",631,628,TRUE,192,97.2063057940272,4.57683558378629,-0.280167676736063,0.755657024728809
184,0.8,"Staggered entry, time-on-study order",631,628,TRUE,192,97.2063057940272,4.57683558378629,-0.280167676736063,0.755657024728809
184,0.8,"Staggered entry, calendar-event order",631,628,TRUE,331,60.4216198510345,4.10134698544745,-0.276159154295185,0.758692172033959
185,0.8,"Simultaneous entry, time-on-study order",631,627,TRUE,469,13.0792141404634,2.57102426321979,-0.214952391162826,0.806579839591495
185,0.8,"Staggered entry, time-on-study order",631,627,TRUE,469,13.0792141404634,2.57102426321979,-0.214952391162826,0.806579839591495
185,0.8,"Staggered entry, calendar-event order",631,628,TRUE,499,8.48491788732888,2.13829022124736,-0.2141684345493,0.807212411112995
186,0.8,"Simultaneous entry, time-on-study order",631,623,TRUE,540,102.024935374259,4.62521724786122,-0.29008232117407,0.748201972178506
186,0.8,"Staggered entry, time-on-study order",631,623,TRUE,540,102.024935374259,4.62521724786122,-0.29008232117407,0.748201972178506
186,0.8,"Staggered entry, calendar-event order",631,624,TRUE,201,343.533726242403,5.83928529095446,-0.292772662334745,0.746191758908489
187,0.8,"Simultaneous entry, time-on-study order",631,627,TRUE,362,189.710446890866,5.24549894601434,-0.273666670842945,0.760585558354916
187,0.8,"Staggered entry, time-on-study order",631,627,TRUE,362,189.710446890866,5.24549894601434,-0.273666670842945,0.760585558354916
187,0.8,"Staggered entry, calendar-event order",631,627,TRUE,497,114.347978706874,4.73924624394067,-0.275404950565517,0.759264596334914
188,0.8,"Simultaneous entry, time-on-study order",631,625,TRUE,476,1120.65542328755,7.02166899249065,-0.357701010611633,0.699282121687458
188,0.8,"Staggered entry, time-on-study order",631,625,TRUE,476,1120.65542328755,7.02166899249065,-0.357701010611633,0.699282121687458
188,0.8,"Staggered entry, calendar-event order",631,625,TRUE,454,1626.87189316347,7.3944143660511,-0.361964310994973,0.696307217910131
189,0.8,"Simultaneous entry, time-on-study order",631,625,TRUE,119,11956.2895281993,9.38901273925309,-0.423671719569096,0.654638751729655
189,0.8,"Staggered entry, time-on-study order",631,625,TRUE,119,11956.2895281993,9.38901273925309,-0.423671719569096,0.654638751729655
189,0.8,"Staggered entry, calendar-event order",631,625,TRUE,132,21370.0709664758,9.96974666915353,-0.429939277299095,0.650548596591829
190,0.8,"Simultaneous entry, time-on-study order",631,629,FALSE,NA,3.66666030493217,1.29928124911026,-0.168032254134885,0.845326568967768
190,0.8,"Staggered entry, time-on-study order",631,629,FALSE,NA,3.66666030493217,1.29928124911026,-0.168032254134885,0.845326568967768
190,0.8,"Staggered entry, calendar-event order",631,628,FALSE,NA,2.76769704012405,1.01801558094301,-0.173654980870134,0.840586866182358
191,0.8,"Simultaneous entry, time-on-study order",631,630,TRUE,143,161.715793398999,5.08584043280304,-0.313279708468926,0.731045404378105
191,0.8,"Staggered entry, time-on-study order",631,630,TRUE,143,161.715793398999,5.08584043280304,-0.313279708468926,0.731045404378105
191,0.8,"Staggered entry, calendar-event order",631,630,TRUE,150,177.465254318134,5.1787748394335,-0.295977539721602,0.74380413388049
192,0.8,"Simultaneous entry, time-on-study order",631,630,TRUE,333,1138.71870484898,7.03765896617587,-0.333040753319922,0.716740983985876
192,0.8,"Staggered entry, time-on-study order",631,630,TRUE,333,1138.71870484898,7.03765896617587,-0.333040753319922,0.716740983985876
192,0.8,"Staggered entry, calendar-event order",631,629,TRUE,261,1731.96651206713,7.45701275410124,-0.335879811576305,0.714709000402345
193,0.8,"Simultaneous entry, time-on-study order",631,630,FALSE,NA,4.59029845544808,1.52394504493199,-0.200313877458014,0.81847381227648
193,0.8,"Staggered entry, time-on-study order",631,630,FALSE,NA,4.59029845544808,1.52394504493199,-0.200313877458014,0.81847381227648
193,0.8,"Staggered entry, calendar-event order",631,630,TRUE,595,12.4459941093414,2.52139881284958,-0.201419694631212,0.817569230122471
194,0.8,"Simultaneous entry, time-on-study order",631,628,FALSE,NA,4.87951144847729,1.58504510183646,-0.180889925439071,0.834527213856887
194,0.8,"Staggered entry, time-on-study order",631,628,FALSE,NA,4.87951144847729,1.58504510183646,-0.180889925439071,0.834527213856887
194,0.8,"Staggered entry, calendar-event order",631,628,TRUE,300,7.29672380455519,1.98742545351967,-0.177637468444887,0.837245896533049
195,0.8,"Simultaneous entry, time-on-study order",631,622,TRUE,180,7830.17132399609,8.96573966920475,-0.377496142700179,0.685575846050781
195,0.8,"Staggered entry, time-on-study order",631,622,TRUE,180,7830.17132399609,8.96573966920475,-0.377496142700179,0.685575846050781
195,0.8,"Staggered entry, calendar-event order",631,621,TRUE,277,7115.65868775123,8.87005308357572,-0.377729334013218,0.68541599435779
196,0.8,"Simultaneous entry, time-on-study order",631,629,FALSE,NA,5.6776766412718,1.73654210702294,-0.172808097097989,0.841299047083064
196,0.8,"Staggered entry, time-on-study order",631,629,FALSE,NA,5.6776766412718,1.73654210702294,-0.172808097097989,0.841299047083064
196,0.8,"Staggered entry, calendar-event order",631,629,FALSE,NA,4.44528530804987,1.49184405319395,-0.166832315885715,0.846341517466893
197,0.8,"Simultaneous entry, time-on-study order",631,629,FALSE,NA,3.30240083905911,1.19464973094057,-0.189294061108679,0.827543122663469
197,0.8,"Staggered entry, time-on-study order",631,629,FALSE,NA,3.30240083905911,1.19464973094057,-0.189294061108679,0.827543122663469
197,0.8,"Staggered entry, calendar-event order",631,629,FALSE,NA,3.04200750496704,1.11251766095011,-0.187841956008592,0.828745675157426
198,0.8,"Simultaneous entry, time-on-study order",631,627,TRUE,299,313.720056229808,5.7485010475801,-0.294196551805581,0.745130020398284
198,0.8,"Staggered entry, time-on-study order",631,627,TRUE,299,313.720056229808,5.7485010475801,-0.294196551805581,0.745130020398284
198,0.8,"Staggered entry, calendar-event order",631,627,TRUE,257,220.00339651228,5.39364298492537,-0.29958058503609,0.741128996096383
199,0.8,"Simultaneous entry, time-on-study order",631,628,TRUE,153,250.589491324787,5.5238161075236,-0.28479300118436,0.752169936491828
199,0.8,"Staggered entry, time-on-study order",631,628,TRUE,153,250.589491324787,5.5238161075236,-0.28479300118436,0.752169936491828
199,0.8,"Staggered entry, calendar-event order",631,628,TRUE,219,245.735311422953,5.50425498683588,-0.288864582580521,0.74911364157064
200,0.8,"Simultaneous entry, time-on-study order",631,627,TRUE,255,22.1529076565423,3.09796875905156,-0.210851628579391,0.809894223123607
200,0.8,"Staggered entry, time-on-study order",631,627,TRUE,255,22.1529076565423,3.09796875905156,-0.210851628579391,0.809894223123607
200,0.8,"Staggered entry, calendar-event order",631,627,TRUE,182,13.5273302442384,2.60471210151781,-0.210072693692191,0.810525323750179
201,0.8,"Simultaneous entry, time-on-study order",631,625,TRUE,446,313.801695347998,5.74876124292295,-0.285150590682692,0.751901016505925
201,0.8,"Staggered entry, time-on-study order",631,625,TRUE,446,313.801695347998,5.74876124292295,-0.285150590682692,0.751901016505925
201,0.8,"Staggered entry, calendar-event order",631,625,TRUE,546,165.467852682264,5.10877693233768,-0.2833463748289,0.753258832768871
202,0.8,"Simultaneous entry, time-on-study order",631,630,TRUE,206,798.542682421946,6.68278841947877,-0.343110360657309,0.709559899742081
202,0.8,"Staggered entry, time-on-study order",631,630,TRUE,206,798.542682421946,6.68278841947877,-0.343110360657309,0.709559899742081
202,0.8,"Staggered entry, calendar-event order",631,630,TRUE,229,1066.20186937704,6.97185795769517,-0.345846921827972,0.707620800114682
203,0.8,"Simultaneous entry, time-on-study order",631,628,TRUE,264,10.1710177031019,2.31954227418879,-0.225867008326305,0.797824198585999
203,0.8,"Staggered entry, time-on-study order",631,628,TRUE,264,10.1710177031019,2.31954227418879,-0.225867008326305,0.797824198585999
203,0.8,"Staggered entry, calendar-event order",631,626,TRUE,366,6.92131905619807,1.93460636652236,-0.222318371343311,0.800660416420446
204,0.8,"Simultaneous entry, time-on-study order",631,630,TRUE,313,173.731720382068,5.15751227247617,-0.297463733539272,0.742699517815264
204,0.8,"Staggered entry, time-on-study order",631,630,TRUE,313,173.731720382068,5.15751227247617,-0.297463733539272,0.742699517815264
204,0.8,"Staggered entry, calendar-event order",631,630,TRUE,309,363.359324665355,5.89539221977272,-0.299131459429246,0.741461930865673
205,0.8,"Simultaneous entry, time-on-study order",631,630,TRUE,483,20.698109244477,3.03004235525297,-0.237903104113386,0.788279068392619
205,0.8,"Staggered entry, time-on-study order",631,630,TRUE,483,20.698109244477,3.03004235525297,-0.237903104113386,0.788279068392619
205,0.8,"Staggered entry, calendar-event order",631,630,TRUE,453,44.873062457492,3.8038376694416,-0.247528243901213,0.780728169690224
206,0.8,"Simultaneous entry, time-on-study order",631,625,TRUE,527,74.3546797378045,4.3088466129268,-0.249714505433446,0.779023158205336
206,0.8,"Staggered entry, time-on-study order",631,625,TRUE,527,74.3546797378045,4.3088466129268,-0.249714505433446,0.779023158205336
206,0.8,"Staggered entry, calendar-event order",631,627,TRUE,503,84.2958299254793,4.43433239670811,-0.245935386975126,0.781972748917882
207,0.8,"Simultaneous entry, time-on-study order",631,621,FALSE,NA,17.034070685363,2.83521549637348,-0.212112779405662,0.808873468153203
207,0.8,"Staggered entry, time-on-study order",631,621,FALSE,NA,17.034070685363,2.83521549637348,-0.212112779405662,0.808873468153203
207,0.8,"Staggered entry, calendar-event order",631,622,FALSE,NA,1.63343884270452,0.490687511936336,-0.208549208615834,0.81176108808016
208,0.8,"Simultaneous entry, time-on-study order",631,630,TRUE,522,1.44424410673573,0.36758607516943,-0.136107822231266,0.872748525722032
208,0.8,"Staggered entry, time-on-study order",631,630,TRUE,522,1.44424410673573,0.36758607516943,-0.136107822231266,0.872748525722032
208,0.8,"Staggered entry, calendar-event order",631,630,TRUE,241,1.02581618934642,0.0254885780150174,-0.14343790765841,0.866374593744363
209,0.8,"Simultaneous entry, time-on-study order",631,627,TRUE,590,20.6367145760806,3.0270717504278,-0.256418125591166,0.773818347885707
209,0.8,"Staggered entry, time-on-study order",631,627,TRUE,590,20.6367145760806,3.0270717504278,-0.256418125591166,0.773818347885707
209,0.8,"Staggered entry, calendar-event order",631,626,TRUE,535,59.6786865153288,4.0889749468619,-0.257208352285518,0.773207097515616
210,0.8,"Simultaneous entry, time-on-study order",631,630,TRUE,173,363.234841756322,5.89504957207197,-0.2850795465213,0.751954436580662
210,0.8,"Staggered entry, time-on-study order",631,630,TRUE,173,363.234841756322,5.89504957207197,-0.2850795465213,0.751954436580662
210,0.8,"Staggered entry, calendar-event order",631,629,TRUE,167,138.316443962726,4.92954413227306,-0.284953427900769,0.752049278017415
211,0.8,"Simultaneous entry, time-on-study order",631,630,TRUE,184,16.532800404174,2.80534631092475,-0.218555574339684,0.803678814284127
211,0.8,"Staggered entry, time-on-study order",631,630,TRUE,184,16.532800404174,2.80534631092475,-0.218555574339684,0.803678814284127
211,0.8,"Staggered entry, calendar-event order",631,630,TRUE,204,6.04326932041759,1.79894514372334,-0.229165511983643,0.795196907994966
212,0.8,"Simultaneous entry, time-on-study order",631,630,TRUE,309,30.2937608942258,3.41094178023107,-0.23483304901551,0.790702847228648
212,0.8,"Staggered entry, time-on-study order",631,630,TRUE,309,30.2937608942258,3.41094178023107,-0.23483304901551,0.790702847228648
212,0.8,"Staggered entry, calendar-event order",631,630,TRUE,353,11.9018830585106,2.4766966278098,-0.236659367174648,0.789260090128038
213,0.8,"Simultaneous entry, time-on-study order",631,625,TRUE,148,143641.325705566,11.8750746776595,-0.482039880610373,0.617522434102009
213,0.8,"Staggered entry, time-on-study order",631,625,TRUE,148,143641.325705566,11.8750746776595,-0.482039880610373,0.617522434102009
213,0.8,"Staggered entry, calendar-event order",631,624,TRUE,181,46229.5406913197,10.7413742816381,-0.48982322709083,0.612734699506792
214,0.8,"Simultaneous entry, time-on-study order",631,628,FALSE,NA,1.49740763126327,0.403735367143966,-0.165822735297655,0.847196398897034
214,0.8,"Staggered entry, time-on-study order",631,628,FALSE,NA,1.49740763126327,0.403735367143966,-0.165822735297655,0.847196398897034
214,0.8,"Staggered entry, calendar-event order",631,627,FALSE,NA,1.77243247606805,0.572352883391336,-0.160762062538741,0.851494649480876
215,0.8,"Simultaneous entry, time-on-study order",631,628,FALSE,NA,0.0001654037711543,-8.70712097542723,-0.0122021924013262,0.987871952465322
215,0.8,"Staggered entry, time-on-study order",631,628,FALSE,NA,0.0001654037711543,-8.70712097542723,-0.0122021924013262,0.987871952465322
215,0.8,"Staggered entry, calendar-event order",631,628,FALSE,NA,0.00140248388222634,-6.56951041280719,-0.00909582052694428,0.990945421311076
216,0.8,"Simultaneous entry, time-on-study order",631,623,TRUE,220,10451.4102401312,9.25449219949659,-0.401988809013938,0.668988232286438
216,0.8,"Staggered entry, time-on-study order",631,623,TRUE,220,10451.4102401312,9.25449219949659,-0.401988809013938,0.668988232286438
216,0.8,"Staggered entry, calendar-event order",631,624,TRUE,166,15008.3978758499,9.6163651818121,-0.391266203182555,0.676200125452555
217,0.8,"Simultaneous entry, time-on-study order",631,630,FALSE,NA,0.724416381048565,-0.322388939964385,-0.12995235425806,0.878137269425567
217,0.8,"Staggered entry, time-on-study order",631,630,FALSE,NA,0.724416381048565,-0.322388939964385,-0.12995235425806,0.878137269425567
217,0.8,"Staggered entry, calendar-event order",631,630,FALSE,NA,0.65782828714532,-0.4188113434985,-0.133579993279593,0.874957475460182
218,0.8,"Simultaneous entry, time-on-study order",631,624,TRUE,443,311.082894031632,5.74005941695832,-0.310061714205773,0.733401693524599
218,0.8,"Staggered entry, time-on-study order",631,624,TRUE,443,311.082894031632,5.74005941695832,-0.310061714205773,0.733401693524599
218,0.8,"Staggered entry, calendar-event order",631,624,TRUE,418,833.564018998603,6.72571050667814,-0.315887462814774,0.729141501082811
219,0.8,"Simultaneous entry, time-on-study order",631,628,TRUE,370,213.479878584466,5.36354258272128,-0.298015784695577,0.742289622839574
219,0.8,"Staggered entry, time-on-study order",631,628,TRUE,370,213.479878584466,5.36354258272128,-0.298015784695577,0.742289622839574
219,0.8,"Staggered entry, calendar-event order",631,629,TRUE,258,450.80265846371,6.11102967936143,-0.298979280315665,0.741574774471068
220,0.8,"Simultaneous entry, time-on-study order",631,625,TRUE,373,648.329870467075,6.47439962618828,-0.30988884352491,0.733528488133924
220,0.8,"Staggered entry, time-on-study order",631,625,TRUE,373,648.329870467075,6.47439962618828,-0.30988884352491,0.733528488133924
220,0.8,"Staggered entry, calendar-event order",631,627,TRUE,463,646.061545482595,6.47089477088943,-0.30646995097628,0.736040635149567
221,0.8,"Simultaneous entry, time-on-study order",631,621,TRUE,330,242.398615773226,5.49058354367236,-0.282552187763101,0.753857298806592
221,0.8,"Staggered entry, time-on-study order",631,621,TRUE,330,242.398615773226,5.49058354367236,-0.282552187763101,0.753857298806592
221,0.8,"Staggered entry, calendar-event order",631,620,TRUE,243,312.311923452869,5.74400244304427,-0.289073971066543,0.748956802220124
222,0.8,"Simultaneous entry, time-on-study order",631,628,TRUE,185,93.4304402838578,4.53721720524006,-0.242010459796707,0.785047966066754
222,0.8,"Staggered entry, time-on-study order",631,628,TRUE,185,93.4304402838578,4.53721720524006,-0.242010459796707,0.785047966066754
222,0.8,"Staggered entry, calendar-event order",631,628,TRUE,270,33.8835605325923,3.52292995672343,-0.243629983414076,0.783777591323559
223,0.8,"Simultaneous entry, time-on-study order",631,629,TRUE,206,137.273320423697,4.9219739779686,-0.263808883324768,0.768120326232506
223,0.8,"Staggered entry, time-on-study order",631,629,TRUE,206,137.273320423697,4.9219739779686,-0.263808883324768,0.768120326232506
223,0.8,"Staggered entry, calendar-event order",631,630,TRUE,178,74.1946435411994,4.30669195809584,-0.258463651809999,0.77223709995989
224,0.8,"Simultaneous entry, time-on-study order",631,627,TRUE,237,2156.74994521668,7.67635771255582,-0.343076253140149,0.709584101481266
224,0.8,"Staggered entry, time-on-study order",631,627,TRUE,237,2156.74994521668,7.67635771255582,-0.343076253140149,0.709584101481266
224,0.8,"Staggered entry, calendar-event order",631,627,TRUE,404,325.516742439641,5.78541389639232,-0.349143884742934,0.705291642262201
225,0.8,"Simultaneous entry, time-on-study order",631,630,FALSE,NA,6.54084276548008,1.87806602039021,-0.178959447876512,0.836139805954203
225,0.8,"Staggered entry, time-on-study order",631,630,FALSE,NA,6.54084276548008,1.87806602039021,-0.178959447876512,0.836139805954203
225,0.8,"Staggered entry, calendar-event order",631,630,FALSE,NA,4.56092879271624,1.51752628539902,-0.176414354716486,0.838270570001496
226,0.8,"Simultaneous entry, time-on-study order",631,630,FALSE,NA,0.237276579090894,-1.43852881787912,-0.127330384937221,0.880442739520627
226,0.8,"Staggered entry, time-on-study order",631,630,FALSE,NA,0.237276579090894,-1.43852881787912,-0.127330384937221,0.880442739520627
226,0.8,"Staggered entry, calendar-event order",631,630,FALSE,NA,0.269099022788294,-1.31267585266318,-0.126955661745598,0.880772723656514
227,0.8,"Simultaneous entry, time-on-study order",631,628,TRUE,209,38.6354876496282,3.65417122327116,-0.227840161835121,0.79625152104649
227,0.8,"Staggered entry, time-on-study order",631,628,TRUE,209,38.6354876496282,3.65417122327116,-0.227840161835121,0.79625152104649
227,0.8,"Staggered entry, calendar-event order",631,629,TRUE,324,10.996003476409,2.3975318864551,-0.217577304311438,0.804465413871146
228,0.8,"Simultaneous entry, time-on-study order",631,630,TRUE,131,155.065572165762,5.04384807369114,-0.302386173553788,0.739052607203215
228,0.8,"Staggered entry, time-on-study order",631,630,TRUE,131,155.065572165762,5.04384807369114,-0.302386173553788,0.739052607203215
228,0.8,"Staggered entry, calendar-event order",631,630,TRUE,135,150.631499986306,5.01483645674989,-0.301768008026083,0.739509605283826
229,0.8,"Simultaneous entry, time-on-study order",631,629,TRUE,220,27.0439899788807,3.29746479867965,-0.228468900636928,0.795751044170313
229,0.8,"Staggered entry, time-on-study order",631,629,TRUE,220,27.0439899788807,3.29746479867965,-0.228468900636928,0.795751044170313
229,0.8,"Staggered entry, calendar-event order",631,629,TRUE,344,5.80189873659214,1.75818523235699,-0.235159086612545,0.790445090393862
230,0.8,"Simultaneous entry, time-on-study order",631,625,TRUE,610,19.7087957709464,2.98106502193365,-0.208644235583195,0.811683952550775
230,0.8,"Staggered entry, time-on-study order",631,625,TRUE,610,19.7087957709464,2.98106502193365,-0.208644235583195,0.811683952550775
230,0.8,"Staggered entry, calendar-event order",631,624,FALSE,NA,10.6900327527603,2.36931178890133,-0.210821432489101,0.80991867913193
231,0.8,"Simultaneous entry, time-on-study order",631,630,TRUE,612,15.6876168153759,2.75287166326274,-0.234569038167232,0.790911628917183
231,0.8,"Staggered entry, time-on-study order",631,630,TRUE,612,15.6876168153759,2.75287166326274,-0.234569038167232,0.790911628917183
231,0.8,"Staggered entry, calendar-event order",631,630,TRUE,437,37.2824734357598,3.61852333514224,-0.237226133855846,0.788812890547035
232,0.8,"Simultaneous entry, time-on-study order",631,629,TRUE,471,64.7190905653061,4.17005622081755,-0.234586352321193,0.79089793507002
232,0.8,"Staggered entry, time-on-study order",631,629,TRUE,471,64.7190905653061,4.17005622081755,-0.234586352321193,0.79089793507002
232,0.8,"Staggered entry, calendar-event order",631,629,TRUE,455,40.3115255359967,3.69663742151336,-0.232060794730433,0.792897917826204
233,0.8,"Simultaneous entry, time-on-study order",631,628,TRUE,185,404.997564112679,6.00388105255186,-0.333293234980719,0.716560042874995
233,0.8,"Staggered entry, time-on-study order",631,628,TRUE,185,404.997564112679,6.00388105255186,-0.333293234980719,0.716560042874995
233,0.8,"Staggered entry, calendar-event order",631,628,TRUE,219,1017.83873999035,6.92543677590861,-0.330421612739446,0.718620689915214
234,0.8,"Simultaneous entry, time-on-study order",631,628,FALSE,NA,8.19663671604906,2.10372391355361,-0.182062250257887,0.833549450132428
234,0.8,"Staggered entry, time-on-study order",631,628,FALSE,NA,8.19663671604906,2.10372391355361,-0.182062250257887,0.833549450132428
234,0.8,"Staggered entry, calendar-event order",631,628,FALSE,NA,8.51374377425981,2.14168177231602,-0.18197205767269,0.833624633502665
235,0.8,"Simultaneous entry, time-on-study order",631,630,TRUE,355,22.9363167565436,3.13272153893843,-0.225391104524364,0.798203976517099
235,0.8,"Staggered entry, time-on-study order",631,630,TRUE,355,22.9363167565436,3.13272153893843,-0.225391104524364,0.798203976517099
235,0.8,"Staggered entry, calendar-event order",631,630,TRUE,366,29.3653258207735,3.37981458446115,-0.218899210241281,0.803402688836212
236,0.8,"Simultaneous entry, time-on-study order",631,630,TRUE,392,401.836607283458,5.99604555645238,-0.285439359486352,0.751683922295443
236,0.8,"Staggered entry, time-on-study order",631,630,TRUE,392,401.836607283458,5.99604555645238,-0.285439359486352,0.751683922295443
236,0.8,"Staggered entry, calendar-event order",631,630,TRUE,484,133.073543490988,4.89090193397535,-0.284042803755916,0.75273442415606
237,0.8,"Simultaneous entry, time-on-study order",631,630,TRUE,436,381.709869835119,5.94466081698859,-0.290019184625726,0.748249212559775
237,0.8,"Staggered entry, time-on-study order",631,630,TRUE,436,381.709869835119,5.94466081698859,-0.290019184625726,0.748249212559775
237,0.8,"Staggered entry, calendar-event order",631,629,TRUE,483,135.037680143496,4.90555385166792,-0.297631655168095,0.742574812973119
238,0.8,"Simultaneous entry, time-on-study order",631,621,TRUE,307,2204.58053479951,7.69829253613321,-0.381685871089075,0.682709478309964
238,0.8,"Staggered entry, time-on-study order",631,621,TRUE,307,2204.58053479951,7.69829253613321,-0.381685871089075,0.682709478309964
238,0.8,"Staggered entry, calendar-event order",631,620,TRUE,201,4324.64984130188,8.37208645453972,-0.37729199765553,0.685715817249211
239,0.8,"Simultaneous entry, time-on-study order",631,630,TRUE,282,17.2040703649196,2.84514600494566,-0.238586116671206,0.787740847716504
239,0.8,"Staggered entry, time-on-study order",631,630,TRUE,282,17.2040703649196,2.84514600494566,-0.238586116671206,0.787740847716504
239,0.8,"Staggered entry, calendar-event order",631,630,TRUE,208,66.3606941198299,4.19510492518059,-0.246646010759962,0.781417257879356
240,0.8,"Simultaneous entry, time-on-study order",631,630,TRUE,552,8.84918068659466,2.18032487694834,-0.222887576918803,0.800204805727719
240,0.8,"Staggered entry, time-on-study order",631,630,TRUE,552,8.84918068659466,2.18032487694834,-0.222887576918803,0.800204805727719
240,0.8,"Staggered entry, calendar-event order",631,630,TRUE,272,28.1342243068873,3.33698678210842,-0.225656117912573,0.797992469804094
241,0.8,"Simultaneous entry, time-on-study order",631,629,FALSE,NA,0.0660161314267197,-2.71785615126397,-0.1438103372293,0.866051990303444
241,0.8,"Staggered entry, time-on-study order",631,629,FALSE,NA,0.0660161314267197,-2.71785615126397,-0.1438103372293,0.866051990303444
241,0.8,"Staggered entry, calendar-event order",631,629,FALSE,NA,0.231398503526367,-1.46361393128597,-0.142413882868522,0.867262237212577
242,0.8,"Simultaneous entry, time-on-study order",631,621,TRUE,273,9333.48375381551,9.1413636168396,-0.391822100339733,0.675824332186014
242,0.8,"Staggered entry, time-on-study order",631,621,TRUE,273,9333.48375381551,9.1413636168396,-0.391822100339733,0.675824332186014
242,0.8,"Staggered entry, calendar-event order",631,621,TRUE,331,6861.1761744645,8.83363416002694,-0.389661559306108,0.677286056876708
243,0.8,"Simultaneous entry, time-on-study order",631,623,FALSE,NA,2.55368715276749,0.937538257064194,-0.193438560721429,0.824120468006714
243,0.8,"Staggered entry, time-on-study order",631,623,FALSE,NA,2.55368715276749,0.937538257064194,-0.193438560721429,0.824120468006714
243,0.8,"Staggered entry, calendar-event order",631,625,FALSE,NA,1.42913567318748,0.357069837189362,-0.189519681902564,0.82735643278851
244,0.8,"Simultaneous entry, time-on-study order",631,630,TRUE,494,104.781334654183,4.65187565157964,-0.25552451563175,0.77451014872218
244,0.8,"Staggered entry, time-on-study order",631,630,TRUE,494,104.781334654183,4.65187565157964,-0.25552451563175,0.77451014872218
244,0.8,"Staggered entry, calendar-event order",631,630,TRUE,508,126.934457831281,4.84367087317478,-0.256691705118583,0.773606675983656
245,0.8,"Simultaneous entry, time-on-study order",631,630,TRUE,235,7.4421347347333,2.00715773440087,-0.192798248445434,0.82464833143996
245,0.8,"Staggered entry, time-on-study order",631,630,TRUE,235,7.4421347347333,2.00715773440087,-0.192798248445434,0.82464833143996
245,0.8,"Staggered entry, calendar-event order",631,630,TRUE,341,8.48976523356314,2.13886134782823,-0.194136294469838,0.823545651901049
246,0.8,"Simultaneous entry, time-on-study order",631,628,TRUE,498,56.5137587473822,4.03448412615957,-0.244191010979935,0.783337993814015
246,0.8,"Staggered entry, time-on-study order",631,628,TRUE,498,56.5137587473822,4.03448412615957,-0.244191010979935,0.783337993814015
246,0.8,"Staggered entry, calendar-event order",631,629,TRUE,589,29.8518850102873,3.39624798726813,-0.238763163786041,0.787601392817586
247,0.8,"Simultaneous entry, time-on-study order",631,624,TRUE,494,60.9133588487692,4.10945250778324,-0.232297603151417,0.792710175152682
247,0.8,"Staggered entry, time-on-study order",631,624,TRUE,494,60.9133588487692,4.10945250778324,-0.232297603151417,0.792710175152682
247,0.8,"Staggered entry, calendar-event order",631,625,TRUE,625,20.5469852528274,3.02271422715487,-0.228213642064642,0.7959541923723
248,0.8,"Simultaneous entry, time-on-study order",631,629,TRUE,340,9.96417340457644,2.29899600035734,-0.190226002884934,0.826772259911199
248,0.8,"Staggered entry, time-on-study order",631,629,TRUE,340,9.96417340457644,2.29899600035734,-0.190226002884934,0.826772259911199
248,0.8,"Staggered entry, calendar-event order",631,629,FALSE,NA,7.67320227866212,2.03773403524374,-0.184588178912375,0.831446620608141
249,0.8,"Simultaneous entry, time-on-study order",631,626,FALSE,NA,0.845599475249629,-0.16770946499202,-0.135622386880184,0.873172291556159
249,0.8,"Staggered entry, time-on-study order",631,626,FALSE,NA,0.845599475249629,-0.16770946499202,-0.135622386880184,0.873172291556159
249,0.8,"Staggered entry, calendar-event order",631,628,FALSE,NA,0.969910154790058,-0.0305518357023447,-0.144635531539727,0.865337623914588
250,0.8,"Simultaneous entry, time-on-study order",631,628,TRUE,504,66.8629589590292,4.2026451360556,-0.268721392091589,0.76435618166244
250,0.8,"Staggered entry, time-on-study order",631,628,TRUE,504,66.8629589590292,4.2026451360556,-0.268721392091589,0.76435618166244
250,0.8,"Staggered entry, calendar-event order",631,628,TRUE,425,146.557724527094,4.98741937492575,-0.267853103275431,0.765020151803747
251,0.8,"Simultaneous entry, time-on-study order",631,627,FALSE,NA,0.962546646298437,-0.038172750307837,-0.123298863754893,0.883999427689393
251,0.8,"Staggered entry, time-on-study order",631,627,FALSE,NA,0.962546646298437,-0.038172750307837,-0.123298863754893,0.883999427689393
251,0.8,"Staggered entry, calendar-event order",631,627,FALSE,NA,0.430540937662518,-0.842712866342706,-0.12288696875803,0.884363617629746
252,0.8,"Simultaneous entry, time-on-study order",631,630,TRUE,456,185.901714332797,5.22521811648583,-0.278526275439956,0.756898379650695
252,0.8,"Staggered entry, time-on-study order",631,630,TRUE,456,185.901714332797,5.22521811648583,-0.278526275439956,0.756898379650695
252,0.8,"Staggered entry, calendar-event order",631,630,TRUE,327,316.598771134103,5.75763526599308,-0.274493196076631,0.759957174921714
253,0.8,"Simultaneous entry, time-on-study order",631,630,FALSE,NA,0.446949522343725,-0.805309616150659,-0.163332873121797,0.849308429407499
253,0.8,"Staggered entry, time-on-study order",631,630,FALSE,NA,0.446949522343725,-0.805309616150659,-0.163332873121797,0.849308429407499
253,0.8,"Staggered entry, calendar-event order",631,630,FALSE,NA,2.68747982597105,0.988603886810184,-0.15614415938693,0.85543586237231
254,0.8,"Simultaneous entry, time-on-study order",631,629,TRUE,250,64.5219235480032,4.16700506601786,-0.250844530881829,0.77814333941412
254,0.8,"Staggered entry, time-on-study order",631,629,TRUE,250,64.5219235480032,4.16700506601786,-0.250844530881829,0.77814333941412
254,0.8,"Staggered entry, calendar-event order",631,629,TRUE,195,80.8811049317022,4.39298023599009,-0.244186736563933,0.783341342133626
255,0.8,"Simultaneous entry, time-on-study order",631,627,TRUE,214,387.917953417904,5.96079385699927,-0.297438602100398,0.74271818315734
255,0.8,"Staggered entry, time-on-study order",631,627,TRUE,214,387.917953417904,5.96079385699927,-0.297438602100398,0.74271818315734
255,0.8,"Staggered entry, calendar-event order",631,625,TRUE,198,215.231953652818,5.37171630078185,-0.300680160524954,0.740314516691047
256,0.8,"Simultaneous entry, time-on-study order",631,630,FALSE,NA,0.635079922010403,-0.454004426575626,-0.130623436443727,0.877548164838391
256,0.8,"Staggered entry, time-on-study order",631,630,FALSE,NA,0.635079922010403,-0.454004426575626,-0.130623436443727,0.877548164838391
256,0.8,"Staggered entry, calendar-event order",631,630,FALSE,NA,0.82146551950479,-0.196665314990935,-0.125557838848395,0.882004748812754
257,0.8,"Simultaneous entry, time-on-study order",631,628,TRUE,577,45.0656526504853,3.80812037432856,-0.233979264024236,0.791378225725155
257,0.8,"Staggered entry, time-on-study order",631,628,TRUE,577,45.0656526504853,3.80812037432856,-0.233979264024236,0.791378225725155
257,0.8,"Staggered entry, calendar-event order",631,628,TRUE,583,31.7456335189116,3.45775518891759,-0.23805789952403,0.788157055854259
258,0.8,"Simultaneous entry, time-on-study order",631,624,TRUE,449,83.1296020497715,4.42040086044831,-0.278193538448507,0.757150269644609
258,0.8,"Staggered entry, time-on-study order",631,624,TRUE,449,83.1296020497715,4.42040086044831,-0.278193538448507,0.757150269644609
258,0.8,"Staggered entry, calendar-event order",631,624,FALSE,NA,15.7383077807329,2.75609772645561,-0.275468406959552,0.75921641767015
259,0.8,"Simultaneous entry, time-on-study order",631,626,FALSE,NA,0.101112973109197,-2.29151684161133,-0.101524857788229,0.903458721077528
259,0.8,"Staggered entry, time-on-study order",631,626,FALSE,NA,0.101112973109197,-2.29151684161133,-0.101524857788229,0.903458721077528
259,0.8,"Staggered entry, calendar-event order",631,625,FALSE,NA,0.0309303836308821,-3.47601628916511,-0.106011853312,0.899413986978135
260,0.8,"Simultaneous entry, time-on-study order",631,630,TRUE,348,0.960230078148983,-0.0405823584967365,-0.122942986758149,0.884314078736055
260,0.8,"Staggered entry, time-on-study order",631,630,TRUE,348,0.960230078148983,-0.0405823584967365,-0.122942986758149,0.884314078736055
260,0.8,"Staggered entry, calendar-event order",631,630,TRUE,434,0.793022867280226,-0.231903221344102,-0.126162325293762,0.881471750008854
261,0.8,"Simultaneous entry, time-on-study order",631,623,TRUE,155,4093.19137001569,8.31708023083934,-0.353850203987078,0.701980113302099
261,0.8,"Staggered entry, time-on-study order",631,623,TRUE,155,4093.19137001569,8.31708023083934,-0.353850203987078,0.701980113302099
261,0.8,"Staggered entry, calendar-event order",631,625,TRUE,149,1597.98636511845,7.37649959382326,-0.346097056971567,0.707443821419453
262,0.8,"Simultaneous entry, time-on-study order",631,630,TRUE,278,43.235296026828,3.76665719931455,-0.243690437809254,0.783730209955542
262,0.8,"Staggered entry, time-on-study order",631,630,TRUE,278,43.235296026828,3.76665719931455,-0.243690437809254,0.783730209955542
262,0.8,"Staggered entry, calendar-event order",631,630,TRUE,151,83.8294434719325,4.42878429985799,-0.253184516202409,0.77632462413598
263,0.8,"Simultaneous entry, time-on-study order",631,629,TRUE,551,20.2111758077185,3.00623570922433,-0.246131149927749,0.781819682606528
263,0.8,"Staggered entry, time-on-study order",631,629,TRUE,551,20.2111758077185,3.00623570922433,-0.246131149927749,0.781819682606528
263,0.8,"Staggered entry, calendar-event order",631,629,TRUE,523,28.2287895192363,3.34034236211249,-0.250322063846539,0.778549999881788
264,0.8,"Simultaneous entry, time-on-study order",631,624,FALSE,NA,4.35377459096507,1.47104319090838,-0.162052216537816,0.850396798604288
264,0.8,"Staggered entry, time-on-study order",631,624,FALSE,NA,4.35377459096507,1.47104319090838,-0.162052216537816,0.850396798604288
264,0.8,"Staggered entry, calendar-event order",631,624,FALSE,NA,2.93798285152253,1.07772324094858,-0.163992106937591,0.848748721080393
265,0.8,"Simultaneous entry, time-on-study order",631,628,TRUE,179,3.89973430388751,1.36090842360651,-0.181823006811162,0.833748895232909
265,0.8,"Staggered entry, time-on-study order",631,628,TRUE,179,3.89973430388751,1.36090842360651,-0.181823006811162,0.833748895232909
265,0.8,"Staggered entry, calendar-event order",631,627,TRUE,195,5.1930856244554,1.64732805316365,-0.187760032231503,0.828813571914522
266,0.8,"Simultaneous entry, time-on-study order",631,630,TRUE,190,16343.8404946572,9.70160637719,-0.398935194206009,0.671034186847648
266,0.8,"Staggered entry, time-on-study order",631,630,TRUE,190,16343.8404946572,9.70160637719,-0.398935194206009,0.671034186847648
266,0.8,"Staggered entry, calendar-event order",631,630,TRUE,154,22100.0352382497,10.0033344819955,-0.401879225177013,0.669061546600749
267,0.8,"Simultaneous entry, time-on-study order",631,630,TRUE,274,2615.23514072537,7.86910929242792,-0.358447131860793,0.69876056703301
267,0.8,"Staggered entry, time-on-study order",631,630,TRUE,274,2615.23514072537,7.86910929242792,-0.358447131860793,0.69876056703301
267,0.8,"Staggered entry, calendar-event order",631,630,TRUE,318,2249.76387134158,7.71858054362083,-0.353568510501157,0.702177884381366
268,0.8,"Simultaneous entry, time-on-study order",631,623,FALSE,NA,1.62162493096241,0.483428690335949,-0.160022273828264,0.852124808673183
268,0.8,"Staggered entry, time-on-study order",631,623,FALSE,NA,1.62162493096241,0.483428690335949,-0.160022273828264,0.852124808673183
268,0.8,"Staggered entry, calendar-event order",631,623,FALSE,NA,2.73191700394288,1.00500356201681,-0.155386560283221,0.856084185368375
269,0.8,"Simultaneous entry, time-on-study order",631,629,TRUE,548,38.2914639432011,3.64522699780094,-0.239986056468823,0.786638829513128
269,0.8,"Staggered entry, time-on-study order",631,629,TRUE,548,38.2914639432011,3.64522699780094,-0.239986056468823,0.786638829513128
269,0.8,"Staggered entry, calendar-event order",631,628,TRUE,543,48.0703306282141,3.87266515993951,-0.245496389378077,0.782316108437103
270,0.8,"Simultaneous entry, time-on-study order",631,627,FALSE,NA,4.61578423216065,1.52948178464722,-0.187539516373615,0.828996358603302
270,0.8,"Staggered entry, time-on-study order",631,627,FALSE,NA,4.61578423216065,1.52948178464722,-0.187539516373615,0.828996358603302
270,0.8,"Staggered entry, calendar-event order",631,626,TRUE,278,7.73991871579182,2.04639118571081,-0.192134974358024,0.825195480744349
271,0.8,"Simultaneous entry, time-on-study order",631,629,FALSE,NA,1.2750339934934,0.24297283981843,-0.140651088792883,0.868792390222452
271,0.8,"Staggered entry, time-on-study order",631,629,FALSE,NA,1.2750339934934,0.24297283981843,-0.140651088792883,0.868792390222452
271,0.8,"Staggered entry, calendar-event order",631,629,FALSE,NA,0.966589922485996,-0.0339809453590047,-0.14127431087981,0.868251108302856
272,0.8,"Simultaneous entry, time-on-study order",631,626,TRUE,250,263.273693396523,5.57319415036962,-0.296026266650785,0.74376789147213
272,0.8,"Staggered entry, time-on-study order",631,626,TRUE,250,263.273693396523,5.57319415036962,-0.296026266650785,0.74376789147213
272,0.8,"Staggered entry, calendar-event order",631,625,TRUE,276,213.770873591871,5.36490475727998,-0.296534107163901,0.743390271897861
273,0.8,"Simultaneous entry, time-on-study order",631,624,FALSE,NA,3.59379150753351,1.27920777541919,-0.179695425437525,0.835524652216592
273,0.8,"Staggered entry, time-on-study order",631,624,FALSE,NA,3.59379150753351,1.27920777541919,-0.179695425437525,0.835524652216592
273,0.8,"Staggered entry, calendar-event order",631,624,FALSE,NA,1.81492919011209,0.596046453243411,-0.182354802218182,0.833305629273663
274,0.8,"Simultaneous entry, time-on-study order",631,629,TRUE,526,17.9961313833742,2.890156811651,-0.212078356115391,0.808901312718638
274,0.8,"Staggered entry, time-on-study order",631,629,TRUE,526,17.9961313833742,2.890156811651,-0.212078356115391,0.808901312718638
274,0.8,"Staggered entry, calendar-event order",631,628,FALSE,NA,15.3588746316865,2.73169345886919,-0.209000907760674,0.81139449909106
275,0.8,"Simultaneous entry, time-on-study order",631,627,FALSE,NA,2.48830007941377,0.911599778300901,-0.169921451820108,0.843731087534863
275,0.8,"Staggered entry, time-on-study order",631,627,FALSE,NA,2.48830007941377,0.911599778300901,-0.169921451820108,0.843731087534863
275,0.8,"Staggered entry, calendar-event order",631,627,FALSE,NA,3.25351760327068,1.17973675050248,-0.158229266073796,0.853654045620068
276,0.8,"Simultaneous entry, time-on-study order",631,629,FALSE,NA,3.25845491454768,1.18125313043485,-0.172060760856012,0.841928015347406
276,0.8,"Staggered entry, time-on-study order",631,629,FALSE,NA,3.25845491454768,1.18125313043485,-0.172060760856012,0.841928015347406
276,0.8,"Staggered entry, calendar-event order",631,629,FALSE,NA,1.5654567524829,0.448177636032504,-0.171206432465852,0.842647605692852
277,0.8,"Simultaneous entry, time-on-study order",631,629,TRUE,146,2270.97156795463,7.72796302241232,-0.35303548852138,0.702552260393913
277,0.8,"Staggered entry, time-on-study order",631,629,TRUE,146,2270.97156795463,7.72796302241232,-0.35303548852138,0.702552260393913
277,0.8,"Staggered entry, calendar-event order",631,629,TRUE,144,1353.89067606782,7.21073770875589,-0.351553762117931,0.703594022240359
278,0.8,"Simultaneous entry, time-on-study order",631,626,FALSE,NA,3.04160937729873,1.11238677576238,-0.197690478824703,0.820623814280101
278,0.8,"Staggered entry, time-on-study order",631,626,FALSE,NA,3.04160937729873,1.11238677576238,-0.197690478824703,0.820623814280101
278,0.8,"Staggered entry, calendar-event order",631,625,FALSE,NA,10.2101338234545,2.3233807391871,-0.206334858324969,0.813560603124691
279,0.8,"Simultaneous entry, time-on-study order",631,628,TRUE,198,20.2445408675204,3.00788517041838,-0.237288178757525,0.788763950247062
279,0.8,"Staggered entry, time-on-study order",631,628,TRUE,198,20.2445408675204,3.00788517041838,-0.237288178757525,0.788763950247062
279,0.8,"Staggered entry, calendar-event order",631,628,TRUE,216,29.4170635076283,3.38157489739861,-0.233997583282587,0.791363728395776
280,0.8,"Simultaneous entry, time-on-study order",631,630,TRUE,155,185.948625479634,5.22547042846225,-0.295679834380974,0.74402560130791
280,0.8,"Staggered entry, time-on-study order",631,630,TRUE,155,185.948625479634,5.22547042846225,-0.295679834380974,0.74402560130791
280,0.8,"Staggered entry, calendar-event order",631,630,TRUE,212,265.723145296699,5.58245495961054,-0.29615045725198,0.743675528225981
281,0.8,"Simultaneous entry, time-on-study order",631,626,TRUE,125,428.73647327615,6.06084244877232,-0.293422033503146,0.745707360788264
281,0.8,"Staggered entry, time-on-study order",631,626,TRUE,125,428.73647327615,6.06084244877232,-0.293422033503146,0.745707360788264
281,0.8,"Staggered entry, calendar-event order",631,626,TRUE,189,371.970635128529,5.91881491333086,-0.288535535967895,0.749360175435213
282,0.8,"Simultaneous entry, time-on-study order",631,630,TRUE,435,25.3553256222185,3.2329887916894,-0.218501790701895,0.803722040216787
282,0.8,"Staggered entry, time-on-study order",631,630,TRUE,435,25.3553256222185,3.2329887916894,-0.218501790701895,0.803722040216787
282,0.8,"Staggered entry, calendar-event order",631,630,TRUE,449,23.321915508685,3.14939349827557,-0.21882590072319,0.803461588059074
283,0.8,"Simultaneous entry, time-on-study order",631,625,TRUE,258,18.4073481045542,2.91274993840293,-0.215228254709532,0.806357364304065
283,0.8,"Staggered entry, time-on-study order",631,625,TRUE,258,18.4073481045542,2.91274993840293,-0.215228254709532,0.806357364304065
283,0.8,"Staggered entry, calendar-event order",631,626,TRUE,286,11.0071195302927,2.39854229346195,-0.21827474564163,0.80390454205313
284,0.8,"Simultaneous entry, time-on-study order",631,627,FALSE,NA,0.226811074473346,-1.48363787907309,-0.130796415790799,0.877396380257991
284,0.8,"Staggered entry, time-on-study order",631,627,FALSE,NA,0.226811074473346,-1.48363787907309,-0.130796415790799,0.877396380257991
284,0.8,"Staggered entry, calendar-event order",631,627,FALSE,NA,0.12921103901376,-2.04630825000056,-0.131341317107321,0.876918416048766
285,0.8,"Simultaneous entry, time-on-study order",631,625,TRUE,566,89.0199895826348,4.48886094656495,-0.258698501585992,0.772055761544427
285,0.8,"Staggered entry, time-on-study order",631,625,TRUE,566,89.0199895826348,4.48886094656495,-0.258698501585992,0.772055761544427
285,0.8,"Staggered entry, calendar-event order",631,623,TRUE,588,56.9063639121914,4.04140717867773,-0.253102820535127,0.776388049084913
286,0.8,"Simultaneous entry, time-on-study order",631,629,TRUE,570,16.3418463230339,2.79372907711423,-0.239185120502805,0.787269129225111
286,0.8,"Staggered entry, time-on-study order",631,629,TRUE,570,16.3418463230339,2.79372907711423,-0.239185120502805,0.787269129225111
286,0.8,"Staggered entry, calendar-event order",631,629,TRUE,539,21.1403261357976,3.05118240774965,-0.241287728225502,0.785615550097484
287,0.8,"Simultaneous entry, time-on-study order",631,630,FALSE,NA,0.0195503251653534,-3.93476336019019,-0.103654907394492,0.901536357276383
287,0.8,"Staggered entry, time-on-study order",631,630,FALSE,NA,0.0195503251653534,-3.93476336019019,-0.103654907394492,0.901536357276383
287,0.8,"Staggered entry, calendar-event order",631,630,FALSE,NA,0.186276089282193,-1.68052535484937,-0.111556485289168,0.894440867225316
288,0.8,"Simultaneous entry, time-on-study order",631,630,FALSE,NA,0.740378925287862,-0.300593162642706,-0.118250522853842,0.888473441829027
288,0.8,"Staggered entry, time-on-study order",631,630,FALSE,NA,0.740378925287862,-0.300593162642706,-0.118250522853842,0.888473441829027
288,0.8,"Staggered entry, calendar-event order",631,630,FALSE,NA,0.327547539803621,-1.11612207473577,-0.111301154266914,0.89466927488483
289,0.8,"Simultaneous entry, time-on-study order",631,628,TRUE,309,76.146346721275,4.33265710342048,-0.267953641743562,0.764943241715871
289,0.8,"Staggered entry, time-on-study order",631,628,TRUE,309,76.146346721275,4.33265710342048,-0.267953641743562,0.764943241715871
289,0.8,"Staggered entry, calendar-event order",631,628,TRUE,225,168.620687069597,5.12765173714876,-0.268475566801681,0.764544102839333
290,0.8,"Simultaneous entry, time-on-study order",631,624,TRUE,158,11452.619149492,9.34597372950437,-0.420361538726651,0.656809314880674
290,0.8,"Staggered entry, time-on-study order",631,624,TRUE,158,11452.619149492,9.34597372950437,-0.420361538726651,0.656809314880674
290,0.8,"Staggered entry, calendar-event order",631,626,TRUE,171,23339.8397118389,10.0579170382865,-0.414138028386301,0.660909720667617
291,0.8,"Simultaneous entry, time-on-study order",631,628,TRUE,214,563.084625065363,6.33342992779504,-0.298049655396147,0.742264481395805
291,0.8,"Staggered entry, time-on-study order",631,628,TRUE,214,563.084625065363,6.33342992779504,-0.298049655396147,0.742264481395805
291,0.8,"Staggered entry, calendar-event order",631,628,TRUE,177,781.275934209374,6.66092839628764,-0.298708956762036,0.74177526669705
292,0.8,"Simultaneous entry, time-on-study order",631,621,TRUE,301,4938.65343909441,8.50484798984515,-0.390823174921675,0.676499767588207
292,0.8,"Staggered entry, time-on-study order",631,621,TRUE,301,4938.65343909441,8.50484798984515,-0.390823174921675,0.676499767588207
292,0.8,"Staggered entry, calendar-event order",631,624,TRUE,419,1092.57966963906,6.99629684846565,-0.390224532153321,0.676904870525741
293,0.8,"Simultaneous entry, time-on-study order",631,630,FALSE,NA,1.12865041674445,0.121022597488909,-0.136332196226867,0.872552725615209
293,0.8,"Staggered entry, time-on-study order",631,630,FALSE,NA,1.12865041674445,0.121022597488909,-0.136332196226867,0.872552725615209
293,0.8,"Staggered entry, calendar-event order",631,630,FALSE,NA,0.573544049329325,-0.555920537464598,-0.137126569970017,0.871859867870901
294,0.8,"Simultaneous entry, time-on-study order",631,630,TRUE,159,96.7740066965572,4.57237843236099,-0.291377882117478,0.747233258574823
294,0.8,"Staggered entry, time-on-study order",631,630,TRUE,159,96.7740066965572,4.57237843236099,-0.291377882117478,0.747233258574823
294,0.8,"Staggered entry, calendar-event order",631,630,TRUE,338,79.2909426750259,4.37312390616591,-0.291488826242405,0.747150362033361
295,0.8,"Simultaneous entry, time-on-study order",631,628,TRUE,558,41.7780131518576,3.73237019999184,-0.229254101367902,0.795126465110814
295,0.8,"Staggered entry, time-on-study order",631,628,TRUE,558,41.7780131518576,3.73237019999184,-0.229254101367902,0.795126465110814
295,0.8,"Staggered entry, calendar-event order",631,628,TRUE,573,43.1468757957409,3.76461001156499,-0.230539217474573,0.794105291587472
296,0.8,"Simultaneous entry, time-on-study order",631,626,TRUE,381,641.824098704689,6.46431427659141,-0.339170672110256,0.712360858582435
296,0.8,"Staggered entry, time-on-study order",631,626,TRUE,381,641.824098704689,6.46431427659141,-0.339170672110256,0.712360858582435
296,0.8,"Staggered entry, calendar-event order",631,625,TRUE,198,1820.23411665609,7.50672040732333,-0.337597464850995,0.713482431858658
297,0.8,"Simultaneous entry, time-on-study order",631,629,FALSE,NA,7.13147574464718,1.96451818981832,-0.174665999639038,0.839737446545704
297,0.8,"Staggered entry, time-on-study order",631,629,FALSE,NA,7.13147574464718,1.96451818981832,-0.174665999639038,0.839737446545704
297,0.8,"Staggered entry, calendar-event order",631,629,FALSE,NA,5.33366642933309,1.67403888712136,-0.175081002645125,0.839389025284
298,0.8,"Simultaneous entry, time-on-study order",631,630,TRUE,355,921.8987315281,6.8264353818714,-0.31196380648273,0.732008021693839
298,0.8,"Staggered entry, time-on-study order",631,630,TRUE,355,921.8987315281,6.8264353818714,-0.31196380648273,0.732008021693839
298,0.8,"Staggered entry, calendar-event order",631,630,TRUE,334,321.946603696361,5.77438570476365,-0.313021085380169,0.73123449404903
299,0.8,"Simultaneous entry, time-on-study order",631,629,TRUE,338,251.896103049775,5.52901671301173,-0.30347714528715,0.738246761356736
299,0.8,"Staggered entry, time-on-study order",631,629,TRUE,338,251.896103049775,5.52901671301173,-0.30347714528715,0.738246761356736
299,0.8,"Staggered entry, calendar-event order",631,629,TRUE,214,557.701366451169,6.32382363354701,-0.302746269019521,0.738786525620683
300,0.8,"Simultaneous entry, time-on-study order",631,630,TRUE,258,3057.03763444986,8.0252016327244,-0.367364443658304,0.692557200966459
300,0.8,"Staggered entry, time-on-study order",631,630,TRUE,258,3057.03763444986,8.0252016327244,-0.367364443658304,0.692557200966459
300,0.8,"Staggered entry, calendar-event order",631,630,TRUE,216,1470.25573596334,7.29319163468484,-0.360316917361224,0.697455255363207
301,0.8,"Simultaneous entry, time-on-study order",631,626,TRUE,225,73.2588310535992,4.29399880108904,-0.250140354894959,0.778691482239936
301,0.8,"Staggered entry, time-on-study order",631,626,TRUE,225,73.2588310535992,4.29399880108904,-0.250140354894959,0.778691482239936
301,0.8,"Staggered entry, calendar-event order",631,628,TRUE,177,121.628691575564,4.80097289215707,-0.255075451192766,0.774858031792714
302,0.8,"Simultaneous entry, time-on-study order",631,629,FALSE,NA,0.0492784746378915,-3.01026791320079,-0.114454435023596,0.891852574733845
302,0.8,"Staggered entry, time-on-study order",631,629,FALSE,NA,0.0492784746378915,-3.01026791320079,-0.114454435023596,0.891852574733845
302,0.8,"Staggered entry, calendar-event order",631,629,FALSE,NA,0.182980868389849,-1.69837367592362,-0.110413285247498,0.895463976760005
303,0.8,"Simultaneous entry, time-on-study order",631,629,FALSE,NA,0.117438509876133,-2.14184040258085,-0.128424797269819,0.87947969920607
303,0.8,"Staggered entry, time-on-study order",631,629,FALSE,NA,0.117438509876133,-2.14184040258085,-0.128424797269819,0.87947969920607
303,0.8,"Staggered entry, calendar-event order",631,629,FALSE,NA,0.0957333813851711,-2.34618822854206,-0.122220173733196,0.884953503534763
304,0.8,"Simultaneous entry, time-on-study order",631,625,TRUE,287,8834.17333820612,9.08638281367623,-0.38714546350546,0.678992319139752
304,0.8,"Staggered entry, time-on-study order",631,625,TRUE,287,8834.17333820612,9.08638281367623,-0.38714546350546,0.678992319139752
304,0.8,"Staggered entry, calendar-event order",631,624,TRUE,228,7339.04090713339,8.90096344646786,-0.39224030331703,0.675541759528646
305,0.8,"Simultaneous entry, time-on-study order",631,629,FALSE,NA,2.152310068603,0.766541715843772,-0.160288028218301,0.851898382852578
305,0.8,"Staggered entry, time-on-study order",631,629,FALSE,NA,2.152310068603,0.766541715843772,-0.160288028218301,0.851898382852578
305,0.8,"Staggered entry, calendar-event order",631,629,FALSE,NA,1.40060574540717,0.336904818335087,-0.150189590315112,0.860544809996464
306,0.8,"Simultaneous entry, time-on-study order",631,627,TRUE,142,265.650561130489,5.58218176518717,-0.335848172755675,0.714731613309933
306,0.8,"Staggered entry, time-on-study order",631,627,TRUE,142,265.650561130489,5.58218176518717,-0.335848172755675,0.714731613309933
306,0.8,"Staggered entry, calendar-event order",631,627,TRUE,122,781.257375160203,6.66090464121111,-0.333638145024654,0.71631293673627
307,0.8,"Simultaneous entry, time-on-study order",631,625,TRUE,612,24.4730373548138,3.1975719954081,-0.235827910909095,0.789916598266206
307,0.8,"Staggered entry, time-on-study order",631,625,TRUE,612,24.4730373548138,3.1975719954081,-0.235827910909095,0.789916598266206
307,0.8,"Staggered entry, calendar-event order",631,626,TRUE,282,33.9539780142523,3.52500601987254,-0.233950855369206,0.791400708035513
308,0.8,"Simultaneous entry, time-on-study order",631,630,FALSE,NA,0.113538837688611,-2.17561031831317,-0.152801851369087,0.858299775888351
308,0.8,"Staggered entry, time-on-study order",631,630,FALSE,NA,0.113538837688611,-2.17561031831317,-0.152801851369087,0.858299775888351
308,0.8,"Staggered entry, calendar-event order",631,630,FALSE,NA,1.51092146333659,0.412719705326001,-0.146820651545596,0.863448821741996
309,0.8,"Simultaneous entry, time-on-study order",631,626,TRUE,483,25.1921394956217,3.22653202108181,-0.21846978936608,0.803747760807242
309,0.8,"Staggered entry, time-on-study order",631,626,TRUE,483,25.1921394956217,3.22653202108181,-0.21846978936608,0.803747760807242
309,0.8,"Staggered entry, calendar-event order",631,627,FALSE,NA,10.3862959371412,2.34048723886764,-0.216917984336169,0.804995988878054
310,0.8,"Simultaneous entry, time-on-study order",631,629,FALSE,NA,0.64565478488145,-0.437490306764487,-0.133426975720155,0.875091369561502
310,0.8,"Staggered entry, time-on-study order",631,629,FALSE,NA,0.64565478488145,-0.437490306764487,-0.133426975720155,0.875091369561502
310,0.8,"Staggered entry, calendar-event order",631,628,FALSE,NA,0.602353350229285,-0.506911045353498,-0.131347490612143,0.876913002405406
311,0.8,"Simultaneous entry, time-on-study order",631,630,TRUE,344,281.451984452103,5.63996186270096,-0.279976171403189,0.755801750936346
311,0.8,"Staggered entry, time-on-study order",631,630,TRUE,344,281.451984452103,5.63996186270096,-0.279976171403189,0.755801750936346
311,0.8,"Staggered entry, calendar-event order",631,630,TRUE,433,110.006772801415,4.70054193481896,-0.277920799432254,0.757356802227774
312,0.8,"Simultaneous entry, time-on-study order",631,630,TRUE,265,108.48165442005,4.68658107499808,-0.252680826305073,0.776715749500888
312,0.8,"Staggered entry, time-on-study order",631,630,TRUE,265,108.48165442005,4.68658107499808,-0.252680826305073,0.776715749500888
312,0.8,"Staggered entry, calendar-event order",631,630,TRUE,331,41.1566555437529,3.71738565265362,-0.247400190891482,0.780828150683431
313,0.8,"Simultaneous entry, time-on-study order",631,629,TRUE,142,6.6511649565029,1.8947920207543,-0.211769977257469,0.809150799247834
313,0.8,"Staggered entry, time-on-study order",631,629,TRUE,142,6.6511649565029,1.8947920207543,-0.211769977257469,0.809150799247834
313,0.8,"Staggered entry, calendar-event order",631,629,FALSE,NA,9.49946232917191,2.25123520007556,-0.205997228525909,0.813835331803331
314,0.8,"Simultaneous entry, time-on-study order",631,630,FALSE,NA,0.0398889127680027,-3.22165686918952,-0.133733324509243,0.874823327439381
314,0.8,"Staggered entry, time-on-study order",631,630,FALSE,NA,0.0398889127680027,-3.22165686918952,-0.133733324509243,0.874823327439381
314,0.8,"Staggered entry, calendar-event order",631,630,FALSE,NA,0.109551624633939,-2.21135938298272,-0.132274392418868,0.876100566741346
315,0.8,"Simultaneous entry, time-on-study order",631,628,FALSE,NA,2.87428354219158,1.05580344047719,-0.167334554772979,0.84591655856929
315,0.8,"Staggered entry, time-on-study order",631,628,FALSE,NA,2.87428354219158,1.05580344047719,-0.167334554772979,0.84591655856929
315,0.8,"Staggered entry, calendar-event order",631,629,FALSE,NA,0.261256693486113,-1.34225185503185,-0.163011357681629,0.849581539083155
316,0.8,"Simultaneous entry, time-on-study order",631,630,FALSE,NA,0.00575664753247899,-5.15739999932828,-0.044690154248141,0.956293739486351
316,0.8,"Staggered entry, time-on-study order",631,630,FALSE,NA,0.00575664753247899,-5.15739999932828,-0.044690154248141,0.956293739486351
316,0.8,"Staggered entry, calendar-event order",631,630,FALSE,NA,0.00185566600313247,-6.28951161602081,-0.0433005825517827,0.957623501886272
317,0.8,"Simultaneous entry, time-on-study order",631,629,FALSE,NA,15.9514349315956,2.76954878954767,-0.214212616449324,0.807176747722794
317,0.8,"Staggered entry, time-on-study order",631,629,FALSE,NA,15.9514349315956,2.76954878954767,-0.214212616449324,0.807176747722794
317,0.8,"Staggered entry, calendar-event order",631,630,TRUE,616,15.8118057473359,2.76075686021705,-0.214411624815439,0.80701612877985
318,0.8,"Simultaneous entry, time-on-study order",631,623,TRUE,619,25.90739860177,3.25452858821236,-0.239082270660844,0.787350103894677
318,0.8,"Staggered entry, time-on-study order",631,623,TRUE,619,25.90739860177,3.25452858821236,-0.239082270660844,0.787350103894677
318,0.8,"Staggered entry, calendar-event order",631,623,TRUE,416,65.4033475569734,4.18057344303964,-0.243534142748897,0.783852712689047
319,0.8,"Simultaneous entry, time-on-study order",631,630,TRUE,369,555.110323680634,6.31916687539858,-0.333142561594269,0.716668017537499
319,0.8,"Staggered entry, time-on-study order",631,630,TRUE,369,555.110323680634,6.31916687539858,-0.333142561594269,0.716668017537499
319,0.8,"Staggered entry, calendar-event order",631,630,TRUE,403,588.855414481645,6.37818067725529,-0.335490614923281,0.714987216890139
320,0.8,"Simultaneous entry, time-on-study order",631,627,TRUE,326,1447.06771159415,7.27729452000393,-0.37008641047925,0.690674646531513
320,0.8,"Staggered entry, time-on-study order",631,627,TRUE,326,1447.06771159415,7.27729452000393,-0.37008641047925,0.690674646531513
320,0.8,"Staggered entry, calendar-event order",631,628,TRUE,260,3747.52334448079,8.22885045930513,-0.365593365207529,0.693784860921163
321,0.8,"Simultaneous entry, time-on-study order",631,629,TRUE,602,13.8597512181943,2.62898904397543,-0.267082585109509,0.765609840881907
321,0.8,"Staggered entry, time-on-study order",631,629,TRUE,602,13.8597512181943,2.62898904397543,-0.267082585109509,0.765609840881907
321,0.8,"Staggered entry, calendar-event order",631,629,TRUE,466,181.213668187473,5.19967682226226,-0.267542271118876,0.765257981628004
322,0.8,"Simultaneous entry, time-on-study order",631,630,TRUE,198,23.8674843863221,3.1725170467083,-0.215040344637289,0.806508901211855
322,0.8,"Staggered entry, time-on-study order",631,630,TRUE,198,23.8674843863221,3.1725170467083,-0.215040344637289,0.806508901211855
322,0.8,"Staggered entry, calendar-event order",631,630,TRUE,237,27.1811329414184,3.30252309076151,-0.213104661218868,0.808071559036237
323,0.8,"Simultaneous entry, time-on-study order",631,630,FALSE,NA,0.656077681127356,-0.421476080696034,-0.1178286730929,0.888848323204316
323,0.8,"Staggered entry, time-on-study order",631,630,FALSE,NA,0.656077681127356,-0.421476080696034,-0.1178286730929,0.888848323204316
323,0.8,"Staggered entry, calendar-event order",631,627,FALSE,NA,0.81853486451275,-0.200239287460827,-0.121957367386546,0.885186105495278
324,0.8,"Simultaneous entry, time-on-study order",631,628,FALSE,NA,0.536057788209004,-0.623513309900058,-0.157993054992765,0.853855711981987
324,0.8,"Staggered entry, time-on-study order",631,628,FALSE,NA,0.536057788209004,-0.623513309900058,-0.157993054992765,0.853855711981987
324,0.8,"Staggered entry, calendar-event order",631,628,FALSE,NA,0.701346760568995,-0.354752848677919,-0.160555452836898,0.851670594711897
325,0.8,"Simultaneous entry, time-on-study order",631,630,FALSE,NA,0.924508870126696,-0.0784926336886037,-0.16653490905342,0.846593262650156
325,0.8,"Staggered entry, time-on-study order",631,630,FALSE,NA,0.924508870126696,-0.0784926336886037,-0.16653490905342,0.846593262650156
325,0.8,"Staggered entry, calendar-event order",631,630,FALSE,NA,5.23107361384816,1.65461653690428,-0.166510552475658,0.84661388301591
326,0.8,"Simultaneous entry, time-on-study order",631,629,FALSE,NA,0.901709855271861,-0.103462478878845,-0.137035924742394,0.87193890138903
326,0.8,"Staggered entry, time-on-study order",631,629,FALSE,NA,0.901709855271861,-0.103462478878845,-0.137035924742394,0.87193890138903
326,0.8,"Staggered entry, calendar-event order",631,628,FALSE,NA,1.1211398267963,0.1143458702956,-0.142846293017345,0.866887305287542
327,0.8,"Simultaneous entry, time-on-study order",631,627,TRUE,395,16.9212991830581,2.82857313509903,-0.19825440788104,0.820161171128124
327,0.8,"Staggered entry, time-on-study order",631,627,TRUE,395,16.9212991830581,2.82857313509903,-0.19825440788104,0.820161171128124
327,0.8,"Staggered entry, calendar-event order",631,628,FALSE,NA,8.74967221665663,2.16901623871432,-0.203362388347122,0.815982485295432
328,0.8,"Simultaneous entry, time-on-study order",631,626,TRUE,198,2885.46754947996,7.96744222802297,-0.366169341061221,0.693385372652458
328,0.8,"Staggered entry, time-on-study order",631,626,TRUE,198,2885.46754947996,7.96744222802297,-0.366169341061221,0.693385372652458
328,0.8,"Staggered entry, calendar-event order",631,626,TRUE,263,3574.91923321254,8.18169786276452,-0.366443692010272,0.693195167810045
329,0.8,"Simultaneous entry, time-on-study order",631,630,FALSE,NA,0.0211152443176964,-3.85776001985113,-0.0956039351763783,0.908823897972574
329,0.8,"Staggered entry, time-on-study order",631,630,FALSE,NA,0.0211152443176964,-3.85776001985113,-0.0956039351763783,0.908823897972574
329,0.8,"Staggered entry, calendar-event order",631,630,FALSE,NA,0.0491580727962541,-3.01271419773269,-0.104864056030646,0.900446924595292
330,0.8,"Simultaneous entry, time-on-study order",631,630,FALSE,NA,0.16414637760823,-1.80699670284897,-0.119611599251771,0.887264984185314
330,0.8,"Staggered entry, time-on-study order",631,630,FALSE,NA,0.16414637760823,-1.80699670284897,-0.119611599251771,0.887264984185314
330,0.8,"Staggered entry, calendar-event order",631,630,FALSE,NA,0.00688175416814247,-4.97888169323549,-0.120047147126559,0.88687862195281
331,0.8,"Simultaneous entry, time-on-study order",631,627,TRUE,315,32.4927390623515,3.48101665090908,-0.225124682427504,0.798416664025313
331,0.8,"Staggered entry, time-on-study order",631,627,TRUE,315,32.4927390623515,3.48101665090908,-0.225124682427504,0.798416664025313
331,0.8,"Staggered entry, calendar-event order",631,627,TRUE,409,10.1743347947715,2.31986835275629,-0.219529186467025,0.802896723632305
332,0.8,"Simultaneous entry, time-on-study order",631,626,TRUE,229,988.391885599904,6.89607926444893,-0.313024827224834,0.731231757888259
332,0.8,"Staggered entry, time-on-study order",631,626,TRUE,229,988.391885599904,6.89607926444893,-0.313024827224834,0.731231757888259
332,0.8,"Staggered entry, calendar-event order",631,627,TRUE,205,647.888897103503,6.47371922656498,-0.310179825007739,0.733315075977748
333,0.8,"Simultaneous entry, time-on-study order",631,629,FALSE,NA,0.251844134719466,-1.37894489584679,-0.0956715204142824,0.908762476968817
333,0.8,"Staggered entry, time-on-study order",631,629,FALSE,NA,0.251844134719466,-1.37894489584679,-0.0956715204142824,0.908762476968817
333,0.8,"Staggered entry, calendar-event order",631,629,FALSE,NA,0.16570263189012,-1.79756047121094,-0.0928102129144723,0.911366449466154
334,0.8,"Simultaneous entry, time-on-study order",631,625,TRUE,107,41.9574284818333,3.73665549666042,-0.245120333551953,0.782610358291269
334,0.8,"Staggered entry, time-on-study order",631,625,TRUE,107,41.9574284818333,3.73665549666042,-0.245120333551953,0.782610358291269
334,0.8,"Staggered entry, calendar-event order",631,626,TRUE,346,67.7609136011594,4.21598553315077,-0.243252667427882,0.784073378937574
335,0.8,"Simultaneous entry, time-on-study order",631,630,FALSE,NA,0.247832050487808,-1.39500397800631,-0.108971380866989,0.896756081512568
335,0.8,"Staggered entry, time-on-study order",631,630,FALSE,NA,0.247832050487808,-1.39500397800631,-0.108971380866989,0.896756081512568
335,0.8,"Staggered entry, calendar-event order",631,630,FALSE,NA,0.113236229788437,-2.17827911328389,-0.107767594150051,0.897836234578345
336,0.8,"Simultaneous entry, time-on-study order",631,629,TRUE,220,12.6658215263004,2.53890714722443,-0.187480147598478,0.829045576562697
336,0.8,"Staggered entry, time-on-study order",631,629,TRUE,220,12.6658215263004,2.53890714722443,-0.187480147598478,0.829045576562697
336,0.8,"Staggered entry, calendar-event order",631,629,TRUE,407,6.65347152993431,1.8951387530317,-0.191701726147887,0.825553072666831
337,0.8,"Simultaneous entry, time-on-study order",631,625,TRUE,401,152.806994481294,5.0291756510859,-0.266261042968692,0.766239080067479
337,0.8,"Staggered entry, time-on-study order",631,625,TRUE,401,152.806994481294,5.0291756510859,-0.266261042968692,0.766239080067479
337,0.8,"Staggered entry, calendar-event order",631,625,TRUE,438,123.568498012147,4.81679564208671,-0.265425020064553,0.766879941338485
338,0.8,"Simultaneous entry, time-on-study order",631,630,TRUE,163,17383.927553482,9.76330135450248,-0.419995034793067,0.657050082196581
338,0.8,"Staggered entry, time-on-study order",631,630,TRUE,163,17383.927553482,9.76330135450248,-0.419995034793067,0.657050082196581
338,0.8,"Staggered entry, calendar-event order",631,630,TRUE,163,10181.3513904872,9.22831303085077,-0.418729830350839,0.65788191098512
339,0.8,"Simultaneous entry, time-on-study order",631,627,FALSE,NA,0.180520536087719,-1.71191073434173,-0.13731114340437,0.871698960550878
339,0.8,"Staggered entry, time-on-study order",631,627,FALSE,NA,0.180520536087719,-1.71191073434173,-0.13731114340437,0.871698960550878
339,0.8,"Staggered entry, calendar-event order",631,629,TRUE,503,1.0091317674882,0.00909032500382546,-0.126346868543458,0.881309095356463
340,0.8,"Simultaneous entry, time-on-study order",631,630,TRUE,211,2.15059451822522,0.765744324019685,-0.150060203855301,0.860656160046377
340,0.8,"Staggered entry, time-on-study order",631,630,TRUE,211,2.15059451822522,0.765744324019685,-0.150060203855301,0.860656160046377
340,0.8,"Staggered entry, calendar-event order",631,630,FALSE,NA,1.87252508907081,0.627287835022179,-0.145687976229686,0.864427383000404
341,0.8,"Simultaneous entry, time-on-study order",631,630,FALSE,NA,2.2434436933226,0.808012048424541,-0.182302971890694,0.833348820896634
341,0.8,"Staggered entry, time-on-study order",631,630,FALSE,NA,2.2434436933226,0.808012048424541,-0.182302971890694,0.833348820896634
341,0.8,"Staggered entry, calendar-event order",631,630,FALSE,NA,6.55429682742925,1.88012083875814,-0.188517842601319,0.828185726319078
342,0.8,"Simultaneous entry, time-on-study order",631,625,TRUE,217,3593.60936492949,8.18691237054292,-0.40279817349818,0.668446996029098
342,0.8,"Staggered entry, time-on-study order",631,625,TRUE,217,3593.60936492949,8.18691237054292,-0.40279817349818,0.668446996029098
342,0.8,"Staggered entry, calendar-event order",631,626,TRUE,107,16024.641578827,9.68188291516289,-0.3961879248379,0.672880233146269
343,0.8,"Simultaneous entry, time-on-study order",631,630,TRUE,241,26.6140353244293,3.28143872040816,-0.223818267980123,0.799460408723354
343,0.8,"Staggered entry, time-on-study order",631,630,TRUE,241,26.6140353244293,3.28143872040816,-0.223818267980123,0.799460408723354
343,0.8,"Staggered entry, calendar-event order",631,630,TRUE,152,26.5687532420908,3.27973583515143,-0.217856995497083,0.804240443448319
344,0.8,"Simultaneous entry, time-on-study order",631,626,TRUE,626,22.8914258168237,3.13076242196878,-0.224821163464313,0.798659035403666
344,0.8,"Staggered entry, time-on-study order",631,626,TRUE,626,22.8914258168237,3.13076242196878,-0.224821163464313,0.798659035403666
344,0.8,"Staggered entry, calendar-event order",631,626,TRUE,558,39.9465472935777,3.6875422427847,-0.2227248698487,0.800335015299862
345,0.8,"Simultaneous entry, time-on-study order",631,629,TRUE,357,286.418299443464,5.65745332775014,-0.291996897586407,0.746770852761808
345,0.8,"Staggered entry, time-on-study order",631,629,TRUE,357,286.418299443464,5.65745332775014,-0.291996897586407,0.746770852761808
345,0.8,"Staggered entry, calendar-event order",631,629,TRUE,366,327.889471619725,5.79267657482558,-0.297012369956542,0.743034820996647
346,0.8,"Simultaneous entry, time-on-study order",631,629,TRUE,389,185.938203839985,5.22541438109069,-0.276424099308662,0.758491186952387
346,0.8,"Staggered entry, time-on-study order",631,629,TRUE,389,185.938203839985,5.22541438109069,-0.276424099308662,0.758491186952387
346,0.8,"Staggered entry, calendar-event order",631,628,TRUE,452,93.15775443372,4.53429434032159,-0.277293654038152,0.757831924027634
347,0.8,"Simultaneous entry, time-on-study order",631,627,FALSE,NA,5.19982409068175,1.64862479630013,-0.193632873309357,0.823960346583119
347,0.8,"Staggered entry, time-on-study order",631,627,FALSE,NA,5.19982409068175,1.64862479630013,-0.193632873309357,0.823960346583119
347,0.8,"Staggered entry, calendar-event order",631,627,FALSE,NA,4.37532599535394,1.47598103025736,-0.195207134085853,0.822664238601762
348,0.8,"Simultaneous entry, time-on-study order",631,630,TRUE,396,9.34943956206135,2.23531640161764,-0.189748609843081,0.827167049462673
348,0.8,"Staggered entry, time-on-study order",631,630,TRUE,396,9.34943956206135,2.23531640161764,-0.189748609843081,0.827167049462673
348,0.8,"Staggered entry, calendar-event order",631,630,FALSE,NA,0.906687416846315,-0.0979575223945366,-0.193705507026896,0.823900501453455
349,0.8,"Simultaneous entry, time-on-study order",631,627,TRUE,325,946.818351478376,6.85310726008652,-0.341090664399607,0.710994443399788
349,0.8,"Staggered entry, time-on-study order",631,627,TRUE,325,946.818351478376,6.85310726008652,-0.341090664399607,0.710994443399788
349,0.8,"Staggered entry, calendar-event order",631,627,TRUE,301,1076.15031711101,6.9811454308819,-0.340657822818274,0.711302257971655
350,0.8,"Simultaneous entry, time-on-study order",631,625,TRUE,257,95.42768483742,4.55836873381234,-0.280057593148729,0.755740214743729
350,0.8,"Staggered entry, time-on-study order",631,625,TRUE,257,95.42768483742,4.55836873381234,-0.280057593148729,0.755740214743729
350,0.8,"Staggered entry, calendar-event order",631,626,TRUE,411,50.671804973965,3.92536964099595,-0.281621689262269,0.754559088349396
351,0.8,"Simultaneous entry, time-on-study order",631,625,TRUE,521,28.7708097617022,3.35936132321193,-0.2235716043599,0.799657630844755
351,0.8,"Staggered entry, time-on-study order",631,625,TRUE,521,28.7708097617022,3.35936132321193,-0.2235716043599,0.799657630844755
351,0.8,"Staggered entry, calendar-event order",631,625,FALSE,NA,2.91304834270946,1.06920007334576,-0.220782213933149,0.801891302027125
352,0.8,"Simultaneous entry, time-on-study order",631,626,FALSE,NA,4.96681187563243,1.60277816056044,-0.183152209816553,0.8326414098951
352,0.8,"Staggered entry, time-on-study order",631,626,FALSE,NA,4.96681187563243,1.60277816056044,-0.183152209816553,0.8326414098951
352,0.8,"Staggered entry, calendar-event order",631,625,FALSE,NA,8.22172324570263,2.106779827693,-0.184219222807462,0.831753444513519
353,0.8,"Simultaneous entry, time-on-study order",631,630,TRUE,380,152.997650409598,5.03042256447451,-0.256731074634754,0.773576220062636
353,0.8,"Staggered entry, time-on-study order",631,630,TRUE,380,152.997650409598,5.03042256447451,-0.256731074634754,0.773576220062636
353,0.8,"Staggered entry, calendar-event order",631,630,TRUE,480,52.5199544357975,3.96119318187515,-0.253340330336769,0.77620367121002
354,0.8,"Simultaneous entry, time-on-study order",631,629,TRUE,432,21.9241469499179,3.0875886298579,-0.226833354379694,0.797053596714403
354,0.8,"Staggered entry, time-on-study order",631,629,TRUE,432,21.9241469499179,3.0875886298579,-0.226833354379694,0.797053596714403
354,0.8,"Staggered entry, calendar-event order",631,629,TRUE,474,8.93353113935318,2.18981174106847,-0.226971288657129,0.796943663284432
355,0.8,"Simultaneous entry, time-on-study order",631,625,FALSE,NA,3.73516200875961,1.31779119348333,-0.209921774739949,0.810647656613746
355,0.8,"Staggered entry, time-on-study order",631,625,FALSE,NA,3.73516200875961,1.31779119348333,-0.209921774739949,0.810647656613746
355,0.8,"Staggered entry, calendar-event order",631,625,FALSE,NA,1.07963108540975,0.0766193951982396,-0.207469783574662,0.812637796411421
356,0.8,"Simultaneous entry, time-on-study order",631,624,TRUE,340,187.116363287903,5.23173068690056,-0.279382882633967,0.756250292671166
356,0.8,"Staggered entry, time-on-study order",631,624,TRUE,340,187.116363287903,5.23173068690056,-0.279382882633967,0.756250292671166
356,0.8,"Staggered entry, calendar-event order",631,623,TRUE,472,94.8001490039744,4.55177098103162,-0.278239723070636,0.757115301753006
357,0.8,"Simultaneous entry, time-on-study order",631,629,TRUE,246,6.26367645506719,1.83476730586461,-0.179571703750558,0.835628031131042
357,0.8,"Staggered entry, time-on-study order",631,629,TRUE,246,6.26367645506719,1.83476730586461,-0.179571703750558,0.835628031131042
357,0.8,"Staggered entry, calendar-event order",631,629,TRUE,394,2.03642801071239,0.711197297966366,-0.181525201414157,0.83399722712911
358,0.8,"Simultaneous entry, time-on-study order",631,630,TRUE,244,0.608065342146001,-0.497472932155655,-0.172587823467943,0.841484383489732
358,0.8,"Staggered entry, time-on-study order",631,630,TRUE,244,0.608065342146001,-0.497472932155655,-0.172587823467943,0.841484383489732
358,0.8,"Staggered entry, calendar-event order",631,630,TRUE,264,0.846620250409122,-0.166503031491895,-0.172910153448394,0.841213191553846
359,0.8,"Simultaneous entry, time-on-study order",631,630,FALSE,NA,4.1300820459149,1.41829727261458,-0.179151635557416,0.83597912562487
359,0.8,"Staggered entry, time-on-study order",631,630,FALSE,NA,4.1300820459149,1.41829727261458,-0.179151635557416,0.83597912562487
359,0.8,"Staggered entry, calendar-event order",631,630,FALSE,NA,0.407703943632366,-0.897213996325699,-0.177262420136071,0.83755996308199
360,0.8,"Simultaneous entry, time-on-study order",631,628,TRUE,295,36.4738727496474,3.59659618919235,-0.219743937052309,0.802724319603578
360,0.8,"Staggered entry, time-on-study order",631,628,TRUE,295,36.4738727496474,3.59659618919235,-0.219743937052309,0.802724319603578
360,0.8,"Staggered entry, calendar-event order",631,629,TRUE,169,20.513725511034,3.02109419922799,-0.215029427919492,0.806517705689988
361,0.8,"Simultaneous entry, time-on-study order",631,630,TRUE,427,40.291193017402,3.69613290952193,-0.267265466150903,0.765469838159217
361,0.8,"Staggered entry, time-on-study order",631,630,TRUE,427,40.291193017402,3.69613290952193,-0.267265466150903,0.765469838159217
361,0.8,"Staggered entry, calendar-event order",631,630,TRUE,441,50.4260137993707,3.92050718873228,-0.265162055418044,0.767081630168528
362,0.8,"Simultaneous entry, time-on-study order",631,629,TRUE,581,14.0593354423169,2.6432866194274,-0.200311159717761,0.818476036678729
362,0.8,"Staggered entry, time-on-study order",631,629,TRUE,581,14.0593354423169,2.6432866194274,-0.200311159717761,0.818476036678729
362,0.8,"Staggered entry, calendar-event order",631,629,TRUE,599,11.4482550268136,2.43783731898136,-0.198165010450458,0.820234494706907
363,0.8,"Simultaneous entry, time-on-study order",631,629,TRUE,295,40.0976061048757,3.69131663439774,-0.23175375530439,0.793141406126145
363,0.8,"Staggered entry, time-on-study order",631,629,TRUE,295,40.0976061048757,3.69131663439774,-0.23175375530439,0.793141406126145
363,0.8,"Staggered entry, calendar-event order",631,629,TRUE,269,57.8442440338807,4.05775395057154,-0.23710293959694,0.788910073752585
364,0.8,"Simultaneous entry, time-on-study order",631,630,FALSE,NA,4.58470784221598,1.52272638333272,-0.172131521092584,0.841868442429585
364,0.8,"Staggered entry, time-on-study order",631,630,FALSE,NA,4.58470784221598,1.52272638333272,-0.172131521092584,0.841868442429585
364,0.8,"Staggered entry, calendar-event order",631,630,FALSE,NA,1.53703478145428,0.42985509374367,-0.17354655468494,0.840678012750831
365,0.8,"Simultaneous entry, time-on-study order",631,626,TRUE,167,2021.41105430744,7.61155108826489,-0.330594812322897,0.718496235889065
365,0.8,"Staggered entry, time-on-study order",631,626,TRUE,167,2021.41105430744,7.61155108826489,-0.330594812322897,0.718496235889065
365,0.8,"Staggered entry, calendar-event order",631,627,TRUE,186,2316.94511608764,7.74800483666267,-0.330609601569927,0.718485609949317
366,0.8,"Simultaneous entry, time-on-study order",631,629,FALSE,NA,2.72574532695789,1.0027419051969,-0.155817278908854,0.855715533362969
366,0.8,"Staggered entry, time-on-study order",631,629,FALSE,NA,2.72574532695789,1.0027419051969,-0.155817278908854,0.855715533362969
366,0.8,"Staggered entry, calendar-event order",631,629,FALSE,NA,2.13439851000107,0.758184878650971,-0.159982528913214,0.852158676974357
367,0.8,"Simultaneous entry, time-on-study order",631,629,FALSE,NA,0.958386081169636,-0.0425045747130185,-0.165543777393135,0.84743276399561
367,0.8,"Staggered entry, time-on-study order",631,629,FALSE,NA,0.958386081169636,-0.0425045747130185,-0.165543777393135,0.84743276399561
367,0.8,"Staggered entry, calendar-event order",631,629,FALSE,NA,0.0107621151194702,-4.53172317112486,-0.157268636159358,0.854474485239199
368,0.8,"Simultaneous entry, time-on-study order",631,628,TRUE,615,20.8076238488124,3.03531945074403,-0.227186898754687,0.796771852706156
368,0.8,"Staggered entry, time-on-study order",631,628,TRUE,615,20.8076238488124,3.03531945074403,-0.227186898754687,0.796771852706156
368,0.8,"Staggered entry, calendar-event order",631,628,FALSE,NA,9.65469415012251,2.26744423750431,-0.232672980060218,0.792412665900104
369,0.8,"Simultaneous entry, time-on-study order",631,627,TRUE,307,4.36459401252239,1.47352517523448,-0.167849912719483,0.845480721064559
369,0.8,"Staggered entry, time-on-study order",631,627,TRUE,307,4.36459401252239,1.47352517523448,-0.167849912719483,0.845480721064559
369,0.8,"Staggered entry, calendar-event order",631,627,FALSE,NA,1.99962208191667,0.69295820366327,-0.166678551067158,0.846471665022565
370,0.8,"Simultaneous entry, time-on-study order",631,627,TRUE,299,4160.87167234502,8.33347986792698,-0.353953698008542,0.701907466316515
370,0.8,"Staggered entry, time-on-study order",631,627,TRUE,299,4160.87167234502,8.33347986792698,-0.353953698008542,0.701907466316515
370,0.8,"Staggered entry, calendar-event order",631,627,TRUE,336,2218.58001141133,7.7046226357135,-0.352451265850128,0.702962827271736
371,0.8,"Simultaneous entry, time-on-study order",631,630,TRUE,185,0.385845876935712,-0.952317271801777,-0.108188453972502,0.897458450882636
371,0.8,"Staggered entry, time-on-study order",631,630,TRUE,185,0.385845876935712,-0.952317271801777,-0.108188453972502,0.897458450882636
371,0.8,"Staggered entry, calendar-event order",631,630,FALSE,NA,0.31842963899336,-1.14435374205356,-0.108176919114671,0.897468802997981
372,0.8,"Simultaneous entry, time-on-study order",631,630,TRUE,538,26.1809250503709,3.26503109409628,-0.236517960069053,0.789371705004326
372,0.8,"Staggered entry, time-on-study order",631,630,TRUE,538,26.1809250503709,3.26503109409628,-0.236517960069053,0.789371705004326
372,0.8,"Staggered entry, calendar-event order",631,630,TRUE,503,39.7719391112789,3.68316161617224,-0.236950771690894,0.789030129680665
373,0.8,"Simultaneous entry, time-on-study order",631,626,TRUE,308,6.01088401723029,1.79357182878358,-0.215043021645888,0.806506742183481
373,0.8,"Staggered entry, time-on-study order",631,626,TRUE,308,6.01088401723029,1.79357182878358,-0.215043021645888,0.806506742183481
373,0.8,"Staggered entry, calendar-event order",631,627,TRUE,172,17.3048390021523,2.85098617349894,-0.216316898354792,0.805480006135454
374,0.8,"Simultaneous entry, time-on-study order",631,630,TRUE,495,40.9273353494146,3.71179818575652,-0.242512410690798,0.78465400942
374,0.8,"Staggered entry, time-on-study order",631,630,TRUE,495,40.9273353494146,3.71179818575652,-0.242512410690798,0.78465400942
374,0.8,"Staggered entry, calendar-event order",631,630,TRUE,451,66.3414551172226,4.19481496751445,-0.238528094209332,0.787786555705839
375,0.8,"Simultaneous entry, time-on-study order",631,622,TRUE,381,101.661640309663,4.62165004714004,-0.254559135721902,0.775258206281502
375,0.8,"Staggered entry, time-on-study order",631,622,TRUE,381,101.661640309663,4.62165004714004,-0.254559135721902,0.775258206281502
375,0.8,"Staggered entry, calendar-event order",631,623,TRUE,286,87.7645566988409,4.47465773689391,-0.251350554711502,0.77774967995041
376,0.8,"Simultaneous entry, time-on-study order",631,630,TRUE,282,31.6914564281367,3.45604713125001,-0.238601780769658,0.787728508562952
376,0.8,"Staggered entry, time-on-study order",631,630,TRUE,282,31.6914564281367,3.45604713125001,-0.238601780769658,0.787728508562952
376,0.8,"Staggered entry, calendar-event order",631,630,TRUE,203,25.7664573576715,3.24907354364537,-0.233870274952412,0.791464482003849
377,0.8,"Simultaneous entry, time-on-study order",631,628,FALSE,NA,0.00366255966169119,-5.60959301489008,-0.0631875135564188,0.938767425565326
377,0.8,"Staggered entry, time-on-study order",631,628,FALSE,NA,0.00366255966169119,-5.60959301489008,-0.0631875135564188,0.938767425565326
377,0.8,"Staggered entry, calendar-event order",631,629,FALSE,NA,0.0117389027212401,-4.44484693392134,-0.061994962411346,0.939887621546381
378,0.8,"Simultaneous entry, time-on-study order",631,626,TRUE,300,2221.64591191387,7.70600360192681,-0.359459589344512,0.698053459686055
378,0.8,"Staggered entry, time-on-study order",631,626,TRUE,300,2221.64591191387,7.70600360192681,-0.359459589344512,0.698053459686055
378,0.8,"Staggered entry, calendar-event order",631,623,TRUE,305,3062.30643798743,8.02692364893306,-0.358197260483238,0.698935189114097
379,0.8,"Simultaneous entry, time-on-study order",631,627,TRUE,399,44.1941950052743,3.78859344573619,-0.246040273183921,0.781890735062003
379,0.8,"Staggered entry, time-on-study order",631,627,TRUE,399,44.1941950052743,3.78859344573619,-0.246040273183921,0.781890735062003
379,0.8,"Staggered entry, calendar-event order",631,626,TRUE,163,71.5274552063733,4.27008136489542,-0.250466875853948,0.778437264656341
380,0.8,"Simultaneous entry, time-on-study order",631,629,FALSE,NA,14.2080955930073,2.65381191433862,-0.204763324300253,0.814840146453266
380,0.8,"Staggered entry, time-on-study order",631,629,FALSE,NA,14.2080955930073,2.65381191433862,-0.204763324300253,0.814840146453266
380,0.8,"Staggered entry, calendar-event order",631,628,FALSE,NA,15.9752157520574,2.7710385057785,-0.203482002293358,0.815884888247407
381,0.8,"Simultaneous entry, time-on-study order",631,628,FALSE,NA,0.231860549673684,-1.46161916702897,-0.108883650430032,0.896834757766543
381,0.8,"Staggered entry, time-on-study order",631,628,FALSE,NA,0.231860549673684,-1.46161916702897,-0.108883650430032,0.896834757766543
381,0.8,"Staggered entry, calendar-event order",631,628,FALSE,NA,0.0246249524677192,-3.70399502217075,-0.10292313234278,0.902196320533722
382,0.8,"Simultaneous entry, time-on-study order",631,630,FALSE,NA,0.00375656609644223,-5.5842500110903,-0.0232877758303125,0.976981291712656
382,0.8,"Staggered entry, time-on-study order",631,630,FALSE,NA,0.00375656609644223,-5.5842500110903,-0.0232877758303125,0.976981291712656
382,0.8,"Staggered entry, calendar-event order",631,630,FALSE,NA,0.00301683537834351,-5.80354688497953,-0.0222630675043164,0.977982925680304
383,0.8,"Simultaneous entry, time-on-study order",631,630,TRUE,356,11.1371047587466,2.41028230473708,-0.185475873547941,0.830708877397058
383,0.8,"Staggered entry, time-on-study order",631,630,TRUE,356,11.1371047587466,2.41028230473708,-0.185475873547941,0.830708877397058
383,0.8,"Staggered entry, calendar-event order",631,630,TRUE,423,8.66324477984022,2.1590893382909,-0.183725872959103,0.832163891187819
384,0.8,"Simultaneous entry, time-on-study order",631,630,FALSE,NA,0.740796352355039,-0.300029519589074,-0.131403841068517,0.876863589349757
384,0.8,"Staggered entry, time-on-study order",631,630,FALSE,NA,0.740796352355039,-0.300029519589074,-0.131403841068517,0.876863589349757
384,0.8,"Staggered entry, calendar-event order",631,629,FALSE,NA,0.082578343849505,-2.49400781382938,-0.135118186316185,0.873612656524833
385,0.8,"Simultaneous entry, time-on-study order",631,630,TRUE,191,470.807759356496,6.15444985646632,-0.284699019986688,0.752240629645174
385,0.8,"Staggered entry, time-on-study order",631,630,TRUE,191,470.807759356496,6.15444985646632,-0.284699019986688,0.752240629645174
385,0.8,"Staggered entry, calendar-event order",631,630,TRUE,234,269.361276039431,5.59605351214272,-0.291115576745662,0.747429287581154
386,0.8,"Simultaneous entry, time-on-study order",631,628,TRUE,211,101.769077716666,4.62270630273442,-0.301878480370584,0.739427914436322
386,0.8,"Staggered entry, time-on-study order",631,628,TRUE,211,101.769077716666,4.62270630273442,-0.301878480370584,0.739427914436322
386,0.8,"Staggered entry, calendar-event order",631,628,TRUE,277,174.497944970424,5.16191296489935,-0.304352986155666,0.737600457742965
387,0.8,"Simultaneous entry, time-on-study order",631,626,FALSE,NA,9.25771758273278,2.22545753693022,-0.191596168711822,0.825640220531989
387,0.8,"Staggered entry, time-on-study order",631,626,FALSE,NA,9.25771758273278,2.22545753693022,-0.191596168711822,0.825640220531989
387,0.8,"Staggered entry, calendar-event order",631,626,FALSE,NA,3.96765364388207,1.37817489828476,-0.189181168238961,0.827636551655035
388,0.8,"Simultaneous entry, time-on-study order",631,630,TRUE,259,3222.70261636322,8.07797560835676,-0.387229047741723,0.678935568457093
388,0.8,"Staggered entry, time-on-study order",631,630,TRUE,259,3222.70261636322,8.07797560835676,-0.387229047741723,0.678935568457093
388,0.8,"Staggered entry, calendar-event order",631,630,TRUE,129,7018.8135203255,8.8563494685367,-0.391256002049086,0.676207023495471
389,0.8,"Simultaneous entry, time-on-study order",631,630,TRUE,185,12.9345964489355,2.55990561676983,-0.191968564391528,0.825332812923057
389,0.8,"Staggered entry, time-on-study order",631,630,TRUE,185,12.9345964489355,2.55990561676983,-0.191968564391528,0.825332812923057
389,0.8,"Staggered entry, calendar-event order",631,630,FALSE,NA,5.08032577908961,1.62537538927622,-0.187299520699508,0.829195338019363
390,0.8,"Simultaneous entry, time-on-study order",631,630,FALSE,NA,3.63356962298683,1.29021553230196,-0.167740146648373,0.845573531255121
390,0.8,"Staggered entry, time-on-study order",631,630,FALSE,NA,3.63356962298683,1.29021553230196,-0.167740146648373,0.845573531255121
390,0.8,"Staggered entry, calendar-event order",631,630,FALSE,NA,5.3677783849511,1.68041411434456,-0.170275419330424,0.843432486992995
391,0.8,"Simultaneous entry, time-on-study order",631,627,FALSE,NA,3.31000054686787,1.19694835460584,-0.172196854160643,0.84181344237802
391,0.8,"Staggered entry, time-on-study order",631,627,FALSE,NA,3.31000054686787,1.19694835460584,-0.172196854160643,0.84181344237802
391,0.8,"Staggered entry, calendar-event order",631,627,FALSE,NA,2.48038141492348,0.908412344691558,-0.175019722610067,0.839440464648984
392,0.8,"Simultaneous entry, time-on-study order",631,629,TRUE,253,0.518618937766356,-0.656585889447592,-0.13690330205611,0.872054547936916
392,0.8,"Staggered entry, time-on-study order",631,629,TRUE,253,0.518618937766356,-0.656585889447592,-0.13690330205611,0.872054547936916
392,0.8,"Staggered entry, calendar-event order",631,629,FALSE,NA,0.327970976985385,-1.11483015931366,-0.13884866122502,0.870359737668135
393,0.8,"Simultaneous entry, time-on-study order",631,630,TRUE,452,16.5760150725869,2.80795677537848,-0.234659013827386,0.790840469322612
393,0.8,"Staggered entry, time-on-study order",631,630,TRUE,452,16.5760150725869,2.80795677537848,-0.234659013827386,0.790840469322612
393,0.8,"Staggered entry, calendar-event order",631,630,TRUE,285,19.8486300715212,2.98813499072247,-0.232564525776487,0.792498611108682
394,0.8,"Simultaneous entry, time-on-study order",631,627,FALSE,NA,0.142821309011423,-1.94616101744019,-0.119375493005411,0.88747449772301
394,0.8,"Staggered entry, time-on-study order",631,627,FALSE,NA,0.142821309011423,-1.94616101744019,-0.119375493005411,0.88747449772301
394,0.8,"Staggered entry, calendar-event order",631,626,FALSE,NA,0.0197964389699754,-3.92225320745784,-0.119593260055192,0.887281256061483
395,0.8,"Simultaneous entry, time-on-study order",631,626,TRUE,522,3.17164264605165,1.15424963855211,-0.179225810778543,0.835917118988076
395,0.8,"Staggered entry, time-on-study order",631,626,TRUE,522,3.17164264605165,1.15424963855211,-0.179225810778543,0.835917118988076
395,0.8,"Staggered entry, calendar-event order",631,628,TRUE,536,4.55824679693306,1.51693807524029,-0.18823328307764,0.828421427988864
396,0.8,"Simultaneous entry, time-on-study order",631,623,TRUE,465,40.654560417501,3.70511101709368,-0.22581847550912,0.797862920181601
396,0.8,"Staggered entry, time-on-study order",631,623,TRUE,465,40.654560417501,3.70511101709368,-0.22581847550912,0.797862920181601
396,0.8,"Staggered entry, calendar-event order",631,623,TRUE,464,50.7764859088057,3.92743337161345,-0.228415387516633,0.795793628431062
397,0.8,"Simultaneous entry, time-on-study order",631,630,TRUE,154,7606.10676809636,8.93670672574129,-0.388202989208781,0.678274646855233
397,0.8,"Staggered entry, time-on-study order",631,630,TRUE,154,7606.10676809636,8.93670672574129,-0.388202989208781,0.678274646855233
397,0.8,"Staggered entry, calendar-event order",631,630,TRUE,167,11092.0795819079,9.31398658142215,-0.388493209292843,0.678077826492198
398,0.8,"Simultaneous entry, time-on-study order",631,630,FALSE,NA,5.56839506215247,1.71710687276952,-0.173242212060039,0.84093390584154
398,0.8,"Staggered entry, time-on-study order",631,630,FALSE,NA,5.56839506215247,1.71710687276952,-0.173242212060039,0.84093390584154
398,0.8,"Staggered entry, calendar-event order",631,630,FALSE,NA,3.62911577855519,1.28898903142971,-0.172839881556786,0.841272307273124
399,0.8,"Simultaneous entry, time-on-study order",631,628,TRUE,493,5.26161327910617,1.66043768677903,-0.197967245019248,0.820396724776668
399,0.8,"Staggered entry, time-on-study order",631,628,TRUE,493,5.26161327910617,1.66043768677903,-0.197967245019248,0.820396724776668
399,0.8,"Staggered entry, calendar-event order",631,628,TRUE,420,7.40451852158747,2.0020904248884,-0.200805853063333,0.818071242162705
400,0.8,"Simultaneous entry, time-on-study order",631,630,TRUE,353,21.7990966085373,3.08186852896103,-0.216819094038666,0.805075599107158
400,0.8,"Staggered entry, time-on-study order",631,630,TRUE,353,21.7990966085373,3.08186852896103,-0.216819094038666,0.805075599107158
400,0.8,"Staggered entry, calendar-event order",631,630,TRUE,361,24.6882362047677,3.20632686316932,-0.216026368263088,0.805714056313166
401,0.8,"Simultaneous entry, time-on-study order",631,625,FALSE,NA,1.8803608617734,0.631463706174056,-0.201666711689726,0.817367301517047
401,0.8,"Staggered entry, time-on-study order",631,625,FALSE,NA,1.8803608617734,0.631463706174056,-0.201666711689726,0.817367301517047
401,0.8,"Staggered entry, calendar-event order",631,624,FALSE,NA,0.0530856065781678,-2.93584945003638,-0.200363698406678,0.818433036150457
402,0.8,"Simultaneous entry, time-on-study order",631,630,TRUE,287,4349.71857913451,8.37786642753812,-0.364521399417227,0.694528973318162
402,0.8,"Staggered entry, time-on-study order",631,630,TRUE,287,4349.71857913451,8.37786642753812,-0.364521399417227,0.694528973318162
402,0.8,"Staggered entry, calendar-event order",631,630,TRUE,354,3350.47752333568,8.11685815893995,-0.36187749766644,0.696367669281354
403,0.8,"Simultaneous entry, time-on-study order",631,629,FALSE,NA,1.39442848267139,0.332484641486223,-0.163572656722951,0.849104803587847
403,0.8,"Staggered entry, time-on-study order",631,629,FALSE,NA,1.39442848267139,0.332484641486223,-0.163572656722951,0.849104803587847
403,0.8,"Staggered entry, calendar-event order",631,630,FALSE,NA,0.524974012286982,-0.644406518021448,-0.159077850297925,0.852929955533254
404,0.8,"Simultaneous entry, time-on-study order",631,630,TRUE,187,1447.83736663844,7.27782625078033,-0.323316956372483,0.723744422603113
404,0.8,"Staggered entry, time-on-study order",631,630,TRUE,187,1447.83736663844,7.27782625078033,-0.323316956372483,0.723744422603113
404,0.8,"Staggered entry, calendar-event order",631,630,TRUE,172,451.607146199533,6.11281265632996,-0.32100867391318,0.725416958759133
405,0.8,"Simultaneous entry, time-on-study order",631,628,TRUE,413,105.127005691398,4.65516919722072,-0.254484514895268,0.775316058848186
405,0.8,"Staggered entry, time-on-study order",631,628,TRUE,413,105.127005691398,4.65516919722072,-0.254484514895268,0.775316058848186
405,0.8,"Staggered entry, calendar-event order",631,628,TRUE,456,94.1220955352461,4.54459282811669,-0.248784484347069,0.779748003177552
406,0.8,"Simultaneous entry, time-on-study order",631,627,FALSE,NA,0.950838807173852,-0.0504107290431001,-0.146645831398831,0.863599783186903
406,0.8,"Staggered entry, time-on-study order",631,627,FALSE,NA,0.950838807173852,-0.0504107290431001,-0.146645831398831,0.863599783186903
406,0.8,"Staggered entry, calendar-event order",631,626,FALSE,NA,0.0168899071077548,-4.08103904801445,-0.143038548723355,0.866720657276662
407,0.8,"Simultaneous entry, time-on-study order",631,630,TRUE,547,9.48561776637312,2.24977673214356,-0.19007127513956,0.826900194416167
407,0.8,"Staggered entry, time-on-study order",631,630,TRUE,547,9.48561776637312,2.24977673214356,-0.19007127513956,0.826900194416167
407,0.8,"Staggered entry, calendar-event order",631,630,TRUE,567,9.60054685967182,2.26182006140052,-0.188102331322376,0.828529918332303
408,0.8,"Simultaneous entry, time-on-study order",631,630,FALSE,NA,0.670687489343215,-0.399451989184136,-0.144293040255285,0.865634045266846
408,0.8,"Staggered entry, time-on-study order",631,630,FALSE,NA,0.670687489343215,-0.399451989184136,-0.144293040255285,0.865634045266846
408,0.8,"Staggered entry, calendar-event order",631,630,FALSE,NA,1.25960677194033,0.230799586492849,-0.138862146414813,0.870348000781022
409,0.8,"Simultaneous entry, time-on-study order",631,626,FALSE,NA,0.246404317095087,-1.40078152679815,-0.115565135465164,0.890862543601063
409,0.8,"Staggered entry, time-on-study order",631,626,FALSE,NA,0.246404317095087,-1.40078152679815,-0.115565135465164,0.890862543601063
409,0.8,"Staggered entry, calendar-event order",631,626,FALSE,NA,0.331512143827875,-1.10409083706226,-0.117211355103991,0.889397194660323
410,0.8,"Simultaneous entry, time-on-study order",631,629,TRUE,375,10.856170774927,2.38473365333432,-0.192755731769975,0.824683393490791
410,0.8,"Staggered entry, time-on-study order",631,629,TRUE,375,10.856170774927,2.38473365333432,-0.192755731769975,0.824683393490791
410,0.8,"Staggered entry, calendar-event order",631,629,FALSE,NA,1.69179785246961,0.525791781510929,-0.188995309051627,0.827790389807608
411,0.8,"Simultaneous entry, time-on-study order",631,630,FALSE,NA,0.33418229920392,-1.09606862890359,-0.144418627595826,0.865525339415402
411,0.8,"Staggered entry, time-on-study order",631,630,FALSE,NA,0.33418229920392,-1.09606862890359,-0.144418627595826,0.865525339415402
411,0.8,"Staggered entry, calendar-event order",631,630,TRUE,378,1.24181390522499,0.216573137522449,-0.150722289034442,0.860086520954083
412,0.8,"Simultaneous entry, time-on-study order",631,630,TRUE,326,43.9543785656791,3.78315224523662,-0.223335705478648,0.799846291436793
412,0.8,"Staggered entry, time-on-study order",631,630,TRUE,326,43.9543785656791,3.78315224523662,-0.223335705478648,0.799846291436793
412,0.8,"Staggered entry, calendar-event order",631,630,TRUE,270,37.9444682034511,3.63612372782687,-0.227343813906287,0.796646836938788
413,0.8,"Simultaneous entry, time-on-study order",631,629,TRUE,278,19.1392385257288,2.95174060078871,-0.200399698701187,0.818403572850467
413,0.8,"Staggered entry, time-on-study order",631,629,TRUE,278,19.1392385257288,2.95174060078871,-0.200399698701187,0.818403572850467
413,0.8,"Staggered entry, calendar-event order",631,629,TRUE,364,8.17604314509138,2.10120831048893,-0.1982604730018,0.820156196766664
414,0.8,"Simultaneous entry, time-on-study order",631,630,TRUE,264,198.349249559245,5.29002936353622,-0.293231949559426,0.745849121257032
414,0.8,"Staggered entry, time-on-study order",631,630,TRUE,264,198.349249559245,5.29002936353622,-0.293231949559426,0.745849121257032
414,0.8,"Staggered entry, calendar-event order",631,630,TRUE,251,135.743799724253,4.91076928354813,-0.288455854535913,0.749419887906018
415,0.8,"Simultaneous entry, time-on-study order",631,617,FALSE,NA,19.982266178775,2.99484518914969,-0.212189911709986,0.808811080284789
415,0.8,"Staggered entry, time-on-study order",631,617,FALSE,NA,19.982266178775,2.99484518914969,-0.212189911709986,0.808811080284789
415,0.8,"Staggered entry, calendar-event order",631,617,TRUE,617,20.5149572854919,3.02115424378094,-0.211426838021552,0.809428498276821
416,0.8,"Simultaneous entry, time-on-study order",631,629,FALSE,NA,0.35411858065968,-1.03812344832458,-0.129227365876931,0.878774139576771
416,0.8,"Staggered entry, time-on-study order",631,629,FALSE,NA,0.35411858065968,-1.03812344832458,-0.129227365876931,0.878774139576771
416,0.8,"Staggered entry, calendar-event order",631,629,FALSE,NA,0.972787587520466,-0.0275895273906324,-0.126974910231232,0.88075577027856
417,0.8,"Simultaneous entry, time-on-study order",631,620,TRUE,511,249.192612884104,5.51822614315171,-0.287192375601267,0.750367362578693
417,0.8,"Staggered entry, time-on-study order",631,620,TRUE,511,249.192612884104,5.51822614315171,-0.287192375601267,0.750367362578693
417,0.8,"Staggered entry, calendar-event order",631,619,TRUE,543,154.777535927255,5.04198883387617,-0.294940312120466,0.744576028303888
418,0.8,"Simultaneous entry, time-on-study order",631,630,FALSE,NA,0.494080908812089,-0.705055992184766,-0.113197524305107,0.892974258574889
418,0.8,"Staggered entry, time-on-study order",631,630,FALSE,NA,0.494080908812089,-0.705055992184766,-0.113197524305107,0.892974258574889
418,0.8,"Staggered entry, calendar-event order",631,630,FALSE,NA,0.350821131701232,-1.04747878169738,-0.114322250106943,0.891970471984051
419,0.8,"Simultaneous entry, time-on-study order",631,630,TRUE,391,98.5244798777162,4.59030504397773,-0.306579840317014,0.735959756573344
419,0.8,"Staggered entry, time-on-study order",631,630,TRUE,391,98.5244798777162,4.59030504397773,-0.306579840317014,0.735959756573344
419,0.8,"Staggered entry, calendar-event order",631,630,TRUE,310,714.179943751806,6.57113495264871,-0.304368227044953,0.737589216141716
420,0.8,"Simultaneous entry, time-on-study order",631,629,TRUE,190,34.9953752684561,3.55521591757182,-0.216660792018907,0.805203054288495
420,0.8,"Staggered entry, time-on-study order",631,629,TRUE,190,34.9953752684561,3.55521591757182,-0.216660792018907,0.805203054288495
420,0.8,"Staggered entry, calendar-event order",631,629,FALSE,NA,5.82309479441146,1.76183187203064,-0.21881231892488,0.803472500586419
421,0.8,"Simultaneous entry, time-on-study order",631,629,TRUE,198,1093.18548095068,6.99685117272778,-0.377376571148502,0.685657826319642
421,0.8,"Staggered entry, time-on-study order",631,629,TRUE,198,1093.18548095068,6.99685117272778,-0.377376571148502,0.685657826319642
421,0.8,"Staggered entry, calendar-event order",631,629,TRUE,183,1227.14258329668,7.11244364276542,-0.378035708630615,0.685206032459902
422,0.8,"Simultaneous entry, time-on-study order",631,624,TRUE,384,1407.37033584586,7.24947823203724,-0.342320565381516,0.710120528160485
422,0.8,"Staggered entry, time-on-study order",631,624,TRUE,384,1407.37033584586,7.24947823203724,-0.342320565381516,0.710120528160485
422,0.8,"Staggered entry, calendar-event order",631,624,TRUE,398,1990.09814613423,7.59593923616781,-0.345542905633698,0.707835961001862
423,0.8,"Simultaneous entry, time-on-study order",631,629,FALSE,NA,2.20928920776125,0.792670838349707,-0.153789402738998,0.857452579162875
423,0.8,"Staggered entry, time-on-study order",631,629,FALSE,NA,2.20928920776125,0.792670838349707,-0.153789402738998,0.857452579162875
423,0.8,"Staggered entry, calendar-event order",631,630,FALSE,NA,0.361176080190678,-1.01838968280304,-0.160097415000543,0.852060781421702
424,0.8,"Simultaneous entry, time-on-study order",631,628,FALSE,NA,0.0220785613967463,-3.81314821382873,-0.0507222084605499,0.950542686576235
424,0.8,"Staggered entry, time-on-study order",631,628,FALSE,NA,0.0220785613967463,-3.81314821382873,-0.0507222084605499,0.950542686576235
424,0.8,"Staggered entry, calendar-event order",631,629,FALSE,NA,0.000352323241185201,-7.950961504923,-0.04950208612371,0.951703172763838
425,0.8,"Simultaneous entry, time-on-study order",631,630,TRUE,255,0.000979860439004294,-6.9281004056201,-0.011996400784792,0.988075269151066
425,0.8,"Staggered entry, time-on-study order",631,630,TRUE,255,0.000979860439004294,-6.9281004056201,-0.011996400784792,0.988075269151066
425,0.8,"Staggered entry, calendar-event order",631,630,FALSE,NA,0.000745327333900747,-7.20168706171795,-0.0128382557886407,0.987243803077596
426,0.8,"Simultaneous entry, time-on-study order",631,630,TRUE,454,2.63732265017007,0.969764254899686,-0.165228973729438,0.847699580929724
426,0.8,"Staggered entry, time-on-study order",631,630,TRUE,454,2.63732265017007,0.969764254899686,-0.165228973729438,0.847699580929724
426,0.8,"Staggered entry, calendar-event order",631,630,TRUE,490,1.70700886967216,0.534742639857482,-0.16372949290403,0.848971643675536
427,0.8,"Simultaneous entry, time-on-study order",631,630,FALSE,NA,4.13389360273335,1.41921972380533,-0.193563053477466,0.824017877364374
427,0.8,"Staggered entry, time-on-study order",631,630,FALSE,NA,4.13389360273335,1.41921972380533,-0.193563053477466,0.824017877364374
427,0.8,"Staggered entry, calendar-event order",631,630,FALSE,NA,7.9354304800757,2.07133760330404,-0.193007708277404,0.824475618827831
428,0.8,"Simultaneous entry, time-on-study order",631,625,TRUE,251,2052.00774008821,7.62657397825636,-0.339809369178098,0.711906021057971
428,0.8,"Staggered entry, time-on-study order",631,625,TRUE,251,2052.00774008821,7.62657397825636,-0.339809369178098,0.711906021057971
428,0.8,"Staggered entry, calendar-event order",631,626,TRUE,266,2083.41249210387,7.64176244955036,-0.342183136558248,0.710218125895266
429,0.8,"Simultaneous entry, time-on-study order",631,628,FALSE,NA,6.65277041683648,1.89503337194796,-0.244869628720138,0.782806587086247
429,0.8,"Staggered entry, time-on-study order",631,628,FALSE,NA,6.65277041683648,1.89503337194796,-0.244869628720138,0.782806587086247
429,0.8,"Staggered entry, calendar-event order",631,627,TRUE,544,83.7667183065704,4.42803577235443,-0.242957974442439,0.784304473911781
430,0.8,"Simultaneous entry, time-on-study order",631,630,TRUE,212,89.2287531545601,4.49120333242611,-0.244262850409758,0.783281721280498
430,0.8,"Staggered entry, time-on-study order",631,630,TRUE,212,89.2287531545601,4.49120333242611,-0.244262850409758,0.783281721280498
430,0.8,"Staggered entry, calendar-event order",631,630,TRUE,255,56.441204000248,4.03319945914985,-0.241673177070059,0.785312793843705
431,0.8,"Simultaneous entry, time-on-study order",631,628,FALSE,NA,8.42822092077736,2.13158570831522,-0.236752456191017,0.789186622102174
431,0.8,"Staggered entry, time-on-study order",631,628,FALSE,NA,8.42822092077736,2.13158570831522,-0.236752456191017,0.789186622102174
431,0.8,"Staggered entry, calendar-event order",631,629,FALSE,NA,9.08318694292902,2.20642511593649,-0.231664803421856,0.793211960685269
432,0.8,"Simultaneous entry, time-on-study order",631,626,TRUE,553,56.727566402414,4.03826027252329,-0.236238615701666,0.789592242345392
432,0.8,"Staggered entry, time-on-study order",631,626,TRUE,553,56.727566402414,4.03826027252329,-0.236238615701666,0.789592242345392
432,0.8,"Staggered entry, calendar-event order",631,625,TRUE,572,39.8994572817276,3.6863627218416,-0.241251256467773,0.78564420340001
433,0.8,"Simultaneous entry, time-on-study order",631,628,TRUE,451,59.4281016891994,4.08476720690643,-0.254656057192367,0.775183070757341
433,0.8,"Staggered entry, time-on-study order",631,628,TRUE,451,59.4281016891994,4.08476720690643,-0.254656057192367,0.775183070757341
433,0.8,"Staggered entry, calendar-event order",631,629,TRUE,483,50.1598925702626,3.9152157545812,-0.257064031752512,0.773318695228781
434,0.8,"Simultaneous entry, time-on-study order",631,626,FALSE,NA,1.22387031448513,0.202018226258769,-0.156651235848899,0.855002200940821
434,0.8,"Staggered entry, time-on-study order",631,626,FALSE,NA,1.22387031448513,0.202018226258769,-0.156651235848899,0.855002200940821
434,0.8,"Staggered entry, calendar-event order",631,628,FALSE,NA,1.17783316162215,0.163676446695018,-0.155209503948409,0.856235773915987
435,0.8,"Simultaneous entry, time-on-study order",631,630,FALSE,NA,0.329455633653056,-1.11031358159229,-0.178751976590114,0.836313298952139
435,0.8,"Staggered entry, time-on-study order",631,630,FALSE,NA,0.329455633653056,-1.11031358159229,-0.178751976590114,0.836313298952139
435,0.8,"Staggered entry, calendar-event order",631,630,FALSE,NA,0.79197254246872,-0.233228556368782,-0.182108496046716,0.83351090287191
436,0.8,"Simultaneous entry, time-on-study order",631,629,TRUE,380,87.5374351752103,4.472066532444,-0.260598700408573,0.770590095065247
436,0.8,"Staggered entry, time-on-study order",631,629,TRUE,380,87.5374351752103,4.472066532444,-0.260598700408573,0.770590095065247
436,0.8,"Staggered entry, calendar-event order",631,629,TRUE,313,158.411305182419,5.06519484793466,-0.267590868988226,0.765220792624255
437,0.8,"Simultaneous entry, time-on-study order",631,625,FALSE,NA,0.500649340459802,-0.691849342197011,-0.155286623275359,0.856169744135511
437,0.8,"Staggered entry, time-on-study order",631,625,FALSE,NA,0.500649340459802,-0.691849342197011,-0.155286623275359,0.856169744135511
437,0.8,"Staggered entry, calendar-event order",631,625,FALSE,NA,0.82993959152994,-0.186402362129409,-0.157495527083859,0.854280634725573
438,0.8,"Simultaneous entry, time-on-study order",631,624,TRUE,491,68.460164162915,4.22625203103833,-0.257483814425791,0.772994137566208
438,0.8,"Staggered entry, time-on-study order",631,624,TRUE,491,68.460164162915,4.22625203103833,-0.257483814425791,0.772994137566208
438,0.8,"Staggered entry, calendar-event order",631,625,TRUE,495,77.0291241122962,4.3441835855654,-0.257293949480459,0.773140915989477
439,0.8,"Simultaneous entry, time-on-study order",631,621,TRUE,302,820.031503852521,6.70934275885264,-0.33259882708253,0.717057800631751
439,0.8,"Staggered entry, time-on-study order",631,621,TRUE,302,820.031503852521,6.70934275885264,-0.33259882708253,0.717057800631751
439,0.8,"Staggered entry, calendar-event order",631,622,TRUE,279,565.037981154506,6.33689295216937,-0.331549285546021,0.7178107776488
440,0.8,"Simultaneous entry, time-on-study order",631,616,TRUE,602,64.6554000646183,4.16907162941127,-0.25404803729861,0.775654540802723
440,0.8,"Staggered entry, time-on-study order",631,616,TRUE,602,64.6554000646183,4.16907162941127,-0.25404803729861,0.775654540802723
440,0.8,"Staggered entry, calendar-event order",631,617,TRUE,592,110.369421278672,4.70383311430518,-0.261389554033536,0.769980912014267
441,0.8,"Simultaneous entry, time-on-study order",631,629,TRUE,335,545.053258575181,6.30088351204504,-0.321338015770738,0.725178087927672
441,0.8,"Staggered entry, time-on-study order",631,629,TRUE,335,545.053258575181,6.30088351204504,-0.321338015770738,0.725178087927672
441,0.8,"Staggered entry, calendar-event order",631,630,TRUE,481,464.897137120777,6.14181617062375,-0.314950123137995,0.729825274755795
442,0.8,"Simultaneous entry, time-on-study order",631,630,FALSE,NA,1.86976630476545,0.62581345234334,-0.185224704692314,0.830917551800311
442,0.8,"Staggered entry, time-on-study order",631,630,FALSE,NA,1.86976630476545,0.62581345234334,-0.185224704692314,0.830917551800311
442,0.8,"Staggered entry, calendar-event order",631,630,FALSE,NA,6.66329324168044,1.89661384306979,-0.188001158721572,0.828613747099501
443,0.8,"Simultaneous entry, time-on-study order",631,630,FALSE,NA,0.505137807336369,-0.682924001118747,-0.143132370451059,0.866639343861702
443,0.8,"Staggered entry, time-on-study order",631,630,FALSE,NA,0.505137807336369,-0.682924001118747,-0.143132370451059,0.866639343861702
443,0.8,"Staggered entry, calendar-event order",631,630,FALSE,NA,0.462202516575547,-0.771752136380506,-0.13419498596328,0.874419548441781
444,0.8,"Simultaneous entry, time-on-study order",631,630,TRUE,150,5.89551927941728,1.7741926182213,-0.188746254860295,0.827996580148953
444,0.8,"Staggered entry, time-on-study order",631,630,TRUE,150,5.89551927941728,1.7741926182213,-0.188746254860295,0.827996580148953
444,0.8,"Staggered entry, calendar-event order",631,630,TRUE,399,6.75945526689611,1.91094230498788,-0.193355334231358,0.824189059514938
445,0.8,"Simultaneous entry, time-on-study order",631,617,TRUE,369,763.689073043935,6.63816073387517,-0.318413811018648,0.727301760652149
445,0.8,"Staggered entry, time-on-study order",631,617,TRUE,369,763.689073043935,6.63816073387517,-0.318413811018648,0.727301760652149
445,0.8,"Staggered entry, calendar-event order",631,618,TRUE,412,620.795756667611,6.43100213358085,-0.314803679705224,0.729932160700535
446,0.8,"Simultaneous entry, time-on-study order",631,630,FALSE,NA,0.0545214195970356,-2.90916163439603,-0.069872116114308,0.932513065675277
446,0.8,"Staggered entry, time-on-study order",631,630,FALSE,NA,0.0545214195970356,-2.90916163439603,-0.069872116114308,0.932513065675277
446,0.8,"Staggered entry, calendar-event order",631,630,FALSE,NA,0.0455767234922114,-3.08835814251782,-0.0669227081057792,0.935267487138871
447,0.8,"Simultaneous entry, time-on-study order",631,629,TRUE,193,142.581376028717,4.95991289656672,-0.252779415506311,0.776639177490205
447,0.8,"Staggered entry, time-on-study order",631,629,TRUE,193,142.581376028717,4.95991289656672,-0.252779415506311,0.776639177490205
447,0.8,"Staggered entry, calendar-event order",631,627,TRUE,142,127.158676744247,4.84543572976202,-0.255451192773991,0.774566940101675
448,0.8,"Simultaneous entry, time-on-study order",631,621,TRUE,318,424.660785718846,6.05129069898235,-0.311810673071361,0.732120125162524
448,0.8,"Staggered entry, time-on-study order",631,621,TRUE,318,424.660785718846,6.05129069898235,-0.311810673071361,0.732120125162524
448,0.8,"Staggered entry, calendar-event order",631,623,TRUE,280,698.404374389378,6.5487982679499,-0.305046160692392,0.73708934905161
449,0.8,"Simultaneous entry, time-on-study order",631,629,FALSE,NA,0.549488824962229,-0.598766842083693,-0.123916528758081,0.883453580772693
449,0.8,"Staggered entry, time-on-study order",631,629,FALSE,NA,0.549488824962229,-0.598766842083693,-0.123916528758081,0.883453580772693
449,0.8,"Staggered entry, calendar-event order",631,629,FALSE,NA,0.0446717557600567,-3.10841383926278,-0.123137439365356,0.884142138275533
450,0.8,"Simultaneous entry, time-on-study order",631,630,FALSE,NA,1.23065208145257,0.207544176428187,-0.156216348525107,0.85537411142354
450,0.8,"Staggered entry, time-on-study order",631,630,FALSE,NA,1.23065208145257,0.207544176428187,-0.156216348525107,0.85537411142354
450,0.8,"Staggered entry, calendar-event order",631,630,FALSE,NA,0.604523511104864,-0.5033147162099,-0.15525395091217,0.856197717681321
451,0.8,"Simultaneous entry, time-on-study order",631,628,FALSE,NA,5.32433691430511,1.67228818070665,-0.181800479260571,0.833767677764888
451,0.8,"Staggered entry, time-on-study order",631,628,FALSE,NA,5.32433691430511,1.67228818070665,-0.181800479260571,0.833767677764888
451,0.8,"Staggered entry, calendar-event order",631,629,FALSE,NA,1.75519558950778,0.56258029772105,-0.188015638151419,0.82860174933174
452,0.8,"Simultaneous entry, time-on-study order",631,628,FALSE,NA,0.220030861156801,-1.51398746448235,-0.0937293239329815,0.91052918734791
452,0.8,"Staggered entry, time-on-study order",631,628,FALSE,NA,0.220030861156801,-1.51398746448235,-0.0937293239329815,0.91052918734791
452,0.8,"Staggered entry, calendar-event order",631,628,FALSE,NA,0.100256972987851,-2.30001865922582,-0.0932657097829025,0.910951419432046
453,0.8,"Simultaneous entry, time-on-study order",631,630,FALSE,NA,9.53049234714836,2.25449637920134,-0.199924197528857,0.818792817244545
453,0.8,"Staggered entry, time-on-study order",631,630,FALSE,NA,9.53049234714836,2.25449637920134,-0.199924197528857,0.818792817244545
453,0.8,"Staggered entry, calendar-event order",631,630,FALSE,NA,5.76252884797192,1.75137641446588,-0.199342267310443,0.819269436193554
454,0.8,"Simultaneous entry, time-on-study order",631,628,TRUE,411,146.54953096741,4.98736346665646,-0.293229599372342,0.745850874144063
454,0.8,"Staggered entry, time-on-study order",631,628,TRUE,411,146.54953096741,4.98736346665646,-0.293229599372342,0.745850874144063
454,0.8,"Staggered entry, calendar-event order",631,628,TRUE,283,301.189659426851,5.70774016408425,-0.299072148583334,0.741505908904179
455,0.8,"Simultaneous entry, time-on-study order",631,630,FALSE,NA,0.401891357434291,-0.911573482027195,-0.110534262798163,0.895355652273936
455,0.8,"Staggered entry, time-on-study order",631,630,FALSE,NA,0.401891357434291,-0.911573482027195,-0.110534262798163,0.895355652273936
455,0.8,"Staggered entry, calendar-event order",631,630,FALSE,NA,0.173098070903577,-1.7538969612666,-0.111225527397957,0.894736938479402
456,0.8,"Simultaneous entry, time-on-study order",631,630,TRUE,153,284.059675390071,5.64918434070105,-0.27780098158783,0.75744755252392
456,0.8,"Staggered entry, time-on-study order",631,630,TRUE,153,284.059675390071,5.64918434070105,-0.27780098158783,0.75744755252392
456,0.8,"Staggered entry, calendar-event order",631,630,TRUE,157,125.95891672109,4.83595579601396,-0.276382814541132,0.758522501731122
457,0.8,"Simultaneous entry, time-on-study order",631,630,TRUE,182,285.740975220076,5.65508571939429,-0.294308318634816,0.74504674423238
457,0.8,"Staggered entry, time-on-study order",631,630,TRUE,182,285.740975220076,5.65508571939429,-0.294308318634816,0.74504674423238
457,0.8,"Staggered entry, calendar-event order",631,630,TRUE,196,387.993104598353,5.96098756781163,-0.289941213927514,0.748307556347838
458,0.8,"Simultaneous entry, time-on-study order",631,629,FALSE,NA,1.01993813584625,0.0197419743256963,-0.182586468884671,0.833112602496161
458,0.8,"Staggered entry, time-on-study order",631,629,FALSE,NA,1.01993813584625,0.0197419743256963,-0.182586468884671,0.833112602496161
458,0.8,"Staggered entry, calendar-event order",631,629,FALSE,NA,1.85649924953148,0.618692590396552,-0.183671527733822,0.832209116550837
459,0.8,"Simultaneous entry, time-on-study order",631,627,TRUE,209,22.644105357842,3.11989956895647,-0.224527530165486,0.798893582724636
459,0.8,"Staggered entry, time-on-study order",631,627,TRUE,209,22.644105357842,3.11989956895647,-0.224527530165486,0.798893582724636
459,0.8,"Staggered entry, calendar-event order",631,628,TRUE,210,21.7705985877251,3.0805603708595,-0.227299019199764,0.796682523299326
460,0.8,"Simultaneous entry, time-on-study order",631,630,TRUE,274,19.177304803567,2.95372753839081,-0.226552796034792,0.797277248124463
460,0.8,"Staggered entry, time-on-study order",631,630,TRUE,274,19.177304803567,2.95372753839081,-0.226552796034792,0.797277248124463
460,0.8,"Staggered entry, calendar-event order",631,630,TRUE,216,47.5417857382932,3.86160902408508,-0.23218312081962,0.792800931656882
461,0.8,"Simultaneous entry, time-on-study order",631,630,FALSE,NA,0.0505207579434093,-2.98537097877372,-0.127701987761213,0.880115625294307
461,0.8,"Staggered entry, time-on-study order",631,630,FALSE,NA,0.0505207579434093,-2.98537097877372,-0.127701987761213,0.880115625294307
461,0.8,"Staggered entry, calendar-event order",631,630,FALSE,NA,0.1493575332882,-1.90141229509528,-0.12260230500908,0.884615399727493
462,0.8,"Simultaneous entry, time-on-study order",631,626,TRUE,518,71.6031413995233,4.27113894729917,-0.266577480371839,0.765996651721513
462,0.8,"Staggered entry, time-on-study order",631,626,TRUE,518,71.6031413995233,4.27113894729917,-0.266577480371839,0.765996651721513
462,0.8,"Staggered entry, calendar-event order",631,624,TRUE,511,118.440578304078,4.7744113858969,-0.261173325411329,0.770147421927453
463,0.8,"Simultaneous entry, time-on-study order",631,628,FALSE,NA,0.429962550037914,-0.844057167022422,-0.174432914168635,0.8399331999562
463,0.8,"Staggered entry, time-on-study order",631,628,FALSE,NA,0.429962550037914,-0.844057167022422,-0.174432914168635,0.8399331999562
463,0.8,"Staggered entry, calendar-event order",631,625,FALSE,NA,1.25065950804211,0.223671018612561,-0.180152086555274,0.835143187701639
464,0.8,"Simultaneous entry, time-on-study order",631,628,TRUE,267,1635.45975507503,7.39967923956778,-0.367196589573456,0.692673459278576
464,0.8,"Staggered entry, time-on-study order",631,628,TRUE,267,1635.45975507503,7.39967923956778,-0.367196589573456,0.692673459278576
464,0.8,"Staggered entry, calendar-event order",631,629,TRUE,221,3537.58848376158,8.17120055471615,-0.365999800411309,0.693502939625086
465,0.8,"Simultaneous entry, time-on-study order",631,629,TRUE,302,5546.14233535498,8.62085789035324,-0.395289736958805,0.673484877517237
465,0.8,"Staggered entry, time-on-study order",631,629,TRUE,302,5546.14233535498,8.62085789035324,-0.395289736958805,0.673484877517237
465,0.8,"Staggered entry, calendar-event order",631,629,TRUE,366,2190.22520288984,7.69175964989345,-0.391517081610186,0.676030502706551
466,0.8,"Simultaneous entry, time-on-study order",631,630,FALSE,NA,0.506645691813776,-0.679943352402804,-0.132259193795842,0.876113882364782
466,0.8,"Staggered entry, time-on-study order",631,630,FALSE,NA,0.506645691813776,-0.679943352402804,-0.132259193795842,0.876113882364782
466,0.8,"Staggered entry, calendar-event order",631,630,FALSE,NA,0.604335482573005,-0.503625800520575,-0.142583349807318,0.867115277388871
467,0.8,"Simultaneous entry, time-on-study order",631,627,FALSE,NA,2.01238126714367,0.699318730877563,-0.165242758716327,0.847687895482656
467,0.8,"Staggered entry, time-on-study order",631,627,FALSE,NA,2.01238126714367,0.699318730877563,-0.165242758716327,0.847687895482656
467,0.8,"Staggered entry, calendar-event order",631,627,FALSE,NA,4.18583122345184,1.43170530392091,-0.170251771976585,0.843452432175279
468,0.8,"Simultaneous entry, time-on-study order",631,625,TRUE,540,166.53063476424,5.11517928507396,-0.278290003651718,0.757077234512717
468,0.8,"Staggered entry, time-on-study order",631,625,TRUE,540,166.53063476424,5.11517928507396,-0.278290003651718,0.757077234512717
468,0.8,"Staggered entry, calendar-event order",631,625,TRUE,512,164.253663337303,5.10141196053946,-0.275978242179044,0.758829441056742
469,0.8,"Simultaneous entry, time-on-study order",631,626,FALSE,NA,5.70856212294381,1.74196717460876,-0.205917001267024,0.813900626200346
469,0.8,"Staggered entry, time-on-study order",631,626,FALSE,NA,5.70856212294381,1.74196717460876,-0.205917001267024,0.813900626200346
469,0.8,"Staggered entry, calendar-event order",631,626,TRUE,349,7.1769861870691,1.9708795438354,-0.203022971358177,0.816259490621121
470,0.8,"Simultaneous entry, time-on-study order",631,626,FALSE,NA,0.166251871902375,-1.7942513399464,-0.109467677417656,0.89631113498437
470,0.8,"Staggered entry, time-on-study order",631,626,FALSE,NA,0.166251871902375,-1.7942513399464,-0.109467677417656,0.89631113498437
470,0.8,"Staggered entry, calendar-event order",631,626,FALSE,NA,0.0488888084047698,-3.01820677567348,-0.109800314130969,0.896013038575977
471,0.8,"Simultaneous entry, time-on-study order",631,628,FALSE,NA,3.95630613152883,1.37531079487386,-0.193833931642274,0.823794699142402
471,0.8,"Staggered entry, time-on-study order",631,628,FALSE,NA,3.95630613152883,1.37531079487386,-0.193833931642274,0.823794699142402
471,0.8,"Staggered entry, calendar-event order",631,628,FALSE,NA,8.1670623228807,2.1001092754087,-0.193873189340589,0.823762359493424
472,0.8,"Simultaneous entry, time-on-study order",631,626,TRUE,521,33.7691627962854,3.51954804274535,-0.243976182916874,0.783506294875196
472,0.8,"Staggered entry, time-on-study order",631,626,TRUE,521,33.7691627962854,3.51954804274535,-0.243976182916874,0.783506294875196
472,0.8,"Staggered entry, calendar-event order",631,628,TRUE,434,65.5824790654347,4.18330857285869,-0.245699618877078,0.78215713488093
473,0.8,"Simultaneous entry, time-on-study order",631,628,TRUE,177,12972.0650508422,9.47055348212649,-0.395093968914495,0.673616737241119
473,0.8,"Staggered entry, time-on-study order",631,628,TRUE,177,12972.0650508422,9.47055348212649,-0.395093968914495,0.673616737241119
473,0.8,"Staggered entry, calendar-event order",631,628,TRUE,194,15056.2377589454,9.61954765334137,-0.395904215957792,0.673071162326533
474,0.8,"Simultaneous entry, time-on-study order",631,629,FALSE,NA,1.28803173349238,0.253115265183297,-0.155358546640888,0.856108167740466
474,0.8,"Staggered entry, time-on-study order",631,629,FALSE,NA,1.28803173349238,0.253115265183297,-0.155358546640888,0.856108167740466
474,0.8,"Staggered entry, calendar-event order",631,629,FALSE,NA,0.942175609528302,-0.0595635997756297,-0.161285795422824,0.851048810492783
475,0.8,"Simultaneous entry, time-on-study order",631,630,FALSE,NA,0.222996401520314,-1.50059964433242,-0.120403111223123,0.886562981187108
475,0.8,"Staggered entry, time-on-study order",631,630,FALSE,NA,0.222996401520314,-1.50059964433242,-0.120403111223123,0.886562981187108
475,0.8,"Staggered entry, calendar-event order",631,630,FALSE,NA,0.233655497609378,-1.45390748086202,-0.114836695031989,0.8915117203128
476,0.8,"Simultaneous entry, time-on-study order",631,630,TRUE,451,10.2060802976162,2.32298365029809,-0.198938468860337,0.819600322723346
476,0.8,"Staggered entry, time-on-study order",631,630,TRUE,451,10.2060802976162,2.32298365029809,-0.198938468860337,0.819600322723346
476,0.8,"Staggered entry, calendar-event order",631,630,FALSE,NA,5.52314067780912,1.70894666186193,-0.19813228413859,0.820261338396032
477,0.8,"Simultaneous entry, time-on-study order",631,629,TRUE,512,15.761656091469,2.75758016085501,-0.239096494272983,0.787338905011827
477,0.8,"Staggered entry, time-on-study order",631,629,TRUE,512,15.761656091469,2.75758016085501,-0.239096494272983,0.787338905011827
477,0.8,"Staggered entry, calendar-event order",631,629,TRUE,397,40.1338089010037,3.69221909382919,-0.236577845851416,0.789324434277633
478,0.8,"Simultaneous entry, time-on-study order",631,629,FALSE,NA,0.321893337470082,-1.13353503840607,-0.121966994411806,0.8851775838273
478,0.8,"Staggered entry, time-on-study order",631,629,FALSE,NA,0.321893337470082,-1.13353503840607,-0.121966994411806,0.8851775838273
478,0.8,"Staggered entry, calendar-event order",631,628,FALSE,NA,0.427924615078144,-0.848808231908569,-0.123655295228958,0.883684398616782
479,0.8,"Simultaneous entry, time-on-study order",631,629,TRUE,241,626.047121446881,6.43942564214397,-0.315957244663347,0.729090622016233
479,0.8,"Staggered entry, time-on-study order",631,629,TRUE,241,626.047121446881,6.43942564214397,-0.315957244663347,0.729090622016233
479,0.8,"Staggered entry, calendar-event order",631,629,TRUE,190,427.978229395679,6.05907232839014,-0.313606824834641,0.730806306570787
480,0.8,"Simultaneous entry, time-on-study order",631,625,TRUE,235,845.220285063646,6.73959728576583,-0.324134187290397,0.723153197900752
480,0.8,"Staggered entry, time-on-study order",631,625,TRUE,235,845.220285063646,6.73959728576583,-0.324134187290397,0.723153197900752
480,0.8,"Staggered entry, calendar-event order",631,625,TRUE,157,418.29467265099,6.03618614265343,-0.31727825279861,0.728128123247525
481,0.8,"Simultaneous entry, time-on-study order",631,622,TRUE,546,301.973459506899,5.7103391310855,-0.29534748047569,0.744272922218895
481,0.8,"Staggered entry, time-on-study order",631,622,TRUE,546,301.973459506899,5.7103391310855,-0.29534748047569,0.744272922218895
481,0.8,"Staggered entry, calendar-event order",631,622,TRUE,554,201.856308888626,5.30755610214183,-0.296481520676917,0.743429365208599
482,0.8,"Simultaneous entry, time-on-study order",631,630,FALSE,NA,1.8528156508853,0.61670645551398,-0.155762657812717,0.855762274759904
482,0.8,"Staggered entry, time-on-study order",631,630,FALSE,NA,1.8528156508853,0.61670645551398,-0.155762657812717,0.855762274759904
482,0.8,"Staggered entry, calendar-event order",631,630,FALSE,NA,1.48544883509665,0.395716972443914,-0.156181053271544,0.855404302602494
483,0.8,"Simultaneous entry, time-on-study order",631,624,TRUE,457,156.304518919032,5.05180614883951,-0.285414613917935,0.751702523371516
483,0.8,"Staggered entry, time-on-study order",631,624,TRUE,457,156.304518919032,5.05180614883951,-0.285414613917935,0.751702523371516
483,0.8,"Staggered entry, calendar-event order",631,625,TRUE,309,393.530889698096,5.9751595646446,-0.287074527490079,0.750455797165892
484,0.8,"Simultaneous entry, time-on-study order",631,627,FALSE,NA,9.92619501973254,2.29517722433599,-0.221237242594696,0.801526501504898
484,0.8,"Staggered entry, time-on-study order",631,627,FALSE,NA,9.92619501973254,2.29517722433599,-0.221237242594696,0.801526501504898
484,0.8,"Staggered entry, calendar-event order",631,629,TRUE,283,27.1003594617583,3.29954699206921,-0.215115302798589,0.806448449053268
485,0.8,"Simultaneous entry, time-on-study order",631,630,TRUE,447,48.7299086050566,3.88629298131613,-0.23053765072159,0.794106535755281
485,0.8,"Staggered entry, time-on-study order",631,630,TRUE,447,48.7299086050566,3.88629298131613,-0.23053765072159,0.794106535755281
485,0.8,"Staggered entry, calendar-event order",631,630,TRUE,465,35.5771149951165,3.57170259393372,-0.23532099821342,0.790317118524217
486,0.8,"Simultaneous entry, time-on-study order",631,629,FALSE,NA,1.26999857067056,0.239015775013618,-0.146566052275042,0.863668683169264
486,0.8,"Staggered entry, time-on-study order",631,629,FALSE,NA,1.26999857067056,0.239015775013618,-0.146566052275042,0.863668683169264
486,0.8,"Staggered entry, calendar-event order",631,629,FALSE,NA,1.6136926707222,0.478525137046323,-0.151630192690617,0.859305999629779
487,0.8,"Simultaneous entry, time-on-study order",631,629,FALSE,NA,0.536760239408758,-0.622203765723773,-0.17960951706087,0.835596433866398
487,0.8,"Staggered entry, time-on-study order",631,629,FALSE,NA,0.536760239408758,-0.622203765723773,-0.17960951706087,0.835596433866398
487,0.8,"Staggered entry, calendar-event order",631,628,FALSE,NA,2.56937980245499,0.943664547782338,-0.175606393467357,0.838948133824139
488,0.8,"Simultaneous entry, time-on-study order",631,630,TRUE,262,215.293455635175,5.37200200741588,-0.274665333480783,0.759826369124965
488,0.8,"Staggered entry, time-on-study order",631,630,TRUE,262,215.293455635175,5.37200200741588,-0.274665333480783,0.759826369124965
488,0.8,"Staggered entry, calendar-event order",631,630,TRUE,227,148.520654281244,5.00072403464016,-0.263458652594794,0.768389392689991
489,0.8,"Simultaneous entry, time-on-study order",631,628,FALSE,NA,4.41437155059512,1.48486547977797,-0.205232281907114,0.814458110554533
489,0.8,"Staggered entry, time-on-study order",631,628,FALSE,NA,4.41437155059512,1.48486547977797,-0.205232281907114,0.814458110554533
489,0.8,"Staggered entry, calendar-event order",631,625,FALSE,NA,6.72315534407697,1.90555758958273,-0.210605560284495,0.810093536935537
490,0.8,"Simultaneous entry, time-on-study order",631,625,TRUE,174,232.863552053078,5.45045266852104,-0.271247608241206,0.762427689651694
490,0.8,"Staggered entry, time-on-study order",631,625,TRUE,174,232.863552053078,5.45045266852104,-0.271247608241206,0.762427689651694
490,0.8,"Staggered entry, calendar-event order",631,625,TRUE,367,99.1723381173586,4.59685912578164,-0.273049839354658,0.761054856200811
491,0.8,"Simultaneous entry, time-on-study order",631,622,TRUE,192,1087.28851961111,6.9914422793267,-0.323207831886831,0.723823405150359
491,0.8,"Staggered entry, time-on-study order",631,622,TRUE,192,1087.28851961111,6.9914422793267,-0.323207831886831,0.723823405150359
491,0.8,"Staggered entry, calendar-event order",631,623,TRUE,159,1091.13085269578,6.99496991695065,-0.321252391674456,0.725240183304486
492,0.8,"Simultaneous entry, time-on-study order",631,628,TRUE,184,175.785603778087,5.16926509212595,-0.320703149313831,0.725638625345392
492,0.8,"Staggered entry, time-on-study order",631,628,TRUE,184,175.785603778087,5.16926509212595,-0.320703149313831,0.725638625345392
492,0.8,"Staggered entry, calendar-event order",631,628,TRUE,193,883.888986962477,6.78433147439258,-0.327271646716308,0.720887889598306
493,0.8,"Simultaneous entry, time-on-study order",631,624,TRUE,556,29.8156389259247,3.39503305202598,-0.236853078217791,0.789107216539797
493,0.8,"Staggered entry, time-on-study order",631,624,TRUE,556,29.8156389259247,3.39503305202598,-0.236853078217791,0.789107216539797
493,0.8,"Staggered entry, calendar-event order",631,624,TRUE,562,37.8614867675461,3.63393441515133,-0.241837765763251,0.785183550873477
494,0.8,"Simultaneous entry, time-on-study order",631,630,TRUE,237,58.5540167447291,4.06994969135805,-0.238173896532031,0.788065637296188
494,0.8,"Staggered entry, time-on-study order",631,630,TRUE,237,58.5540167447291,4.06994969135805,-0.238173896532031,0.788065637296188
494,0.8,"Staggered entry, calendar-event order",631,630,TRUE,246,38.3083569645728,3.64566806989342,-0.229380661586609,0.795025840099186
495,0.8,"Simultaneous entry, time-on-study order",631,625,FALSE,NA,0.19257953484414,-1.6472460425632,-0.0887744413657257,0.91505194816651
495,0.8,"Staggered entry, time-on-study order",631,625,FALSE,NA,0.19257953484414,-1.6472460425632,-0.0887744413657257,0.91505194816651
495,0.8,"Staggered entry, calendar-event order",631,625,FALSE,NA,0.25222144819283,-1.37744781468662,-0.0898685343323387,0.91405134374288
496,0.8,"Simultaneous entry, time-on-study order",631,626,FALSE,NA,0.181039475457608,-1.70904017504501,-0.140431642970153,0.868983064003824
496,0.8,"Staggered entry, time-on-study order",631,626,FALSE,NA,0.181039475457608,-1.70904017504501,-0.140431642970153,0.868983064003824
496,0.8,"Staggered entry, calendar-event order",631,625,FALSE,NA,0.910238351276963,-0.0940487892872904,-0.144762874330787,0.865227436422291
497,0.8,"Simultaneous entry, time-on-study order",631,629,FALSE,NA,0.0378514432860312,-3.27408616809434,-0.0526201360116423,0.948740336329012
497,0.8,"Staggered entry, time-on-study order",631,629,FALSE,NA,0.0378514432860312,-3.27408616809434,-0.0526201360116423,0.948740336329012
497,0.8,"Staggered entry, calendar-event order",631,629,FALSE,NA,0.0422406030963256,-3.16437336183744,-0.055975859631162,0.9455619618294
498,0.8,"Simultaneous entry, time-on-study order",631,630,FALSE,NA,0.0758184875348381,-2.57941311719582,-0.144644041623361,0.865330259850372
498,0.8,"Staggered entry, time-on-study order",631,630,FALSE,NA,0.0758184875348381,-2.57941311719582,-0.144644041623361,0.865330259850372
498,0.8,"Staggered entry, calendar-event order",631,630,FALSE,NA,0.410538440953252,-0.890285710251706,-0.142598742186462,0.86710193052448
499,0.8,"Simultaneous entry, time-on-study order",631,630,FALSE,NA,0.186439307950596,-1.67964951939934,-0.120010647398465,0.886910993372134
499,0.8,"Staggered entry, time-on-study order",631,630,FALSE,NA,0.186439307950596,-1.67964951939934,-0.120010647398465,0.886910993372134
499,0.8,"Staggered entry, calendar-event order",631,630,FALSE,NA,0.158516466564777,-1.8418968010624,-0.114215658800955,0.892065553348896
500,0.8,"Simultaneous entry, time-on-study order",631,630,FALSE,NA,0.00488800958439431,-5.32097009631397,-0.097710419450843,0.906911489659413
500,0.8,"Staggered entry, time-on-study order",631,630,FALSE,NA,0.00488800958439431,-5.32097009631397,-0.097710419450843,0.906911489659413
500,0.8,"Staggered entry, calendar-event order",631,630,FALSE,NA,0.0155957494562382,-4.16075687260751,-0.0917334001588858,0.912348349050073
501,0.8,"Simultaneous entry, time-on-study order",631,630,TRUE,178,29.4948843979109,3.38421683806817,-0.213682859247702,0.807604468702014
501,0.8,"Staggered entry, time-on-study order",631,630,TRUE,178,29.4948843979109,3.38421683806817,-0.213682859247702,0.807604468702014
501,0.8,"Staggered entry, calendar-event order",631,630,TRUE,155,29.91355271269,3.39831164568468,-0.223091452561383,0.800041680087992
502,0.8,"Simultaneous entry, time-on-study order",631,629,TRUE,253,6714.35780581301,8.81200346861522,-0.387840092124311,0.6785208354149
502,0.8,"Staggered entry, time-on-study order",631,629,TRUE,253,6714.35780581301,8.81200346861522,-0.387840092124311,0.6785208354149
502,0.8,"Staggered entry, calendar-event order",631,629,TRUE,264,4621.93630152222,8.43856900915611,-0.387259963349713,0.67891457907566
503,0.8,"Simultaneous entry, time-on-study order",631,628,TRUE,275,434.189402983787,6.07348085130525,-0.314236902868991,0.730345986603631
503,0.8,"Staggered entry, time-on-study order",631,628,TRUE,275,434.189402983787,6.07348085130525,-0.314236902868991,0.730345986603631
503,0.8,"Staggered entry, calendar-event order",631,628,TRUE,224,536.633850340959,6.28531601900776,-0.312126065879554,0.731889256149442
504,0.8,"Simultaneous entry, time-on-study order",631,630,FALSE,NA,0.532001736284678,-0.631108525952814,-0.108248476285509,0.89740458496718
504,0.8,"Staggered entry, time-on-study order",631,630,FALSE,NA,0.532001736284678,-0.631108525952814,-0.108248476285509,0.89740458496718
504,0.8,"Staggered entry, calendar-event order",631,630,FALSE,NA,0.360149088589939,-1.02123719829015,-0.109750431949942,0.896057734775332
505,0.8,"Simultaneous entry, time-on-study order",631,628,TRUE,229,112.713572317606,4.72484984252243,-0.256742031782129,0.773567743920425
505,0.8,"Staggered entry, time-on-study order",631,628,TRUE,229,112.713572317606,4.72484984252243,-0.256742031782129,0.773567743920425
505,0.8,"Staggered entry, calendar-event order",631,627,TRUE,231,78.7762850973362,4.36661200102771,-0.251532117802919,0.777608482132714
506,0.8,"Simultaneous entry, time-on-study order",631,630,TRUE,276,173.639327050573,5.15698031488007,-0.286127598518913,0.751166762065314
506,0.8,"Staggered entry, time-on-study order",631,630,TRUE,276,173.639327050573,5.15698031488007,-0.286127598518913,0.751166762065314
506,0.8,"Staggered entry, calendar-event order",631,630,TRUE,301,241.833242002223,5.48824840599468,-0.28997387004883,0.748283119924498
507,0.8,"Simultaneous entry, time-on-study order",631,624,TRUE,404,733.824507527679,6.59826990946607,-0.32740891526668,0.72078894115413
507,0.8,"Staggered entry, time-on-study order",631,624,TRUE,404,733.824507527679,6.59826990946607,-0.32740891526668,0.72078894115413
507,0.8,"Staggered entry, calendar-event order",631,624,TRUE,383,1604.33639749332,7.38046549056045,-0.329388251778221,0.719363668298414
508,0.8,"Simultaneous entry, time-on-study order",631,622,FALSE,NA,15.2265441029073,2.72304022736358,-0.204848212681817,0.814770978927801
508,0.8,"Staggered entry, time-on-study order",631,622,FALSE,NA,15.2265441029073,2.72304022736358,-0.204848212681817,0.814770978927801
508,0.8,"Staggered entry, calendar-event order",631,622,FALSE,NA,18.5320286440288,2.91950051320553,-0.201443795497504,0.817549526233213
509,0.8,"Simultaneous entry, time-on-study order",631,629,TRUE,248,101.71016518485,4.62212725071297,-0.270258938612415,0.763181851499629
509,0.8,"Staggered entry, time-on-study order",631,629,TRUE,248,101.71016518485,4.62212725071297,-0.270258938612415,0.763181851499629
509,0.8,"Staggered entry, calendar-event order",631,629,TRUE,338,43.7730411606884,3.77901812927095,-0.266783786419921,0.765838638279577
510,0.8,"Simultaneous entry, time-on-study order",631,630,TRUE,213,298.097471925007,5.69742052002078,-0.296190309476911,0.7436458916921
510,0.8,"Staggered entry, time-on-study order",631,630,TRUE,213,298.097471925007,5.69742052002078,-0.296190309476911,0.7436458916921
510,0.8,"Staggered entry, calendar-event order",631,630,TRUE,180,499.21596572928,6.21303879917455,-0.295282250455155,0.744321472740353
511,0.8,"Simultaneous entry, time-on-study order",631,629,TRUE,170,250.365001826647,5.52291986039442,-0.285065155084304,0.75196525836343
511,0.8,"Staggered entry, time-on-study order",631,629,TRUE,170,250.365001826647,5.52291986039442,-0.285065155084304,0.75196525836343
511,0.8,"Staggered entry, calendar-event order",631,629,TRUE,229,135.818117699609,4.91131662080305,-0.279809733377085,0.755927555556944
512,0.8,"Simultaneous entry, time-on-study order",631,630,TRUE,334,187.064990804892,5.23145610088621,-0.262824013576528,0.768877197353377
512,0.8,"Staggered entry, time-on-study order",631,630,TRUE,334,187.064990804892,5.23145610088621,-0.262824013576528,0.768877197353377
512,0.8,"Staggered entry, calendar-event order",631,630,TRUE,369,102.092657756492,4.62588081030755,-0.268158863394152,0.764786274908244
513,0.8,"Simultaneous entry, time-on-study order",631,628,FALSE,NA,1.96024075097842,0.673067297831023,-0.158752556455384,0.853207453527655
513,0.8,"Staggered entry, time-on-study order",631,628,FALSE,NA,1.96024075097842,0.673067297831023,-0.158752556455384,0.853207453527655
513,0.8,"Staggered entry, calendar-event order",631,628,FALSE,NA,3.36711395311558,1.21405598371541,-0.16398760710614,0.848752540315175
514,0.8,"Simultaneous entry, time-on-study order",631,629,TRUE,362,82.3803455672811,4.41134688379497,-0.2565900913072,0.773685289100535
514,0.8,"Staggered entry, time-on-study order",631,629,TRUE,362,82.3803455672811,4.41134688379497,-0.2565900913072,0.773685289100535
514,0.8,"Staggered entry, calendar-event order",631,627,TRUE,309,112.589327154196,4.72374692572644,-0.256489184134547,0.773763363434646
515,0.8,"Simultaneous entry, time-on-study order",631,630,FALSE,NA,1.18299744015687,0.168051421136653,-0.160083276081124,0.852072828725598
515,0.8,"Staggered entry, time-on-study order",631,630,FALSE,NA,1.18299744015687,0.168051421136653,-0.160083276081124,0.852072828725598
515,0.8,"Staggered entry, calendar-event order",631,630,FALSE,NA,2.63558683523929,0.969105865068307,-0.153701221718286,0.857528193540345
516,0.8,"Simultaneous entry, time-on-study order",631,628,FALSE,NA,3.1601146154806,1.15060829766276,-0.171175782696545,0.842673433043372
516,0.8,"Staggered entry, time-on-study order",631,628,FALSE,NA,3.1601146154806,1.15060829766276,-0.171175782696545,0.842673433043372
516,0.8,"Staggered entry, calendar-event order",631,629,FALSE,NA,4.0449244821955,1.39746288091603,-0.165993680877461,0.847051586795261
517,0.8,"Simultaneous entry, time-on-study order",631,629,FALSE,NA,2.15706884256359,0.768750282782554,-0.181433617387097,0.834073611451466
517,0.8,"Staggered entry, time-on-study order",631,629,FALSE,NA,2.15706884256359,0.768750282782554,-0.181433617387097,0.834073611451466
517,0.8,"Staggered entry, calendar-event order",631,628,FALSE,NA,0.331568772187737,-1.10392003329267,-0.185266206997024,0.830883067522481
518,0.8,"Simultaneous entry, time-on-study order",631,630,FALSE,NA,2.91793756366223,1.07087705290876,-0.161043159785174,0.85125533031711
518,0.8,"Staggered entry, time-on-study order",631,630,FALSE,NA,2.91793756366223,1.07087705290876,-0.161043159785174,0.85125533031711
518,0.8,"Staggered entry, calendar-event order",631,630,FALSE,NA,1.95909219081778,0.672481197996905,-0.158503669439867,0.853419832212433
519,0.8,"Simultaneous entry, time-on-study order",631,625,TRUE,137,2605.46116261337,7.86536496831354,-0.351585154993432,0.703571934747512
519,0.8,"Staggered entry, time-on-study order",631,625,TRUE,137,2605.46116261337,7.86536496831354,-0.351585154993432,0.703571934747512
519,0.8,"Staggered entry, calendar-event order",631,625,TRUE,299,1252.06332349717,7.13254812825416,-0.351230126316518,0.703821767306856
520,0.8,"Simultaneous entry, time-on-study order",631,615,TRUE,313,636.012058151365,6.45521752251789,-0.325160652684242,0.722411287006729
520,0.8,"Staggered entry, time-on-study order",631,615,TRUE,313,636.012058151365,6.45521752251789,-0.325160652684242,0.722411287006729
520,0.8,"Staggered entry, calendar-event order",631,618,TRUE,283,567.718619278644,6.34162590738175,-0.32819073307787,0.720225635751618
521,0.8,"Simultaneous entry, time-on-study order",631,627,TRUE,473,214.704977356934,5.36926488746154,-0.297122605299975,0.742952916812422
521,0.8,"Staggered entry, time-on-study order",631,627,TRUE,473,214.704977356934,5.36926488746154,-0.297122605299975,0.742952916812422
521,0.8,"Staggered entry, calendar-event order",631,627,TRUE,448,172.736547375077,5.15176758624401,-0.302844595251931,0.738713887096259
522,0.8,"Simultaneous entry, time-on-study order",631,630,FALSE,NA,0.0121663275081293,-4.40908318349451,-0.0509797366130948,0.950297926591891
522,0.8,"Staggered entry, time-on-study order",631,630,FALSE,NA,0.0121663275081293,-4.40908318349451,-0.0509797366130948,0.950297926591891
522,0.8,"Staggered entry, calendar-event order",631,629,FALSE,NA,0.000994036776328831,-6.91373635367338,-0.0523665628849482,0.948980941886779
523,0.8,"Simultaneous entry, time-on-study order",631,623,TRUE,582,44.1205640459168,3.78692597866253,-0.23656351093838,0.789335749255855
523,0.8,"Staggered entry, time-on-study order",631,623,TRUE,582,44.1205640459168,3.78692597866253,-0.23656351093838,0.789335749255855
523,0.8,"Staggered entry, calendar-event order",631,623,TRUE,623,20.4295374374465,3.01698176723432,-0.238122632552003,0.788106037712812
524,0.8,"Simultaneous entry, time-on-study order",631,625,FALSE,NA,0.448554818043818,-0.801724379659394,-0.13813009523482,0.870985373328197
524,0.8,"Staggered entry, time-on-study order",631,625,FALSE,NA,0.448554818043818,-0.801724379659394,-0.13813009523482,0.870985373328197
524,0.8,"Staggered entry, calendar-event order",631,628,FALSE,NA,0.735283940901501,-0.307498540217698,-0.131771081238741,0.876541628937959
525,0.8,"Simultaneous entry, time-on-study order",631,630,TRUE,606,28.710305610199,3.35725613880634,-0.225884644853756,0.797810127861699
525,0.8,"Staggered entry, time-on-study order",631,630,TRUE,606,28.710305610199,3.35725613880634,-0.225884644853756,0.797810127861699
525,0.8,"Staggered entry, calendar-event order",631,630,TRUE,615,17.0238956062182,2.83461798098689,-0.225194610713365,0.798360834068664
526,0.8,"Simultaneous entry, time-on-study order",631,629,TRUE,594,21.1036564549238,3.0494463171713,-0.25521117852291,0.774752869517677
526,0.8,"Staggered entry, time-on-study order",631,629,TRUE,594,21.1036564549238,3.0494463171713,-0.25521117852291,0.774752869517677
526,0.8,"Staggered entry, calendar-event order",631,629,TRUE,444,70.2628809435024,4.25224365003209,-0.258795037081571,0.77198123435619
527,0.8,"Simultaneous entry, time-on-study order",631,625,TRUE,237,464.606775924003,6.14119140465528,-0.334346211417045,0.715805919141574
527,0.8,"Staggered entry, time-on-study order",631,625,TRUE,237,464.606775924003,6.14119140465528,-0.334346211417045,0.715805919141574
527,0.8,"Staggered entry, calendar-event order",631,619,TRUE,174,1753.25424871991,7.46922891075354,-0.334127678410299,0.715962363454831
528,0.8,"Simultaneous entry, time-on-study order",631,628,TRUE,538,23.806487595573,3.16995813158134,-0.219296254001239,0.803083766129201
528,0.8,"Staggered entry, time-on-study order",631,628,TRUE,538,23.806487595573,3.16995813158134,-0.219296254001239,0.803083766129201
528,0.8,"Staggered entry, calendar-event order",631,628,FALSE,NA,8.96076432850288,2.19285552786903,-0.217227214606971,0.804747098234663
529,0.8,"Simultaneous entry, time-on-study order",631,630,FALSE,NA,0.372664711914713,-0.987076159258315,-0.153808150887771,0.857436503665049
529,0.8,"Staggered entry, time-on-study order",631,630,FALSE,NA,0.372664711914713,-0.987076159258315,-0.153808150887771,0.857436503665049
529,0.8,"Staggered entry, calendar-event order",631,630,FALSE,NA,0.461175507365523,-0.773976598316758,-0.158391910830277,0.853515214556077
530,0.8,"Simultaneous entry, time-on-study order",631,630,TRUE,343,254.947354430898,5.54105707063187,-0.27989334627804,0.755864352903427
530,0.8,"Staggered entry, time-on-study order",631,630,TRUE,343,254.947354430898,5.54105707063187,-0.27989334627804,0.755864352903427
530,0.8,"Staggered entry, calendar-event order",631,629,TRUE,431,181.225866074045,5.19974413217425,-0.283472595598141,0.753163761859649
531,0.8,"Simultaneous entry, time-on-study order",631,629,FALSE,NA,1.46723235426677,0.383377873985466,-0.147682610921335,0.862704884602481
531,0.8,"Staggered entry, time-on-study order",631,629,FALSE,NA,1.46723235426677,0.383377873985466,-0.147682610921335,0.862704884602481
531,0.8,"Staggered entry, calendar-event order",631,630,FALSE,NA,0.826282676798826,-0.190818340278949,-0.140430852075203,0.868983751278413
532,0.8,"Simultaneous entry, time-on-study order",631,629,TRUE,240,729.996316400348,6.59303948810278,-0.35026248715184,0.704503142423314
532,0.8,"Staggered entry, time-on-study order",631,629,TRUE,240,729.996316400348,6.59303948810278,-0.35026248715184,0.704503142423314
532,0.8,"Staggered entry, calendar-event order",631,629,TRUE,208,3720.02458185915,8.22148555527201,-0.359289165468845,0.69817243479989
533,0.8,"Simultaneous entry, time-on-study order",631,627,TRUE,228,25.4734097100782,3.23763515164809,-0.214644974625837,0.806827833689377
533,0.8,"Staggered entry, time-on-study order",631,627,TRUE,228,25.4734097100782,3.23763515164809,-0.214644974625837,0.806827833689377
533,0.8,"Staggered entry, calendar-event order",631,626,TRUE,230,25.9146794274462,3.25480958141066,-0.213349552530376,0.807873693561108
534,0.8,"Simultaneous entry, time-on-study order",631,630,TRUE,145,10115.1122337974,9.22178584531858,-0.397421883634243,0.67205043873504
534,0.8,"Staggered entry, time-on-study order",631,630,TRUE,145,10115.1122337974,9.22178584531858,-0.397421883634243,0.67205043873504
534,0.8,"Staggered entry, calendar-event order",631,630,TRUE,131,8378.15711419486,9.03338325451745,-0.393720808218032,0.674542356635821
535,0.8,"Simultaneous entry, time-on-study order",631,627,TRUE,402,2217.32765159919,7.70405798922374,-0.365449468063055,0.693884701764763
535,0.8,"Staggered entry, time-on-study order",631,627,TRUE,402,2217.32765159919,7.70405798922374,-0.365449468063055,0.693884701764763
535,0.8,"Staggered entry, calendar-event order",631,626,TRUE,371,2468.69945200587,7.81144675330295,-0.371042650260773,0.690014511632338
536,0.8,"Simultaneous entry, time-on-study order",631,630,TRUE,273,269.378766586296,5.5961184434472,-0.291680581188268,0.747007105991604
536,0.8,"Staggered entry, time-on-study order",631,630,TRUE,273,269.378766586296,5.5961184434472,-0.291680581188268,0.747007105991604
536,0.8,"Staggered entry, calendar-event order",631,630,TRUE,262,199.079636795414,5.29370492957345,-0.291636222256925,0.74704024316349
537,0.8,"Simultaneous entry, time-on-study order",631,628,TRUE,199,609.40265229434,6.4124792188466,-0.310505438753228,0.73307633737963
537,0.8,"Staggered entry, time-on-study order",631,628,TRUE,199,609.40265229434,6.4124792188466,-0.310505438753228,0.73307633737963
537,0.8,"Staggered entry, calendar-event order",631,629,TRUE,268,417.984967201214,6.03544546824459,-0.303955460080087,0.737893731446386
538,0.8,"Simultaneous entry, time-on-study order",631,630,FALSE,NA,0.387082855788315,-0.949116511223759,-0.132162828872811,0.876198313079636
538,0.8,"Staggered entry, time-on-study order",631,630,FALSE,NA,0.387082855788315,-0.949116511223759,-0.132162828872811,0.876198313079636
538,0.8,"Staggered entry, calendar-event order",631,630,TRUE,322,1.00680273871248,0.00677970449033771,-0.138584549237092,0.87058964046737
539,0.8,"Simultaneous entry, time-on-study order",631,630,FALSE,NA,5.23420892546818,1.65521572029031,-0.188299044300875,0.828366951773637
539,0.8,"Staggered entry, time-on-study order",631,630,FALSE,NA,5.23420892546818,1.65521572029031,-0.188299044300875,0.828366951773637
539,0.8,"Staggered entry, calendar-event order",631,630,FALSE,NA,4.616470111749,1.52963036798647,-0.193514783535571,0.824057653619425
540,0.8,"Simultaneous entry, time-on-study order",631,629,FALSE,NA,0.502949810827876,-0.68726489352697,-0.128122969549319,0.879745190623227
540,0.8,"Staggered entry, time-on-study order",631,629,FALSE,NA,0.502949810827876,-0.68726489352697,-0.128122969549319,0.879745190623227
540,0.8,"Staggered entry, calendar-event order",631,630,FALSE,NA,0.77011522735554,-0.261215129413955,-0.126356805573745,0.881300337804802
541,0.8,"Simultaneous entry, time-on-study order",631,624,TRUE,563,60.9266910191589,4.10967135487757,-0.324587120969236,0.722825731628313
541,0.8,"Staggered entry, time-on-study order",631,624,TRUE,563,60.9266910191589,4.10967135487757,-0.324587120969236,0.722825731628313
541,0.8,"Staggered entry, calendar-event order",631,624,TRUE,491,873.26193573238,6.77223555176688,-0.324477263892442,0.722905143512119
542,0.8,"Simultaneous entry, time-on-study order",631,621,TRUE,477,86.4916601221848,4.4600479945172,-0.275189985033235,0.759427829597142
542,0.8,"Staggered entry, time-on-study order",631,621,TRUE,477,86.4916601221848,4.4600479945172,-0.275189985033235,0.759427829597142
542,0.8,"Staggered entry, calendar-event order",631,623,TRUE,334,305.936515303609,5.72337761410019,-0.278925548289057,0.756596231002063
543,0.8,"Simultaneous entry, time-on-study order",631,627,TRUE,400,1.31206100985455,0.27159919085427,-0.165382503466067,0.847569443826536
543,0.8,"Staggered entry, time-on-study order",631,627,TRUE,400,1.31206100985455,0.27159919085427,-0.165382503466067,0.847569443826536
543,0.8,"Staggered entry, calendar-event order",631,627,TRUE,385,2.64860324825063,0.97403242491284,-0.164416460191463,0.848388628207578
544,0.8,"Simultaneous entry, time-on-study order",631,627,TRUE,455,294.490479336005,5.68524667433819,-0.30991653769063,0.733508173955707
544,0.8,"Staggered entry, time-on-study order",631,627,TRUE,455,294.490479336005,5.68524667433819,-0.30991653769063,0.733508173955707
544,0.8,"Staggered entry, calendar-event order",631,627,TRUE,421,399.487450772406,5.99018235237855,-0.314766003315168,0.729959662427415
545,0.8,"Simultaneous entry, time-on-study order",631,629,FALSE,NA,5.56892160861805,1.71720142812456,-0.173213406749945,0.84095812955235
545,0.8,"Staggered entry, time-on-study order",631,629,FALSE,NA,5.56892160861805,1.71720142812456,-0.173213406749945,0.84095812955235
545,0.8,"Staggered entry, calendar-event order",631,628,FALSE,NA,4.87507689138712,1.58413587691765,-0.166798757922925,0.846369919440597
546,0.8,"Simultaneous entry, time-on-study order",631,624,TRUE,223,695.593389966598,6.54476527979926,-0.305637969577713,0.736653262078367
546,0.8,"Staggered entry, time-on-study order",631,624,TRUE,223,695.593389966598,6.54476527979926,-0.305637969577713,0.736653262078367
546,0.8,"Staggered entry, calendar-event order",631,626,TRUE,265,712.073139496833,6.56818063014863,-0.309049223073535,0.734144632281645
547,0.8,"Simultaneous entry, time-on-study order",631,630,TRUE,247,41.7761416236272,3.73232540202253,-0.293275893649237,0.7458163463164
547,0.8,"Staggered entry, time-on-study order",631,630,TRUE,247,41.7761416236272,3.73232540202253,-0.293275893649237,0.7458163463164
547,0.8,"Staggered entry, calendar-event order",631,630,TRUE,176,235.411903042795,5.46133675872535,-0.289363053792194,0.748740323038046
548,0.8,"Simultaneous entry, time-on-study order",631,629,TRUE,432,476.67077312056,6.16682604948697,-0.321454991031098,0.725093264993218
548,0.8,"Staggered entry, time-on-study order",631,629,TRUE,432,476.67077312056,6.16682604948697,-0.321454991031098,0.725093264993218
548,0.8,"Staggered entry, calendar-event order",631,629,TRUE,325,1217.85934929841,7.1048499648354,-0.322066915164813,0.72464969865349
549,0.8,"Simultaneous entry, time-on-study order",631,629,TRUE,541,19.7247199831642,2.98187267059387,-0.238886151249704,0.787504533676259
549,0.8,"Staggered entry, time-on-study order",631,629,TRUE,541,19.7247199831642,2.98187267059387,-0.238886151249704,0.787504533676259
549,0.8,"Staggered entry, calendar-event order",631,630,TRUE,524,39.1396624568577,3.66713633793631,-0.24118614343216,0.785695360744492
550,0.8,"Simultaneous entry, time-on-study order",631,625,FALSE,NA,4.08312083248595,1.4068616059446,-0.245367024547062,0.782417319174685
550,0.8,"Staggered entry, time-on-study order",631,625,FALSE,NA,4.08312083248595,1.4068616059446,-0.245367024547062,0.782417319174685
550,0.8,"Staggered entry, calendar-event order",631,625,TRUE,576,35.3076014841643,3.56409828025177,-0.249089628157274,0.779510104199408
551,0.8,"Simultaneous entry, time-on-study order",631,630,FALSE,NA,1.29980251487324,0.262212341291778,-0.137597205603903,0.871449636091744
551,0.8,"Staggered entry, time-on-study order",631,630,FALSE,NA,1.29980251487324,0.262212341291778,-0.137597205603903,0.871449636091744
551,0.8,"Staggered entry, calendar-event order",631,630,FALSE,NA,0.81375136019256,-0.20610041394916,-0.130742499084334,0.877443687856402
552,0.8,"Simultaneous entry, time-on-study order",631,629,TRUE,234,1358.7219514752,7.21429979533381,-0.322338944969541,0.724452599147154
552,0.8,"Staggered entry, time-on-study order",631,629,TRUE,234,1358.7219514752,7.21429979533381,-0.322338944969541,0.724452599147154
552,0.8,"Staggered entry, calendar-event order",631,628,TRUE,215,904.510908859636,6.80739436541451,-0.321570057317907,0.725009836003649
553,0.8,"Simultaneous entry, time-on-study order",631,630,TRUE,323,5.15015614118394,1.63902703289254,-0.173800912820418,0.840464206651783
553,0.8,"Staggered entry, time-on-study order",631,630,TRUE,323,5.15015614118394,1.63902703289254,-0.173800912820418,0.840464206651783
553,0.8,"Staggered entry, calendar-event order",631,630,TRUE,183,4.72518341370864,1.55290637790843,-0.173555504850152,0.840670488577398
554,0.8,"Simultaneous entry, time-on-study order",631,630,TRUE,606,13.2401308061772,2.58325243008069,-0.200124451326595,0.818628867289679
554,0.8,"Staggered entry, time-on-study order",631,630,TRUE,606,13.2401308061772,2.58325243008069,-0.200124451326595,0.818628867289679
554,0.8,"Staggered entry, calendar-event order",631,630,TRUE,605,18.1180487617614,2.89690861058697,-0.205862345662391,0.81394511164686
555,0.8,"Simultaneous entry, time-on-study order",631,629,TRUE,341,73.6045282168086,4.29870654852716,-0.261501693515918,0.769894571594524
555,0.8,"Staggered entry, time-on-study order",631,629,TRUE,341,73.6045282168086,4.29870654852716,-0.261501693515918,0.769894571594524
555,0.8,"Staggered entry, calendar-event order",631,629,TRUE,265,197.318388630199,5.28481861005508,-0.265554340658032,0.766780774381647
556,0.8,"Simultaneous entry, time-on-study order",631,624,TRUE,487,126.637353939293,4.8413275210027,-0.289777167545747,0.74843032356439
556,0.8,"Staggered entry, time-on-study order",631,624,TRUE,487,126.637353939293,4.8413275210027,-0.289777167545747,0.74843032356439
556,0.8,"Staggered entry, calendar-event order",631,624,TRUE,251,714.811994566671,6.572019563456,-0.303400435097315,0.73830339457809
557,0.8,"Simultaneous entry, time-on-study order",631,628,TRUE,479,18.2782068114651,2.90570946556142,-0.256311175310033,0.773901112401325
557,0.8,"Staggered entry, time-on-study order",631,628,TRUE,479,18.2782068114651,2.90570946556142,-0.256311175310033,0.773901112401325
557,0.8,"Staggered entry, calendar-event order",631,628,TRUE,426,60.6180381402411,4.10459250786348,-0.253674740766136,0.775944144003776
558,0.8,"Simultaneous entry, time-on-study order",631,630,TRUE,304,79.9138096318222,4.38094867428106,-0.250924972524432,0.778080746803277
558,0.8,"Staggered entry, time-on-study order",631,630,TRUE,304,79.9138096318222,4.38094867428106,-0.250924972524432,0.778080746803277
558,0.8,"Staggered entry, calendar-event order",631,630,TRUE,296,88.4584199949054,4.48253261104288,-0.252144056203366,0.777132779207272
559,0.8,"Simultaneous entry, time-on-study order",631,630,TRUE,562,28.5281931665136,3.35089283221794,-0.236700001146908,0.789228020007002
559,0.8,"Staggered entry, time-on-study order",631,630,TRUE,562,28.5281931665136,3.35089283221794,-0.236700001146908,0.789228020007002
559,0.8,"Staggered entry, calendar-event order",631,630,TRUE,612,14.4215799631072,2.66872569333789,-0.235232083627536,0.790387392367666
560,0.8,"Simultaneous entry, time-on-study order",631,629,TRUE,267,12.0161046057824,2.48624780052503,-0.192330412442589,0.825034221878776
560,0.8,"Staggered entry, time-on-study order",631,629,TRUE,267,12.0161046057824,2.48624780052503,-0.192330412442589,0.825034221878776
560,0.8,"Staggered entry, calendar-event order",631,629,TRUE,126,10.68713192551,2.36904039395146,-0.193282226037369,0.824249316691204
561,0.8,"Simultaneous entry, time-on-study order",631,626,TRUE,435,290.632130756785,5.67205831197794,-0.287204731536708,0.750358091145283
561,0.8,"Staggered entry, time-on-study order",631,626,TRUE,435,290.632130756785,5.67205831197794,-0.287204731536708,0.750358091145283
561,0.8,"Staggered entry, calendar-event order",631,626,TRUE,467,204.313945054364,5.31965775722474,-0.284203024424087,0.752613830204746
562,0.8,"Simultaneous entry, time-on-study order",631,626,TRUE,228,43.4336373479661,3.77123419500763,-0.232428133630083,0.792606709066962
562,0.8,"Staggered entry, time-on-study order",631,626,TRUE,228,43.4336373479661,3.77123419500763,-0.232428133630083,0.792606709066962
562,0.8,"Staggered entry, calendar-event order",631,626,TRUE,255,46.2152290010069,3.83330937582741,-0.235541059853439,0.790143219177969
563,0.8,"Simultaneous entry, time-on-study order",631,630,TRUE,444,19.0684840218642,2.94803692100742,-0.221175120997242,0.801576295158188
563,0.8,"Staggered entry, time-on-study order",631,630,TRUE,444,19.0684840218642,2.94803692100742,-0.221175120997242,0.801576295158188
563,0.8,"Staggered entry, calendar-event order",631,630,TRUE,502,8.23229946048954,2.10806537548059,-0.225463051656869,0.798146550095693
564,0.8,"Simultaneous entry, time-on-study order",631,630,TRUE,472,364.559427096076,5.8986895754602,-0.314780397016413,0.729949155681729
564,0.8,"Staggered entry, time-on-study order",631,630,TRUE,472,364.559427096076,5.8986895754602,-0.314780397016413,0.729949155681729
564,0.8,"Staggered entry, calendar-event order",631,630,TRUE,424,571.453108832884,6.34818243058235,-0.317063800407587,0.728284288808967
565,0.8,"Simultaneous entry, time-on-study order",631,630,FALSE,NA,0.113893756578286,-2.17248922497181,-0.126025582988606,0.881592292729337
565,0.8,"Staggered entry, time-on-study order",631,630,FALSE,NA,0.113893756578286,-2.17248922497181,-0.126025582988606,0.881592292729337
565,0.8,"Staggered entry, calendar-event order",631,630,FALSE,NA,0.353360832387378,-1.04026555606109,-0.126686528455447,0.881009800818755
566,0.8,"Simultaneous entry, time-on-study order",631,627,TRUE,235,971.508295365871,6.87884980750041,-0.325461975675024,0.722193640669723
566,0.8,"Staggered entry, time-on-study order",631,627,TRUE,235,971.508295365871,6.87884980750041,-0.325461975675024,0.722193640669723
566,0.8,"Staggered entry, calendar-event order",631,628,TRUE,267,484.840880672148,6.18382075601875,-0.321016671279462,0.725411157357204
567,0.8,"Simultaneous entry, time-on-study order",631,629,FALSE,NA,5.18297032267166,1.64537831329337,-0.189746394817018,0.827168881661275
567,0.8,"Staggered entry, time-on-study order",631,629,FALSE,NA,5.18297032267166,1.64537831329337,-0.189746394817018,0.827168881661275
567,0.8,"Staggered entry, calendar-event order",631,629,FALSE,NA,4.43776966049965,1.4901519215185,-0.188812894396099,0.827941404679658
568,0.8,"Simultaneous entry, time-on-study order",631,629,FALSE,NA,0.0631088052072042,-2.7628949754745,-0.116129389211601,0.890360012864034
568,0.8,"Staggered entry, time-on-study order",631,629,FALSE,NA,0.0631088052072042,-2.7628949754745,-0.116129389211601,0.890360012864034
568,0.8,"Staggered entry, calendar-event order",631,629,FALSE,NA,0.631203745645352,-0.460126575302439,-0.120241898256502,0.886705918156738
569,0.8,"Simultaneous entry, time-on-study order",631,630,FALSE,NA,2.25760269307122,0.814303495006923,-0.165294718894882,0.847643850612548
569,0.8,"Staggered entry, time-on-study order",631,630,FALSE,NA,2.25760269307122,0.814303495006923,-0.165294718894882,0.847643850612548
569,0.8,"Staggered entry, calendar-event order",631,630,FALSE,NA,0.573012597372777,-0.556847577565299,-0.16822584162499,0.845162940157718
570,0.8,"Simultaneous entry, time-on-study order",631,628,FALSE,NA,0.532768385832046,-0.629668497417217,-0.162069699228529,0.850381931510034
570,0.8,"Staggered entry, time-on-study order",631,628,FALSE,NA,0.532768385832046,-0.629668497417217,-0.162069699228529,0.850381931510034
570,0.8,"Staggered entry, calendar-event order",631,628,FALSE,NA,4.88927585225357,1.58704420504704,-0.169234587208788,0.844310815634927
571,0.8,"Simultaneous entry, time-on-study order",631,629,FALSE,NA,6.19502449480415,1.82374646903683,-0.174634261345262,0.839764098802424
571,0.8,"Staggered entry, time-on-study order",631,629,FALSE,NA,6.19502449480415,1.82374646903683,-0.174634261345262,0.839764098802424
571,0.8,"Staggered entry, calendar-event order",631,629,FALSE,NA,3.58070873166967,1.27556075055932,-0.174924061675702,0.839520770149165
572,0.8,"Simultaneous entry, time-on-study order",631,630,TRUE,374,10.9002052868978,2.3887816227181,-0.239910321979332,0.786698407459319
572,0.8,"Staggered entry, time-on-study order",631,630,TRUE,374,10.9002052868978,2.3887816227181,-0.239910321979332,0.786698407459319
572,0.8,"Staggered entry, calendar-event order",631,630,TRUE,367,13.9502212599792,2.635495369072,-0.239776743938775,0.786803500109976
573,0.8,"Simultaneous entry, time-on-study order",631,630,FALSE,NA,0.832523132096586,-0.183294271211364,-0.136589931151948,0.87232786728201
573,0.8,"Staggered entry, time-on-study order",631,630,FALSE,NA,0.832523132096586,-0.183294271211364,-0.136589931151948,0.87232786728201
573,0.8,"Staggered entry, calendar-event order",631,630,FALSE,NA,0.0581687869297751,-2.84440637515735,-0.143338039169906,0.866461121586149
574,0.8,"Simultaneous entry, time-on-study order",631,629,TRUE,422,3.68604785052045,1.30455484085638,-0.187820363585869,0.828763569977569
574,0.8,"Staggered entry, time-on-study order",631,629,TRUE,422,3.68604785052045,1.30455484085638,-0.187820363585869,0.828763569977569
574,0.8,"Staggered entry, calendar-event order",631,630,TRUE,180,3.20971294907228,1.16618150917834,-0.181724471571205,0.833831052928012
575,0.8,"Simultaneous entry, time-on-study order",631,628,TRUE,571,42.9621043548287,3.76031843305188,-0.247355663425971,0.780862919756064
575,0.8,"Staggered entry, time-on-study order",631,628,TRUE,571,42.9621043548287,3.76031843305188,-0.247355663425971,0.780862919756064
575,0.8,"Staggered entry, calendar-event order",631,629,TRUE,524,76.7331263356835,4.34033350999245,-0.239755052253476,0.786820567389001
576,0.8,"Simultaneous entry, time-on-study order",631,612,TRUE,565,291.767057908856,5.67595573701142,-0.303651327715947,0.738118182941167
576,0.8,"Staggered entry, time-on-study order",631,612,TRUE,565,291.767057908856,5.67595573701142,-0.303651327715947,0.738118182941167
576,0.8,"Staggered entry, calendar-event order",631,611,TRUE,538,553.040144664343,6.31543059321723,-0.304444577853051,0.737532902758833
577,0.8,"Simultaneous entry, time-on-study order",631,630,TRUE,265,1.06918718362999,0.066898718332738,-0.141352054829757,0.86818360965599
577,0.8,"Staggered entry, time-on-study order",631,630,TRUE,265,1.06918718362999,0.066898718332738,-0.141352054829757,0.86818360965599
577,0.8,"Staggered entry, calendar-event order",631,630,TRUE,262,1.5499568108663,0.438227066585725,-0.142235920523879,0.867416590967903
578,0.8,"Simultaneous entry, time-on-study order",631,629,TRUE,421,3.10458826051134,1.13288110128222,-0.173700349827747,0.840548730497551
578,0.8,"Staggered entry, time-on-study order",631,629,TRUE,421,3.10458826051134,1.13288110128222,-0.173700349827747,0.840548730497551
578,0.8,"Staggered entry, calendar-event order",631,629,TRUE,323,3.15849040701425,1.15009419415531,-0.177652790872848,0.837233067991396
579,0.8,"Simultaneous entry, time-on-study order",631,627,TRUE,287,1029.12889390067,6.93646798931183,-0.338435638918688,0.712884659939976
579,0.8,"Staggered entry, time-on-study order",631,627,TRUE,287,1029.12889390067,6.93646798931183,-0.338435638918688,0.712884659939976
579,0.8,"Staggered entry, calendar-event order",631,627,TRUE,273,2090.92909999146,7.64536379162826,-0.337099296502747,0.713837954771019
580,0.8,"Simultaneous entry, time-on-study order",631,627,TRUE,347,476.625061779599,6.1667301477966,-0.297998382134524,0.742302540692456
580,0.8,"Staggered entry, time-on-study order",631,627,TRUE,347,476.625061779599,6.1667301477966,-0.297998382134524,0.742302540692456
580,0.8,"Staggered entry, calendar-event order",631,627,TRUE,390,172.398520013087,5.14980877358188,-0.306822000208556,0.735781558215632
581,0.8,"Simultaneous entry, time-on-study order",631,628,FALSE,NA,10.272015352864,2.32942324157889,-0.213210189400383,0.807986289213341
581,0.8,"Staggered entry, time-on-study order",631,628,FALSE,NA,10.272015352864,2.32942324157889,-0.213210189400383,0.807986289213341
581,0.8,"Staggered entry, calendar-event order",631,628,FALSE,NA,9.18011853078115,2.21704011639884,-0.213922452236284,0.8074109955121
582,0.8,"Simultaneous entry, time-on-study order",631,628,FALSE,NA,0.129417941675948,-2.04470825369872,-0.0851296412482523,0.91839321504069
582,0.8,"Staggered entry, time-on-study order",631,628,FALSE,NA,0.129417941675948,-2.04470825369872,-0.0851296412482523,0.91839321504069
582,0.8,"Staggered entry, calendar-event order",631,628,FALSE,NA,0.043279738393623,-3.14007068897181,-0.0895307525692251,0.914360145768256
583,0.8,"Simultaneous entry, time-on-study order",631,630,TRUE,558,16.7580622279557,2.8188794695125,-0.240719893907634,0.786061776246751
583,0.8,"Staggered entry, time-on-study order",631,630,TRUE,558,16.7580622279557,2.8188794695125,-0.240719893907634,0.786061776246751
583,0.8,"Staggered entry, calendar-event order",631,630,TRUE,560,14.5254210212124,2.67590028828776,-0.245785207737532,0.782090193807806
584,0.8,"Simultaneous entry, time-on-study order",631,626,TRUE,619,24.8278788374551,3.21196716846277,-0.264526995712616,0.7675689275177
584,0.8,"Staggered entry, time-on-study order",631,626,TRUE,619,24.8278788374551,3.21196716846277,-0.264526995712616,0.7675689275177
584,0.8,"Staggered entry, calendar-event order",631,626,TRUE,139,50.3072092000882,3.9181483908932,-0.266205800538341,0.766281410145689
585,0.8,"Simultaneous entry, time-on-study order",631,628,TRUE,378,161.339645408051,5.08351174171325,-0.29100470481009,0.74751216110706
585,0.8,"Staggered entry, time-on-study order",631,628,TRUE,378,161.339645408051,5.08351174171325,-0.29100470481009,0.74751216110706
585,0.8,"Staggered entry, calendar-event order",631,628,TRUE,457,78.1351962048501,4.35844061096277,-0.292951957072837,0.746057982645558
586,0.8,"Simultaneous entry, time-on-study order",631,627,TRUE,187,243.1027845244,5.49348433549095,-0.268258283803824,0.764710243323089
586,0.8,"Staggered entry, time-on-study order",631,627,TRUE,187,243.1027845244,5.49348433549095,-0.268258283803824,0.764710243323089
586,0.8,"Staggered entry, calendar-event order",631,628,TRUE,295,130.018867506188,4.86767957458755,-0.272715962126557,0.761308997510269
587,0.8,"Simultaneous entry, time-on-study order",631,627,TRUE,374,4.7910863365703,1.56675717831267,-0.182987336568445,0.832778701506405
587,0.8,"Staggered entry, time-on-study order",631,627,TRUE,374,4.7910863365703,1.56675717831267,-0.182987336568445,0.832778701506405
587,0.8,"Staggered entry, calendar-event order",631,627,TRUE,411,2.04374781270513,0.714785285426833,-0.181996534482414,0.833604229280846
588,0.8,"Simultaneous entry, time-on-study order",631,627,TRUE,502,159.173088361889,5.06999221616795,-0.260661562773699,0.770541655471857
588,0.8,"Staggered entry, time-on-study order",631,627,TRUE,502,159.173088361889,5.06999221616795,-0.260661562773699,0.770541655471857
588,0.8,"Staggered entry, calendar-event order",631,627,TRUE,573,52.8216490710957,3.96692112696277,-0.258583965748279,0.772144194662121
589,0.8,"Simultaneous entry, time-on-study order",631,623,TRUE,600,30.8176335664947,3.42808704454608,-0.234482619937187,0.790979981053669
589,0.8,"Staggered entry, time-on-study order",631,623,TRUE,600,30.8176335664947,3.42808704454608,-0.234482619937187,0.790979981053669
589,0.8,"Staggered entry, calendar-event order",631,620,TRUE,600,41.0418946962581,3.71459336685967,-0.238173536011402,0.788065921410157
590,0.8,"Simultaneous entry, time-on-study order",631,628,FALSE,NA,0.163274844863325,-1.81232033334959,-0.0961449286432742,0.908332363151764
590,0.8,"Staggered entry, time-on-study order",631,628,FALSE,NA,0.163274844863325,-1.81232033334959,-0.0961449286432742,0.908332363151764
590,0.8,"Staggered entry, calendar-event order",631,628,FALSE,NA,0.0301320336181055,-3.50216643332485,-0.0957240948024535,0.908714700593515
591,0.8,"Simultaneous entry, time-on-study order",631,621,TRUE,461,458.079700051566,6.12704318655472,-0.354427222857063,0.701575174370307
591,0.8,"Staggered entry, time-on-study order",631,621,TRUE,461,458.079700051566,6.12704318655472,-0.354427222857063,0.701575174370307
591,0.8,"Staggered entry, calendar-event order",631,625,TRUE,433,3144.17523030594,8.0533068868261,-0.355147499214196,0.70107002830368
592,0.8,"Simultaneous entry, time-on-study order",631,629,FALSE,NA,2.27740331472538,0.823035896879996,-0.16362679755716,0.849058833589888
592,0.8,"Staggered entry, time-on-study order",631,629,FALSE,NA,2.27740331472538,0.823035896879996,-0.16362679755716,0.849058833589888
592,0.8,"Staggered entry, calendar-event order",631,629,FALSE,NA,2.22293847953993,0.798829960078166,-0.16539125559777,0.847562025819598
593,0.8,"Simultaneous entry, time-on-study order",631,630,TRUE,438,13.3098722796312,2.58850603654063,-0.191178443049893,0.825985183684591
593,0.8,"Staggered entry, time-on-study order",631,630,TRUE,438,13.3098722796312,2.58850603654063,-0.191178443049893,0.825985183684591
593,0.8,"Staggered entry, calendar-event order",631,629,FALSE,NA,8.49924058859552,2.13997681698682,-0.184475137230023,0.831540614045408
594,0.8,"Simultaneous entry, time-on-study order",631,629,TRUE,365,19.7804171094174,2.98469241340486,-0.211535003488806,0.809340950799988
594,0.8,"Staggered entry, time-on-study order",631,629,TRUE,365,19.7804171094174,2.98469241340486,-0.211535003488806,0.809340950799988
594,0.8,"Staggered entry, calendar-event order",631,629,TRUE,379,40.1539742909311,3.69272142156947,-0.22633575485337,0.797450308900295
595,0.8,"Simultaneous entry, time-on-study order",631,628,TRUE,325,13.9537119921723,2.63574556549985,-0.197355988541168,0.820898350884768
595,0.8,"Staggered entry, time-on-study order",631,628,TRUE,325,13.9537119921723,2.63574556549985,-0.197355988541168,0.820898350884768
595,0.8,"Staggered entry, calendar-event order",631,628,TRUE,291,17.2494624136789,2.84778097856734,-0.200817088127645,0.818062051131318
596,0.8,"Simultaneous entry, time-on-study order",631,627,TRUE,306,30.9526455056211,3.43245847223442,-0.225328479624594,0.798253965526386
596,0.8,"Staggered entry, time-on-study order",631,627,TRUE,306,30.9526455056211,3.43245847223442,-0.225328479624594,0.798253965526386
596,0.8,"Staggered entry, calendar-event order",631,626,TRUE,417,22.6870740428392,3.12179533687754,-0.230895108737311,0.793822726736665
597,0.8,"Simultaneous entry, time-on-study order",631,629,TRUE,269,23.1755229426867,3.14309667614606,-0.207957629244609,0.812241451266699
597,0.8,"Staggered entry, time-on-study order",631,629,TRUE,269,23.1755229426867,3.14309667614606,-0.207957629244609,0.812241451266699
597,0.8,"Staggered entry, calendar-event order",631,629,TRUE,242,31.2747080494525,3.44280972135984,-0.216629006781199,0.805228648265732
598,0.8,"Simultaneous entry, time-on-study order",631,627,TRUE,330,24689.0697772214,10.1141159055347,-0.414075138769188,0.660951286333906
598,0.8,"Staggered entry, time-on-study order",631,627,TRUE,330,24689.0697772214,10.1141159055347,-0.414075138769188,0.660951286333906
598,0.8,"Staggered entry, calendar-event order",631,627,TRUE,271,29144.4654060768,10.280020307751,-0.413846734855131,0.661102267436387
599,0.8,"Simultaneous entry, time-on-study order",631,630,TRUE,501,27.1044059958842,3.29969629754445,-0.247380577082037,0.780843465848181
599,0.8,"Staggered entry, time-on-study order",631,630,TRUE,501,27.1044059958842,3.29969629754445,-0.247380577082037,0.780843465848181
599,0.8,"Staggered entry, calendar-event order",631,630,TRUE,455,35.9426665857741,3.58192507408927,-0.244608198934844,0.783011262797234
600,0.8,"Simultaneous entry, time-on-study order",631,628,TRUE,203,315.916958728187,5.75547939021703,-0.308971996516423,0.734201329933273
600,0.8,"Staggered entry, time-on-study order",631,628,TRUE,203,315.916958728187,5.75547939021703,-0.308971996516423,0.734201329933273
600,0.8,"Staggered entry, calendar-event order",631,627,TRUE,222,240.979350530239,5.48471124737256,-0.306315931994133,0.73615400810958
601,0.8,"Simultaneous entry, time-on-study order",631,630,TRUE,567,28.6624453256581,3.35558774066046,-0.236188018976243,0.78963219413798
601,0.8,"Staggered entry, time-on-study order",631,630,TRUE,567,28.6624453256581,3.35558774066046,-0.236188018976243,0.78963219413798
601,0.8,"Staggered entry, calendar-event order",631,628,TRUE,537,111.87417626286,4.71737481355437,-0.247995133540654,0.780363740877214
602,0.8,"Simultaneous entry, time-on-study order",631,627,TRUE,432,432.230873731096,6.06895987542039,-0.304744845461743,0.73731147876268
602,0.8,"Staggered entry, time-on-study order",631,627,TRUE,432,432.230873731096,6.06895987542039,-0.304744845461743,0.73731147876268
602,0.8,"Staggered entry, calendar-event order",631,625,TRUE,439,293.154239814927,5.68069888625951,-0.306031085021508,0.73636372921797
603,0.8,"Simultaneous entry, time-on-study order",631,627,TRUE,552,18.7329659065025,2.93028485450729,-0.216013641235293,0.80572431072361
603,0.8,"Staggered entry, time-on-study order",631,627,TRUE,552,18.7329659065025,2.93028485450729,-0.216013641235293,0.80572431072361
603,0.8,"Staggered entry, calendar-event order",631,627,FALSE,NA,8.30408525940521,2.11674759364024,-0.217235653513639,0.804740307077664
604,0.8,"Simultaneous entry, time-on-study order",631,630,FALSE,NA,0.166094505486769,-1.79519834245988,-0.110377752826073,0.89549579532869
604,0.8,"Staggered entry, time-on-study order",631,630,FALSE,NA,0.166094505486769,-1.79519834245988,-0.110377752826073,0.89549579532869
604,0.8,"Staggered entry, calendar-event order",631,630,FALSE,NA,0.248375170503149,-1.39281489163571,-0.108614821334448,0.897075885452979
605,0.8,"Simultaneous entry, time-on-study order",631,629,TRUE,424,13.7477644515778,2.62087622555435,-0.231972391413294,0.79296801573069
605,0.8,"Staggered entry, time-on-study order",631,629,TRUE,424,13.7477644515778,2.62087622555435,-0.231972391413294,0.79296801573069
605,0.8,"Staggered entry, calendar-event order",631,629,TRUE,259,43.0998864825398,3.76352036329045,-0.23003369337932,0.794506832432272
606,0.8,"Simultaneous entry, time-on-study order",631,630,TRUE,506,14.1281579521747,2.64816982387942,-0.204222554608581,0.815280906472114
606,0.8,"Staggered entry, time-on-study order",631,630,TRUE,506,14.1281579521747,2.64816982387942,-0.204222554608581,0.815280906472114
606,0.8,"Staggered entry, calendar-event order",631,630,FALSE,NA,5.5415816541916,1.71227995715913,-0.206546599683207,0.813388356934041
607,0.8,"Simultaneous entry, time-on-study order",631,628,FALSE,NA,1.05997736562526,0.058247554712277,-0.140170207157184,0.869210276997131
607,0.8,"Staggered entry, time-on-study order",631,628,FALSE,NA,1.05997736562526,0.058247554712277,-0.140170207157184,0.869210276997131
607,0.8,"Staggered entry, calendar-event order",631,628,FALSE,NA,0.900683978325346,-0.104600828376244,-0.131469831922215,0.876805726282158
608,0.8,"Simultaneous entry, time-on-study order",631,628,TRUE,483,90.9148957286367,4.50992385716025,-0.25147969471876,0.777649247836138
608,0.8,"Staggered entry, time-on-study order",631,628,TRUE,483,90.9148957286367,4.50992385716025,-0.25147969471876,0.777649247836138
608,0.8,"Staggered entry, calendar-event order",631,627,TRUE,490,77.1205046300204,4.34536919371994,-0.250114559648512,0.778711569037697
609,0.8,"Simultaneous entry, time-on-study order",631,628,TRUE,557,64.1899288826013,4.16184632740286,-0.2446797585311,0.782955232832169
609,0.8,"Staggered entry, time-on-study order",631,628,TRUE,557,64.1899288826013,4.16184632740286,-0.2446797585311,0.782955232832169
609,0.8,"Staggered entry, calendar-event order",631,627,TRUE,561,39.3503705309051,3.67250539110638,-0.249060529269579,0.779532787406414
610,0.8,"Simultaneous entry, time-on-study order",631,630,TRUE,318,1111.10161632531,7.01310724929623,-0.31304373538041,0.731217931775132
610,0.8,"Staggered entry, time-on-study order",631,630,TRUE,318,1111.10161632531,7.01310724929623,-0.31304373538041,0.731217931775132
610,0.8,"Staggered entry, calendar-event order",631,630,TRUE,218,656.274150875048,6.48657861456209,-0.309343171700622,0.733928863188971
611,0.8,"Simultaneous entry, time-on-study order",631,630,FALSE,NA,0.864577984658289,-0.145513770109702,-0.135550333910708,0.873235208479278
611,0.8,"Staggered entry, time-on-study order",631,630,FALSE,NA,0.864577984658289,-0.145513770109702,-0.135550333910708,0.873235208479278
611,0.8,"Staggered entry, calendar-event order",631,630,FALSE,NA,1.03314048369232,0.0326031767208387,-0.142150697872862,0.86749051765939
612,0.8,"Simultaneous entry, time-on-study order",631,625,TRUE,280,389.54993827688,5.96499206832962,-0.318607868436868,0.727160636043791
612,0.8,"Staggered entry, time-on-study order",631,625,TRUE,280,389.54993827688,5.96499206832962,-0.318607868436868,0.727160636043791
612,0.8,"Staggered entry, calendar-event order",631,627,TRUE,181,580.429645659879,6.36376859768609,-0.309934059939705,0.733495321355389
613,0.8,"Simultaneous entry, time-on-study order",631,630,TRUE,400,207.113248132695,5.33326573609335,-0.30232711496518,0.739096255896005
613,0.8,"Staggered entry, time-on-study order",631,630,TRUE,400,207.113248132695,5.33326573609335,-0.30232711496518,0.739096255896005
613,0.8,"Staggered entry, calendar-event order",631,629,TRUE,187,292.942047093967,5.67997479796558,-0.299711542420035,0.741031946136731
614,0.8,"Simultaneous entry, time-on-study order",631,628,FALSE,NA,0.0594817142915276,-2.82208633649536,-0.106479079611029,0.898993855265639
614,0.8,"Staggered entry, time-on-study order",631,628,FALSE,NA,0.0594817142915276,-2.82208633649536,-0.106479079611029,0.898993855265639
614,0.8,"Staggered entry, calendar-event order",631,628,FALSE,NA,0.0472010959014366,-3.05333816840939,-0.109963961430314,0.895866420459192
615,0.8,"Simultaneous entry, time-on-study order",631,625,TRUE,313,39.5985842302251,3.67879336585933,-0.234818229486913,0.790714565158932
615,0.8,"Staggered entry, time-on-study order",631,625,TRUE,313,39.5985842302251,3.67879336585933,-0.234818229486913,0.790714565158932
615,0.8,"Staggered entry, calendar-event order",631,624,TRUE,308,82.1311560321456,4.408317433291,-0.242949297390663,0.784311279391835
616,0.8,"Simultaneous entry, time-on-study order",631,627,TRUE,296,77.2228304589013,4.34669514464376,-0.275725355939799,0.759021362846486
616,0.8,"Staggered entry, time-on-study order",631,627,TRUE,296,77.2228304589013,4.34669514464376,-0.275725355939799,0.759021362846486
616,0.8,"Staggered entry, calendar-event order",631,628,TRUE,306,49.2325685576082,3.8965553670507,-0.27907523602261,0.756482986302911
617,0.8,"Simultaneous entry, time-on-study order",631,629,TRUE,269,136.825303170544,4.91870495278155,-0.281992246041162,0.754279533162867
617,0.8,"Staggered entry, time-on-study order",631,629,TRUE,269,136.825303170544,4.91870495278155,-0.281992246041162,0.754279533162867
617,0.8,"Staggered entry, calendar-event order",631,629,TRUE,231,295.803710005746,5.68969609247575,-0.281812228993299,0.754415328560067
618,0.8,"Simultaneous entry, time-on-study order",631,629,FALSE,NA,1.1892730018484,0.173342197617584,-0.133490758058884,0.87503555596733
618,0.8,"Staggered entry, time-on-study order",631,629,FALSE,NA,1.1892730018484,0.173342197617584,-0.133490758058884,0.87503555596733
618,0.8,"Staggered entry, calendar-event order",631,629,TRUE,222,0.553203423701937,-0.592029490306244,-0.12877861250784,0.8791685809294
619,0.8,"Simultaneous entry, time-on-study order",631,629,TRUE,276,3734.92612250191,8.225483317586,-0.404964619193339,0.667000409453533
619,0.8,"Staggered entry, time-on-study order",631,629,TRUE,276,3734.92612250191,8.225483317586,-0.404964619193339,0.667000409453533
619,0.8,"Staggered entry, calendar-event order",631,629,TRUE,249,6857.56267528302,8.83310736243941,-0.398434235110957,0.671370431742078
620,0.8,"Simultaneous entry, time-on-study order",631,629,TRUE,203,111.197352164648,4.71130657006399,-0.280475695001793,0.755424304405461
620,0.8,"Staggered entry, time-on-study order",631,629,TRUE,203,111.197352164648,4.71130657006399,-0.280475695001793,0.755424304405461
620,0.8,"Staggered entry, calendar-event order",631,629,TRUE,252,118.964274610504,4.77882323468137,-0.280686917284972,0.755264758809501
621,0.8,"Simultaneous entry, time-on-study order",631,630,TRUE,531,8.39285271120354,2.127380475942,-0.188831525409705,0.827925979435777
621,0.8,"Staggered entry, time-on-study order",631,630,TRUE,531,8.39285271120354,2.127380475942,-0.188831525409705,0.827925979435777
621,0.8,"Staggered entry, calendar-event order",631,630,TRUE,535,6.54909542397578,1.87932693690023,-0.185883843517265,0.830370042243812
622,0.8,"Simultaneous entry, time-on-study order",631,630,FALSE,NA,3.84298089991092,1.34624834147171,-0.159609437923938,0.852476669014463
622,0.8,"Staggered entry, time-on-study order",631,630,FALSE,NA,3.84298089991092,1.34624834147171,-0.159609437923938,0.852476669014463
622,0.8,"Staggered entry, calendar-event order",631,630,FALSE,NA,3.12537474861796,1.13955419555634,-0.152310932104777,0.858721235225678
623,0.8,"Simultaneous entry, time-on-study order",631,630,FALSE,NA,0.701056121651943,-0.355167335734238,-0.165116607059116,0.847794839460908
623,0.8,"Staggered entry, time-on-study order",631,630,FALSE,NA,0.701056121651943,-0.355167335734238,-0.165116607059116,0.847794839460908
623,0.8,"Staggered entry, calendar-event order",631,630,FALSE,NA,3.4126035646408,1.22747550866326,-0.168879553140925,0.844610627956988
624,0.8,"Simultaneous entry, time-on-study order",631,630,TRUE,564,17.6773099230729,2.8722818919606,-0.206522253978959,0.813408159687473
624,0.8,"Staggered entry, time-on-study order",631,630,TRUE,564,17.6773099230729,2.8722818919606,-0.206522253978959,0.813408159687473
624,0.8,"Staggered entry, calendar-event order",631,630,FALSE,NA,10.9955135293937,2.39748732863626,-0.199801495833402,0.818893290675451
625,0.8,"Simultaneous entry, time-on-study order",631,629,TRUE,590,11.1269404263101,2.40936923318533,-0.202867383211263,0.81638650080305
625,0.8,"Staggered entry, time-on-study order",631,629,TRUE,590,11.1269404263101,2.40936923318533,-0.202867383211263,0.81638650080305
625,0.8,"Staggered entry, calendar-event order",631,629,FALSE,NA,5.87653362109846,1.77096706785382,-0.205531639234549,0.814214333041362
626,0.8,"Simultaneous entry, time-on-study order",631,626,FALSE,NA,0.878983264628528,-0.128989420581132,-0.160552561527514,0.851673057158639
626,0.8,"Staggered entry, time-on-study order",631,626,FALSE,NA,0.878983264628528,-0.128989420581132,-0.160552561527514,0.851673057158639
626,0.8,"Staggered entry, calendar-event order",631,627,FALSE,NA,1.68415927705172,0.521266493919766,-0.16545792506627,0.847505521193404
627,0.8,"Simultaneous entry, time-on-study order",631,625,FALSE,NA,0.407435699458302,-0.897872151492167,-0.114291169923079,0.891998195021137
627,0.8,"Staggered entry, time-on-study order",631,625,FALSE,NA,0.407435699458302,-0.897872151492167,-0.114291169923079,0.891998195021137
627,0.8,"Staggered entry, calendar-event order",631,626,FALSE,NA,0.377335018394956,-0.974621843186075,-0.107113492726876,0.898423702648065
628,0.8,"Simultaneous entry, time-on-study order",631,628,FALSE,NA,0.632032046841583,-0.458815179093017,-0.172394172483452,0.841647353548175
628,0.8,"Staggered entry, time-on-study order",631,628,FALSE,NA,0.632032046841583,-0.458815179093017,-0.172394172483452,0.841647353548175
628,0.8,"Staggered entry, calendar-event order",631,629,FALSE,NA,3.09105315951312,1.12851186116227,-0.175676651204957,0.838889193296831
629,0.8,"Simultaneous entry, time-on-study order",631,630,TRUE,307,206.129076998604,5.32850255993754,-0.282428319042575,0.753950683929283
629,0.8,"Staggered entry, time-on-study order",631,630,TRUE,307,206.129076998604,5.32850255993754,-0.282428319042575,0.753950683929283
629,0.8,"Staggered entry, calendar-event order",631,630,TRUE,295,203.28005642496,5.31458461658448,-0.273873914874999,0.760427947869562
630,0.8,"Simultaneous entry, time-on-study order",631,629,TRUE,393,61.927864096635,4.12597022536175,-0.252922013919068,0.776528437872044
630,0.8,"Staggered entry, time-on-study order",631,629,TRUE,393,61.927864096635,4.12597022536175,-0.252922013919068,0.776528437872044
630,0.8,"Staggered entry, calendar-event order",631,629,TRUE,280,78.7195051052803,4.36589096595188,-0.246077432546741,0.781861681040312
631,0.8,"Simultaneous entry, time-on-study order",631,630,FALSE,NA,0.614338109449487,-0.487209835540508,-0.129661373607472,0.878392827558963
631,0.8,"Staggered entry, time-on-study order",631,630,FALSE,NA,0.614338109449487,-0.487209835540508,-0.129661373607472,0.878392827558963
631,0.8,"Staggered entry, calendar-event order",631,630,TRUE,156,1.00253865021355,0.00253543328438326,-0.124771173172849,0.882698864657073
632,0.8,"Simultaneous entry, time-on-study order",631,626,TRUE,163,2423.89289604304,7.7931301614123,-0.35505935475782,0.701131826463749
632,0.8,"Staggered entry, time-on-study order",631,626,TRUE,163,2423.89289604304,7.7931301614123,-0.35505935475782,0.701131826463749
632,0.8,"Staggered entry, calendar-event order",631,625,TRUE,152,1467.64936821732,7.29141733065706,-0.357233791486592,0.699608916004843
633,0.8,"Simultaneous entry, time-on-study order",631,626,TRUE,389,1231.76330760796,7.11620200518788,-0.331021588856356,0.71818966397971
633,0.8,"Staggered entry, time-on-study order",631,626,TRUE,389,1231.76330760796,7.11620200518788,-0.331021588856356,0.71818966397971
633,0.8,"Staggered entry, calendar-event order",631,628,TRUE,417,347.938324542943,5.8520252357428,-0.331981716574101,0.717500441100667
634,0.8,"Simultaneous entry, time-on-study order",631,629,TRUE,313,51.3162252560931,3.93800698396537,-0.254088689600573,0.77562300930103
634,0.8,"Staggered entry, time-on-study order",631,629,TRUE,313,51.3162252560931,3.93800698396537,-0.254088689600573,0.77562300930103
634,0.8,"Staggered entry, calendar-event order",631,630,TRUE,169,107.102790905399,4.67378903598812,-0.254042427615969,0.775658891990741
635,0.8,"Simultaneous entry, time-on-study order",631,617,TRUE,540,233.754259911145,5.45427039222154,-0.303308401078948,0.738371346733174
635,0.8,"Staggered entry, time-on-study order",631,617,TRUE,540,233.754259911145,5.45427039222154,-0.303308401078948,0.738371346733174
635,0.8,"Staggered entry, calendar-event order",631,618,TRUE,550,116.171719790849,4.75506943950334,-0.299648991363816,0.741078299917378
636,0.8,"Simultaneous entry, time-on-study order",631,628,FALSE,NA,12.2441465026263,2.50504798627018,-0.202041602492323,0.817060935463861
636,0.8,"Staggered entry, time-on-study order",631,628,FALSE,NA,12.2441465026263,2.50504798627018,-0.202041602492323,0.817060935463861
636,0.8,"Staggered entry, calendar-event order",631,625,TRUE,522,25.3772489305699,3.23385306124045,-0.210563567632434,0.810127555625833
637,0.8,"Simultaneous entry, time-on-study order",631,629,TRUE,226,101.785273034493,4.62286542797838,-0.255631074444136,0.774427622237591
637,0.8,"Staggered entry, time-on-study order",631,629,TRUE,226,101.785273034493,4.62286542797838,-0.255631074444136,0.774427622237591
637,0.8,"Staggered entry, calendar-event order",631,629,TRUE,291,70.2887588335079,4.25261188323575,-0.255059714256379,0.774870225780218
638,0.8,"Simultaneous entry, time-on-study order",631,630,FALSE,NA,1.38710002200452,0.327215252650791,-0.152031414714925,0.858961296293017
638,0.8,"Staggered entry, time-on-study order",631,630,FALSE,NA,1.38710002200452,0.327215252650791,-0.152031414714925,0.858961296293017
638,0.8,"Staggered entry, calendar-event order",631,630,FALSE,NA,1.11875936783015,0.112220364051334,-0.142623655585691,0.867080328337006
639,0.8,"Simultaneous entry, time-on-study order",631,629,TRUE,271,693.615615842599,6.54191793940349,-0.300817163911638,0.740213098042557
639,0.8,"Staggered entry, time-on-study order",631,629,TRUE,271,693.615615842599,6.54191793940349,-0.300817163911638,0.740213098042557
639,0.8,"Staggered entry, calendar-event order",631,629,TRUE,285,560.356258636072,6.32857275759078,-0.292497676541271,0.746396979256444
640,0.8,"Simultaneous entry, time-on-study order",631,627,TRUE,495,98.936555365822,4.59447878980863,-0.270196447124666,0.763229545359166
640,0.8,"Staggered entry, time-on-study order",631,627,TRUE,495,98.936555365822,4.59447878980863,-0.270196447124666,0.763229545359166
640,0.8,"Staggered entry, calendar-event order",631,627,TRUE,487,118.698282509513,4.77658483234088,-0.262656134580238,0.769006286520916
641,0.8,"Simultaneous entry, time-on-study order",631,627,FALSE,NA,2.15055297422087,0.765725006382046,-0.160960592014521,0.85132561947376
641,0.8,"Staggered entry, time-on-study order",631,627,FALSE,NA,2.15055297422087,0.765725006382046,-0.160960592014521,0.85132561947376
641,0.8,"Staggered entry, calendar-event order",631,627,FALSE,NA,3.70629011360908,1.31003140693881,-0.162647679607377,0.849890569451587
642,0.8,"Simultaneous entry, time-on-study order",631,626,TRUE,551,39.505874637969,3.67644938586048,-0.25373252591281,0.775899307253065
642,0.8,"Staggered entry, time-on-study order",631,626,TRUE,551,39.505874637969,3.67644938586048,-0.25373252591281,0.775899307253065
642,0.8,"Staggered entry, calendar-event order",631,626,TRUE,366,143.077223216585,4.96338450699384,-0.254402835082945,0.77537938910473
643,0.8,"Simultaneous entry, time-on-study order",631,618,TRUE,297,890.065627774223,6.79129519907975,-0.319103984561485,0.726799969400729
643,0.8,"Staggered entry, time-on-study order",631,618,TRUE,297,890.065627774223,6.79129519907975,-0.319103984561485,0.726799969400729
643,0.8,"Staggered entry, calendar-event order",631,623,TRUE,151,461.679439332665,6.13487079599517,-0.315602695633147,0.729349166219786
644,0.8,"Simultaneous entry, time-on-study order",631,629,FALSE,NA,14.1027275090543,2.64636821903541,-0.232521351967993,0.79253282703056
644,0.8,"Staggered entry, time-on-study order",631,629,FALSE,NA,14.1027275090543,2.64636821903541,-0.232521351967993,0.79253282703056
644,0.8,"Staggered entry, calendar-event order",631,629,TRUE,503,52.1410120669374,3.95395181888347,-0.234050226068378,0.791322069901057
645,0.8,"Simultaneous entry, time-on-study order",631,627,TRUE,391,107.459667984542,4.67711559563037,-0.296048390161225,0.743751436897436
645,0.8,"Staggered entry, time-on-study order",631,627,TRUE,391,107.459667984542,4.67711559563037,-0.296048390161225,0.743751436897436
645,0.8,"Staggered entry, calendar-event order",631,627,TRUE,432,192.233545432686,5.25871101529591,-0.292596301885527,0.74632336922738
646,0.8,"Simultaneous entry, time-on-study order",631,630,TRUE,380,123.449283637465,4.81583041291866,-0.291627692428134,0.747046615316042
646,0.8,"Staggered entry, time-on-study order",631,630,TRUE,380,123.449283637465,4.81583041291866,-0.291627692428134,0.747046615316042
646,0.8,"Staggered entry, calendar-event order",631,629,TRUE,287,606.643533533841,6.40794135913808,-0.297531819827958,0.74264895188293
647,0.8,"Simultaneous entry, time-on-study order",631,630,TRUE,166,0.452482061652675,-0.793007159384471,-0.114022477935023,0.892237899991461
647,0.8,"Staggered entry, time-on-study order",631,630,TRUE,166,0.452482061652675,-0.793007159384471,-0.114022477935023,0.892237899991461
647,0.8,"Staggered entry, calendar-event order",631,630,TRUE,206,0.598522409457015,-0.51329131198329,-0.1153503135255,0.891053940978095
648,0.8,"Simultaneous entry, time-on-study order",631,622,TRUE,279,1630.32326304975,7.39653359502724,-0.341770981027134,0.710510906555591
648,0.8,"Staggered entry, time-on-study order",631,622,TRUE,279,1630.32326304975,7.39653359502724,-0.341770981027134,0.710510906555591
648,0.8,"Staggered entry, calendar-event order",631,622,TRUE,293,1495.85979966674,7.31045643734242,-0.342361058390392,0.710091773825814
649,0.8,"Simultaneous entry, time-on-study order",631,629,FALSE,NA,3.06368027574235,1.11961689778559,-0.160237237986104,0.851941652068069
649,0.8,"Staggered entry, time-on-study order",631,629,FALSE,NA,3.06368027574235,1.11961689778559,-0.160237237986104,0.851941652068069
649,0.8,"Staggered entry, calendar-event order",631,630,FALSE,NA,1.72088031291833,0.542835969731616,-0.149362015131085,0.861257270292528
650,0.8,"Simultaneous entry, time-on-study order",631,630,TRUE,491,9.48403645534607,2.24961001207452,-0.202385128066886,0.816780302341639
650,0.8,"Staggered entry, time-on-study order",631,630,TRUE,491,9.48403645534607,2.24961001207452,-0.202385128066886,0.816780302341639
650,0.8,"Staggered entry, calendar-event order",631,630,TRUE,375,16.1366924741257,2.78109571458767,-0.195173637827503,0.822691795237153
651,0.8,"Simultaneous entry, time-on-study order",631,623,TRUE,497,489.140396707225,6.19264955809746,-0.306372190592158,0.736112594282107
651,0.8,"Staggered entry, time-on-study order",631,623,TRUE,497,489.140396707225,6.19264955809746,-0.306372190592158,0.736112594282107
651,0.8,"Staggered entry, calendar-event order",631,623,TRUE,415,1007.96777158981,6.91569147549102,-0.305903527394454,0.73645766401884
652,0.8,"Simultaneous entry, time-on-study order",631,627,TRUE,278,205.467837657793,5.32528951393971,-0.27258834179856,0.761406162214202
652,0.8,"Staggered entry, time-on-study order",631,627,TRUE,278,205.467837657793,5.32528951393971,-0.27258834179856,0.761406162214202
652,0.8,"Staggered entry, calendar-event order",631,627,TRUE,600,40.8979704492158,3.71108043954897,-0.266264113368699,0.766236727410614
653,0.8,"Simultaneous entry, time-on-study order",631,624,TRUE,381,183.780135232671,5.21374012591245,-0.292504963230147,0.746391540513693
653,0.8,"Staggered entry, time-on-study order",631,624,TRUE,381,183.780135232671,5.21374012591245,-0.292504963230147,0.746391540513693
653,0.8,"Staggered entry, calendar-event order",631,623,TRUE,290,298.814818376084,5.69982404498776,-0.28524740094386,0.751828228295524
654,0.8,"Simultaneous entry, time-on-study order",631,626,FALSE,NA,0.825932827949514,-0.191241830862999,-0.161479633408512,0.8508838608929
654,0.8,"Staggered entry, time-on-study order",631,626,FALSE,NA,0.825932827949514,-0.191241830862999,-0.161479633408512,0.8508838608929
654,0.8,"Staggered entry, calendar-event order",631,625,FALSE,NA,3.05169404704577,1.11569686168871,-0.16441833528685,0.848387037399466
655,0.8,"Simultaneous entry, time-on-study order",631,630,TRUE,302,4.97962550033167,1.60535468747223,-0.192898304197322,0.824565824758818
655,0.8,"Staggered entry, time-on-study order",631,630,TRUE,302,4.97962550033167,1.60535468747223,-0.192898304197322,0.824565824758818
655,0.8,"Staggered entry, calendar-event order",631,630,TRUE,282,7.69525368260754,2.0406037339479,-0.191491956132342,0.825726267112583
656,0.8,"Simultaneous entry, time-on-study order",631,630,FALSE,NA,0.288589320039808,-1.24275063942618,-0.110340951397585,0.895528751459576
656,0.8,"Staggered entry, time-on-study order",631,630,FALSE,NA,0.288589320039808,-1.24275063942618,-0.110340951397585,0.895528751459576
656,0.8,"Staggered entry, calendar-event order",631,629,FALSE,NA,0.0804423071453298,-2.520215032921,-0.110686715357486,0.895219163417544
657,0.8,"Simultaneous entry, time-on-study order",631,630,FALSE,NA,0.122056661787627,-2.10326990118598,-0.0970154967700688,0.907541942055495
657,0.8,"Staggered entry, time-on-study order",631,630,FALSE,NA,0.122056661787627,-2.10326990118598,-0.0970154967700688,0.907541942055495
657,0.8,"Staggered entry, calendar-event order",631,630,FALSE,NA,0.151261124057194,-1.88874763729009,-0.0908434537297764,0.91316065160468
658,0.8,"Simultaneous entry, time-on-study order",631,629,TRUE,419,28.8982353680426,3.36378053332483,-0.212688996859531,0.808407515400828
658,0.8,"Staggered entry, time-on-study order",631,629,TRUE,419,28.8982353680426,3.36378053332483,-0.212688996859531,0.808407515400828
658,0.8,"Staggered entry, calendar-event order",631,628,TRUE,550,13.062314645046,2.56973133977142,-0.207081770232802,0.81295317189952
659,0.8,"Simultaneous entry, time-on-study order",631,628,FALSE,NA,5.6593663666662,1.73331193659603,-0.17610372119578,0.838531005387846
659,0.8,"Staggered entry, time-on-study order",631,628,FALSE,NA,5.6593663666662,1.73331193659603,-0.17610372119578,0.838531005387846
659,0.8,"Staggered entry, calendar-event order",631,628,FALSE,NA,3.24711869870286,1.17776804887473,-0.183406325189753,0.832429849793959
660,0.8,"Simultaneous entry, time-on-study order",631,625,TRUE,360,100.209078827806,4.60725879161013,-0.258002099019329,0.772593610416304
660,0.8,"Staggered entry, time-on-study order",631,625,TRUE,360,100.209078827806,4.60725879161013,-0.258002099019329,0.772593610416304
660,0.8,"Staggered entry, calendar-event order",631,625,TRUE,479,32.9844691707544,3.4960368194956,-0.259333213699771,0.771565883882152
661,0.8,"Simultaneous entry, time-on-study order",631,629,FALSE,NA,0.0699889999009641,-2.65941719355317,-0.0751146531703994,0.927637123694051
661,0.8,"Staggered entry, time-on-study order",631,629,FALSE,NA,0.0699889999009641,-2.65941719355317,-0.0751146531703994,0.927637123694051
661,0.8,"Staggered entry, calendar-event order",631,629,FALSE,NA,0.0660186492186846,-2.71781801294991,-0.0815538277694691,0.921683096373373
662,0.8,"Simultaneous entry, time-on-study order",631,629,FALSE,NA,0.018820208978652,-3.97282404081365,-0.0749962718666592,0.927746945086423
662,0.8,"Staggered entry, time-on-study order",631,629,FALSE,NA,0.018820208978652,-3.97282404081365,-0.0749962718666592,0.927746945086423
662,0.8,"Staggered entry, calendar-event order",631,629,FALSE,NA,0.0402113229040184,-3.21360665873803,-0.0840648321733538,0.919371649300783
663,0.8,"Simultaneous entry, time-on-study order",631,629,TRUE,580,16.0444617533032,2.77536372792891,-0.242878569289766,0.784366754200929
663,0.8,"Staggered entry, time-on-study order",631,629,TRUE,580,16.0444617533032,2.77536372792891,-0.242878569289766,0.784366754200929
663,0.8,"Staggered entry, calendar-event order",631,629,TRUE,575,17.5577318589999,2.86549441465941,-0.244116610966528,0.78339627633934
664,0.8,"Simultaneous entry, time-on-study order",631,630,FALSE,NA,4.36072505428892,1.47263834039041,-0.18292498856244,0.83283062521654
664,0.8,"Staggered entry, time-on-study order",631,630,FALSE,NA,4.36072505428892,1.47263834039041,-0.18292498856244,0.83283062521654
664,0.8,"Staggered entry, calendar-event order",631,630,TRUE,478,4.68267308877757,1.54386911968817,-0.181055276486182,0.834389235315995
665,0.8,"Simultaneous entry, time-on-study order",631,630,TRUE,315,113.579856574294,4.73250617167595,-0.260001165318199,0.771050687283644
665,0.8,"Staggered entry, time-on-study order",631,630,TRUE,315,113.579856574294,4.73250617167595,-0.260001165318199,0.771050687283644
665,0.8,"Staggered entry, calendar-event order",631,630,TRUE,328,103.073889331172,4.63544610318853,-0.26331626685661,0.768498808170299
666,0.8,"Simultaneous entry, time-on-study order",631,630,FALSE,NA,3.1126476580407,1.13547370099993,-0.176952830100206,0.837819303443524
666,0.8,"Staggered entry, time-on-study order",631,630,FALSE,NA,3.1126476580407,1.13547370099993,-0.176952830100206,0.837819303443524
666,0.8,"Staggered entry, calendar-event order",631,630,FALSE,NA,3.31343160422993,1.19798439078487,-0.179436805364024,0.835740763607728
667,0.8,"Simultaneous entry, time-on-study order",631,627,TRUE,176,379.236815335316,5.93816085252298,-0.287544313727391,0.750103326160169
667,0.8,"Staggered entry, time-on-study order",631,627,TRUE,176,379.236815335316,5.93816085252298,-0.287544313727391,0.750103326160169
667,0.8,"Staggered entry, calendar-event order",631,627,TRUE,498,307.491192435376,5.72844644434979,-0.291192077571695,0.747372110810315
668,0.8,"Simultaneous entry, time-on-study order",631,630,TRUE,570,12.4763026783168,2.52383105929743,-0.230228292072755,0.794352237483231
668,0.8,"Staggered entry, time-on-study order",631,630,TRUE,570,12.4763026783168,2.52383105929743,-0.230228292072755,0.794352237483231
668,0.8,"Staggered entry, calendar-event order",631,630,TRUE,284,21.6933256402142,3.0770046390521,-0.228911392083845,0.795399009031405
669,0.8,"Simultaneous entry, time-on-study order",631,630,FALSE,NA,0.586316347422888,-0.533895793048826,-0.110069904006087,0.895771515090409
669,0.8,"Staggered entry, time-on-study order",631,630,FALSE,NA,0.586316347422888,-0.533895793048826,-0.110069904006087,0.895771515090409
669,0.8,"Staggered entry, calendar-event order",631,630,FALSE,NA,0.451846100927553,-0.794413641801528,-0.105420833030498,0.899945716001746
670,0.8,"Simultaneous entry, time-on-study order",631,629,FALSE,NA,0.566897475465924,-0.567576810888248,-0.13231117675019,0.87606834056054
670,0.8,"Staggered entry, time-on-study order",631,629,FALSE,NA,0.566897475465924,-0.567576810888248,-0.13231117675019,0.87606834056054
670,0.8,"Staggered entry, calendar-event order",631,629,FALSE,NA,0.176864729535775,-1.73237007849938,-0.13201744756863,0.876325705193105
671,0.8,"Simultaneous entry, time-on-study order",631,630,TRUE,519,80.6223560372505,4.3897759812418,-0.268300921985765,0.764677638163719
671,0.8,"Staggered entry, time-on-study order",631,630,TRUE,519,80.6223560372505,4.3897759812418,-0.268300921985765,0.764677638163719
671,0.8,"Staggered entry, calendar-event order",631,630,TRUE,284,85.4994503251336,4.44850994697624,-0.270374985665984,0.76309329163308
672,0.8,"Simultaneous entry, time-on-study order",631,628,FALSE,NA,2.00705498691727,0.696668467006047,-0.156354178854594,0.855256223052412
672,0.8,"Staggered entry, time-on-study order",631,628,FALSE,NA,2.00705498691727,0.696668467006047,-0.156354178854594,0.855256223052412
672,0.8,"Staggered entry, calendar-event order",631,628,FALSE,NA,2.53017303705463,0.9282876944934,-0.158703565440162,0.853249254050915
673,0.8,"Simultaneous entry, time-on-study order",631,630,FALSE,NA,0.533944052199188,-0.627464216673394,-0.126597785251221,0.881087987920669
673,0.8,"Staggered entry, time-on-study order",631,630,FALSE,NA,0.533944052199188,-0.627464216673394,-0.126597785251221,0.881087987920669
673,0.8,"Staggered entry, calendar-event order",631,630,FALSE,NA,1.11621130677563,0.109940189024911,-0.130694490377139,0.87748581380469
674,0.8,"Simultaneous entry, time-on-study order",631,630,FALSE,NA,0.410305654786249,-0.890852897551832,-0.103380357530993,0.901783907941158
674,0.8,"Staggered entry, time-on-study order",631,630,FALSE,NA,0.410305654786249,-0.890852897551832,-0.103380357530993,0.901783907941158
674,0.8,"Staggered entry, calendar-event order",631,630,FALSE,NA,0.0480664354758512,-3.03517115260602,-0.105255548837022,0.900094475097013
675,0.8,"Simultaneous entry, time-on-study order",631,626,TRUE,251,2243.050195415,7.71559191296575,-0.338711237588568,0.712688216946875
675,0.8,"Staggered entry, time-on-study order",631,626,TRUE,251,2243.050195415,7.71559191296575,-0.338711237588568,0.712688216946875
675,0.8,"Staggered entry, calendar-event order",631,629,TRUE,199,1467.62342743653,7.29139965544757,-0.326844590783176,0.721195814794642
676,0.8,"Simultaneous entry, time-on-study order",631,626,FALSE,NA,6.8826884280538,1.92900933551003,-0.233044473957271,0.792118344103534
676,0.8,"Staggered entry, time-on-study order",631,626,FALSE,NA,6.8826884280538,1.92900933551003,-0.233044473957271,0.792118344103534
676,0.8,"Staggered entry, calendar-event order",631,626,FALSE,NA,6.7849471290043,1.91470650092107,-0.231622113656643,0.793245823440427
677,0.8,"Simultaneous entry, time-on-study order",631,630,TRUE,463,9.51111894154266,2.25246152910417,-0.201337680121359,0.817636285411867
677,0.8,"Staggered entry, time-on-study order",631,630,TRUE,463,9.51111894154266,2.25246152910417,-0.201337680121359,0.817636285411867
677,0.8,"Staggered entry, calendar-event order",631,629,TRUE,468,9.08441855045187,2.206560698749,-0.198515720357645,0.819946880780872
678,0.8,"Simultaneous entry, time-on-study order",631,627,TRUE,331,1297.50468717785,7.168198227502,-0.331740385396039,0.717673617222937
678,0.8,"Staggered entry, time-on-study order",631,627,TRUE,331,1297.50468717785,7.168198227502,-0.331740385396039,0.717673617222937
678,0.8,"Staggered entry, calendar-event order",631,627,TRUE,334,953.439342238884,6.86007580711641,-0.331518723871747,0.717832715483204
679,0.8,"Simultaneous entry, time-on-study order",631,626,TRUE,527,85.8229204334702,4.45228610873817,-0.262747073708226,0.768936356939518
679,0.8,"Staggered entry, time-on-study order",631,626,TRUE,527,85.8229204334702,4.45228610873817,-0.262747073708226,0.768936356939518
679,0.8,"Staggered entry, calendar-event order",631,626,TRUE,593,33.1115346113969,3.49988169936448,-0.261337549284853,0.770020955719309
680,0.8,"Simultaneous entry, time-on-study order",631,623,TRUE,620,27.3580022595914,3.30900907326069,-0.22859303515392,0.79565227012956
680,0.8,"Staggered entry, time-on-study order",631,623,TRUE,620,27.3580022595914,3.30900907326069,-0.22859303515392,0.79565227012956
680,0.8,"Staggered entry, calendar-event order",631,624,TRUE,411,48.2815098199822,3.87704866790238,-0.226323896798664,0.79745976516575
681,0.8,"Simultaneous entry, time-on-study order",631,629,TRUE,156,950.804912397507,6.85730890206662,-0.313365478769398,0.73098270508302
681,0.8,"Staggered entry, time-on-study order",631,629,TRUE,156,950.804912397507,6.85730890206662,-0.313365478769398,0.73098270508302
681,0.8,"Staggered entry, calendar-event order",631,629,TRUE,135,370.461024887914,5.91474824321862,-0.31417963684115,0.730387811814804
682,0.8,"Simultaneous entry, time-on-study order",631,627,FALSE,NA,11.3969396333355,2.43334486614425,-0.22876703058855,0.795513842310257
682,0.8,"Staggered entry, time-on-study order",631,627,FALSE,NA,11.3969396333355,2.43334486614425,-0.22876703058855,0.795513842310257
682,0.8,"Staggered entry, calendar-event order",631,627,FALSE,NA,9.06840191297379,2.20479605378194,-0.233137261404342,0.792044848874378
683,0.8,"Simultaneous entry, time-on-study order",631,630,FALSE,NA,0.0557207039318194,-2.88740349677238,-0.133368649674716,0.875142411669014
683,0.8,"Staggered entry, time-on-study order",631,630,FALSE,NA,0.0557207039318194,-2.88740349677238,-0.133368649674716,0.875142411669014
683,0.8,"Staggered entry, calendar-event order",631,630,FALSE,NA,0.058283423376713,-2.84243755921704,-0.131371863984247,0.876891629338964
684,0.8,"Simultaneous entry, time-on-study order",631,630,FALSE,NA,1.7321094344562,0.549339992010391,-0.152713989366772,0.858375191138267
684,0.8,"Staggered entry, time-on-study order",631,630,FALSE,NA,1.7321094344562,0.549339992010391,-0.152713989366772,0.858375191138267
684,0.8,"Staggered entry, calendar-event order",631,630,FALSE,NA,1.11147827063934,0.105690904648778,-0.151605074277465,0.859327584303987
685,0.8,"Simultaneous entry, time-on-study order",631,629,TRUE,409,94.9202961490018,4.55303755154797,-0.288050045508252,0.749724070977983
685,0.8,"Staggered entry, time-on-study order",631,629,TRUE,409,94.9202961490018,4.55303755154797,-0.288050045508252,0.749724070977983
685,0.8,"Staggered entry, calendar-event order",631,627,TRUE,164,268.13245355754,5.5914810881119,-0.290787931599984,0.747674219282117
686,0.8,"Simultaneous entry, time-on-study order",631,629,TRUE,374,1480.64034197251,7.30022993668124,-0.325400615174561,0.722237956192543
686,0.8,"Staggered entry, time-on-study order",631,629,TRUE,374,1480.64034197251,7.30022993668124,-0.325400615174561,0.722237956192543
686,0.8,"Staggered entry, calendar-event order",631,630,TRUE,367,1010.46311590509,6.91816403534138,-0.311091487120122,0.73264684505323
687,0.8,"Simultaneous entry, time-on-study order",631,626,FALSE,NA,14.257293882096,2.65726862713859,-0.197699195409011,0.820616661274613
687,0.8,"Staggered entry, time-on-study order",631,626,FALSE,NA,14.257293882096,2.65726862713859,-0.197699195409011,0.820616661274613
687,0.8,"Staggered entry, calendar-event order",631,626,FALSE,NA,12.1032764880247,2.49347620008156,-0.191682337656674,0.825569079050496
688,0.8,"Simultaneous entry, time-on-study order",631,629,FALSE,NA,0.224496105756316,-1.49389691824731,-0.107826797252792,0.897783081460935
688,0.8,"Staggered entry, time-on-study order",631,629,FALSE,NA,0.224496105756316,-1.49389691824731,-0.107826797252792,0.897783081460935
688,0.8,"Staggered entry, calendar-event order",631,629,FALSE,NA,0.457234070468267,-0.782559830003592,-0.11119576675645,0.894763566820908
689,0.8,"Simultaneous entry, time-on-study order",631,629,FALSE,NA,5.15351448666963,1.63967890652591,-0.171021757258203,0.842803236184512
689,0.8,"Staggered entry, time-on-study order",631,629,FALSE,NA,5.15351448666963,1.63967890652591,-0.171021757258203,0.842803236184512
689,0.8,"Staggered entry, calendar-event order",631,629,FALSE,NA,1.74808771524851,0.558522456322472,-0.173640039010707,0.840599426206983
690,0.8,"Simultaneous entry, time-on-study order",631,617,TRUE,395,2633.90977105182,7.87622462623123,-0.381862116176466,0.682589164720948
690,0.8,"Staggered entry, time-on-study order",631,617,TRUE,395,2633.90977105182,7.87622462623123,-0.381862116176466,0.682589164720948
690,0.8,"Staggered entry, calendar-event order",631,617,TRUE,355,4342.73569875873,8.37625977384639,-0.371388082230621,0.689776199723007
691,0.8,"Simultaneous entry, time-on-study order",631,629,TRUE,498,7.58318057053174,2.02593271198068,-0.19816899804432,0.820231223951392
691,0.8,"Staggered entry, time-on-study order",631,629,TRUE,498,7.58318057053174,2.02593271198068,-0.19816899804432,0.820231223951392
691,0.8,"Staggered entry, calendar-event order",631,629,TRUE,403,8.5551587213697,2.1465344602252,-0.195530314987366,0.822398412188812
692,0.8,"Simultaneous entry, time-on-study order",631,630,TRUE,149,2740.11186337026,7.9157540245963,-0.37502998223164,0.687268672633522
692,0.8,"Staggered entry, time-on-study order",631,630,TRUE,149,2740.11186337026,7.9157540245963,-0.37502998223164,0.687268672633522
692,0.8,"Staggered entry, calendar-event order",631,630,TRUE,144,1348.13247097847,7.20647555888307,-0.379250149470867,0.684374395359337
693,0.8,"Simultaneous entry, time-on-study order",631,628,TRUE,374,808.302224900749,6.69493602930405,-0.323579725511769,0.723554269888349
693,0.8,"Staggered entry, time-on-study order",631,628,TRUE,374,808.302224900749,6.69493602930405,-0.323579725511769,0.723554269888349
693,0.8,"Staggered entry, calendar-event order",631,629,TRUE,391,1022.47385532575,6.92998031822649,-0.325236983222097,0.722356147069097
694,0.8,"Simultaneous entry, time-on-study order",631,628,TRUE,178,73.1584352514168,4.29262743525972,-0.256435404152258,0.773804977533619
694,0.8,"Staggered entry, time-on-study order",631,628,TRUE,178,73.1584352514168,4.29262743525972,-0.256435404152258,0.773804977533619
694,0.8,"Staggered entry, calendar-event order",631,627,TRUE,387,58.4517998081538,4.06820247971353,-0.256583529622646,0.773690365796002
695,0.8,"Simultaneous entry, time-on-study order",631,626,TRUE,401,78.057386971188,4.3574442865725,-0.257777052725776,0.772767499310543
695,0.8,"Staggered entry, time-on-study order",631,626,TRUE,401,78.057386971188,4.3574442865725,-0.257777052725776,0.772767499310543
695,0.8,"Staggered entry, calendar-event order",631,625,TRUE,331,129.716622904852,4.86535224737261,-0.258708902572008,0.772047731445008
696,0.8,"Simultaneous entry, time-on-study order",631,622,TRUE,548,74.9316727632059,4.3165766684725,-0.26173759584344,0.769712973093735
696,0.8,"Staggered entry, time-on-study order",631,622,TRUE,548,74.9316727632059,4.3165766684725,-0.26173759584344,0.769712973093735
696,0.8,"Staggered entry, calendar-event order",631,621,TRUE,534,146.779465271792,4.98893122405122,-0.263064880548256,0.768692022533364
697,0.8,"Simultaneous entry, time-on-study order",631,628,FALSE,NA,10.5895759951478,2.35987012058209,-0.208390803104515,0.811889685695403
697,0.8,"Staggered entry, time-on-study order",631,628,FALSE,NA,10.5895759951478,2.35987012058209,-0.208390803104515,0.811889685695403
697,0.8,"Staggered entry, calendar-event order",631,626,TRUE,626,20.7444956979949,3.03228094392053,-0.21194976532869,0.809005336662921
698,0.8,"Simultaneous entry, time-on-study order",631,627,TRUE,427,93.0829985025708,4.53349155216717,-0.251329856975017,0.77776577777493
698,0.8,"Staggered entry, time-on-study order",631,627,TRUE,427,93.0829985025708,4.53349155216717,-0.251329856975017,0.77776577777493
698,0.8,"Staggered entry, calendar-event order",631,627,TRUE,519,59.3515094477304,4.08347755371845,-0.251300114498489,0.777788910799335
699,0.8,"Simultaneous entry, time-on-study order",631,629,TRUE,189,9.14620134556797,2.21333863959752,-0.186612425099671,0.829765270264067
699,0.8,"Staggered entry, time-on-study order",631,629,TRUE,189,9.14620134556797,2.21333863959752,-0.186612425099671,0.829765270264067
699,0.8,"Staggered entry, calendar-event order",631,630,TRUE,269,4.82509426419935,1.57383027122174,-0.183820282193183,0.832085330940688
700,0.8,"Simultaneous entry, time-on-study order",631,629,TRUE,393,18.3896090136359,2.91178577757651,-0.200679594763137,0.818174536967956
700,0.8,"Staggered entry, time-on-study order",631,629,TRUE,393,18.3896090136359,2.91178577757651,-0.200679594763137,0.818174536967956
700,0.8,"Staggered entry, calendar-event order",631,629,FALSE,NA,12.8285924534576,2.55167646516245,-0.195405887635899,0.82250074741161
701,0.8,"Simultaneous entry, time-on-study order",631,625,TRUE,429,160.897193473829,5.08076561117268,-0.278824132301736,0.756672965846837
701,0.8,"Staggered entry, time-on-study order",631,625,TRUE,429,160.897193473829,5.08076561117268,-0.278824132301736,0.756672965846837
701,0.8,"Staggered entry, calendar-event order",631,626,TRUE,370,100.464672781176,4.60980615108823,-0.280340103221673,0.755526740676242
702,0.8,"Simultaneous entry, time-on-study order",631,619,FALSE,NA,5.20189424689311,1.64902283750284,-0.228422844358541,0.795787694345909
702,0.8,"Staggered entry, time-on-study order",631,619,FALSE,NA,5.20189424689311,1.64902283750284,-0.228422844358541,0.795787694345909
702,0.8,"Staggered entry, calendar-event order",631,620,TRUE,604,35.7206995225353,3.57573033931417,-0.230930991936211,0.793794242348928
703,0.8,"Simultaneous entry, time-on-study order",631,630,TRUE,169,51.3964184563534,3.93956849019588,-0.256995874068202,0.773371404636537
703,0.8,"Staggered entry, time-on-study order",631,630,TRUE,169,51.3964184563534,3.93956849019588,-0.256995874068202,0.773371404636537
703,0.8,"Staggered entry, calendar-event order",631,630,TRUE,162,31.228231228719,3.44132253276243,-0.263171957539681,0.768609717710814
704,0.8,"Simultaneous entry, time-on-study order",631,630,FALSE,NA,0.000406998174061273,-7.80670185886768,-0.0397206381936521,0.96105788452051
704,0.8,"Staggered entry, time-on-study order",631,630,FALSE,NA,0.000406998174061273,-7.80670185886768,-0.0397206381936521,0.96105788452051
704,0.8,"Staggered entry, calendar-event order",631,630,FALSE,NA,0.000975756488940648,-6.93229750171747,-0.0371970547713582,0.963486257077363
705,0.8,"Simultaneous entry, time-on-study order",631,629,FALSE,NA,0.0808426611970336,-2.51525046767838,-0.141756845183713,0.867832248423955
705,0.8,"Staggered entry, time-on-study order",631,629,FALSE,NA,0.0808426611970336,-2.51525046767838,-0.141756845183713,0.867832248423955
705,0.8,"Staggered entry, calendar-event order",631,628,FALSE,NA,1.56443166014176,0.447522601575898,-0.137241645145701,0.871759544215925
706,0.8,"Simultaneous entry, time-on-study order",631,616,TRUE,582,99.7653204617714,4.60282063256564,-0.256418533284572,0.773818032405133
706,0.8,"Staggered entry, time-on-study order",631,616,TRUE,582,99.7653204617714,4.60282063256564,-0.256418533284572,0.773818032405133
706,0.8,"Staggered entry, calendar-event order",631,620,TRUE,585,87.7360156603642,4.47433248395206,-0.254452297700331,0.775341037759165
707,0.8,"Simultaneous entry, time-on-study order",631,629,TRUE,344,312.131895622508,5.74342584085893,-0.32252465701993,0.724318072061594
707,0.8,"Staggered entry, time-on-study order",631,629,TRUE,344,312.131895622508,5.74342584085893,-0.32252465701993,0.724318072061594
707,0.8,"Staggered entry, calendar-event order",631,630,TRUE,280,820.874612565528,6.7103703725336,-0.318570110158701,0.727188092895717
708,0.8,"Simultaneous entry, time-on-study order",631,629,FALSE,NA,1.9470312424497,0.666305772717252,-0.161070921434966,0.851231698392778
708,0.8,"Staggered entry, time-on-study order",631,629,FALSE,NA,1.9470312424497,0.666305772717252,-0.161070921434966,0.851231698392778
708,0.8,"Staggered entry, calendar-event order",631,629,FALSE,NA,1.97402716426058,0.680075701940207,-0.16067981911584,0.851564682195257
709,0.8,"Simultaneous entry, time-on-study order",631,628,TRUE,182,5094.14447646872,8.53584701722373,-0.358399212416824,0.698794052053135
709,0.8,"Staggered entry, time-on-study order",631,628,TRUE,182,5094.14447646872,8.53584701722373,-0.358399212416824,0.698794052053135
709,0.8,"Staggered entry, calendar-event order",631,629,TRUE,213,1564.26677075036,7.3551724760934,-0.356508612269787,0.700116441851977
710,0.8,"Simultaneous entry, time-on-study order",631,630,FALSE,NA,2.12260111126562,0.752642275885265,-0.181522610390742,0.833999388038253
710,0.8,"Staggered entry, time-on-study order",631,630,FALSE,NA,2.12260111126562,0.752642275885265,-0.181522610390742,0.833999388038253
710,0.8,"Staggered entry, calendar-event order",631,630,FALSE,NA,6.51027338370123,1.87338144976289,-0.181529827188898,0.833993369254726
711,0.8,"Simultaneous entry, time-on-study order",631,628,TRUE,586,34.1751475740914,3.53149870078917,-0.227548200435692,0.796484029694996
711,0.8,"Staggered entry, time-on-study order",631,628,TRUE,586,34.1751475740914,3.53149870078917,-0.227548200435692,0.796484029694996
711,0.8,"Staggered entry, calendar-event order",631,628,TRUE,589,24.8398681282462,3.21244994820442,-0.226808666497846,0.797073274522326
712,0.8,"Simultaneous entry, time-on-study order",631,620,TRUE,354,1383.88910521461,7.23265300667731,-0.372823727448694,0.688786636321281
712,0.8,"Staggered entry, time-on-study order",631,620,TRUE,354,1383.88910521461,7.23265300667731,-0.372823727448694,0.688786636321281
712,0.8,"Staggered entry, calendar-event order",631,621,TRUE,225,3498.28969059369,8.16002946821401,-0.377639982903233,0.68547723977382
713,0.8,"Simultaneous entry, time-on-study order",631,630,TRUE,482,70.6733806514271,4.25806899070912,-0.242555976640036,0.784619825967879
713,0.8,"Staggered entry, time-on-study order",631,630,TRUE,482,70.6733806514271,4.25806899070912,-0.242555976640036,0.784619825967879
713,0.8,"Staggered entry, calendar-event order",631,630,TRUE,487,86.956503800129,4.46540803731439,-0.239610400609817,0.786934390509491
714,0.8,"Simultaneous entry, time-on-study order",631,630,TRUE,246,889.547935750263,6.79071339632305,-0.301289079601556,0.739863862279107
714,0.8,"Staggered entry, time-on-study order",631,630,TRUE,246,889.547935750263,6.79071339632305,-0.301289079601556,0.739863862279107
714,0.8,"Staggered entry, calendar-event order",631,630,TRUE,324,809.119156874917,6.69594619530389,-0.302334757295255,0.739090607500044
715,0.8,"Simultaneous entry, time-on-study order",631,629,TRUE,350,217.828158685704,5.38370648903691,-0.316680755724149,0.728563307668761
715,0.8,"Staggered entry, time-on-study order",631,629,TRUE,350,217.828158685704,5.38370648903691,-0.316680755724149,0.728563307668761
715,0.8,"Staggered entry, calendar-event order",631,629,TRUE,305,197.704369090269,5.28677282952908,-0.319213834939754,0.72672013453419
716,0.8,"Simultaneous entry, time-on-study order",631,628,TRUE,446,31.0872790244305,3.4367987009235,-0.231245333941219,0.793544758688877
716,0.8,"Staggered entry, time-on-study order",631,628,TRUE,446,31.0872790244305,3.4367987009235,-0.231245333941219,0.793544758688877
716,0.8,"Staggered entry, calendar-event order",631,628,TRUE,429,17.4298871193833,2.8581863832851,-0.228476050987779,0.795745354291499
717,0.8,"Simultaneous entry, time-on-study order",631,629,FALSE,NA,1.54698312091644,0.436306660682301,-0.145777771857749,0.864349764685579
717,0.8,"Staggered entry, time-on-study order",631,629,FALSE,NA,1.54698312091644,0.436306660682301,-0.145777771857749,0.864349764685579
717,0.8,"Staggered entry, calendar-event order",631,630,FALSE,NA,1.68608139831361,0.522407137366591,-0.146294452132868,0.863903287564255
718,0.8,"Simultaneous entry, time-on-study order",631,630,FALSE,NA,0.00572451057475884,-5.16299822232133,-0.0645532513017613,0.93748619057278
718,0.8,"Staggered entry, time-on-study order",631,630,FALSE,NA,0.00572451057475884,-5.16299822232133,-0.0645532513017613,0.93748619057278
718,0.8,"Staggered entry, calendar-event order",631,630,FALSE,NA,0.00780375644454492,-4.85315006576199,-0.0698009196843922,0.932579459639881
719,0.8,"Simultaneous entry, time-on-study order",631,629,TRUE,596,20.893575369584,3.03944171312964,-0.220192658066712,0.802364201135004
719,0.8,"Staggered entry, time-on-study order",631,629,TRUE,596,20.893575369584,3.03944171312964,-0.220192658066712,0.802364201135004
719,0.8,"Staggered entry, calendar-event order",631,629,TRUE,590,22.155378605393,3.09808029344216,-0.218749467330837,0.803523001700871
720,0.8,"Simultaneous entry, time-on-study order",631,622,TRUE,437,1527.23441045688,7.33121380388693,-0.337450385204713,0.713587378319918
720,0.8,"Staggered entry, time-on-study order",631,622,TRUE,437,1527.23441045688,7.33121380388693,-0.337450385204713,0.713587378319918
720,0.8,"Staggered entry, calendar-event order",631,618,TRUE,459,702.421235584942,6.55453327475818,-0.351504489810494,0.703628690795426
721,0.8,"Simultaneous entry, time-on-study order",631,624,TRUE,377,91.3007604774947,4.5141591170021,-0.255480674602637,0.774544104788487
721,0.8,"Staggered entry, time-on-study order",631,624,TRUE,377,91.3007604774947,4.5141591170021,-0.255480674602637,0.774544104788487
721,0.8,"Staggered entry, calendar-event order",631,625,TRUE,507,41.643040345501,3.72913425610294,-0.257758992026096,0.772781456158305
722,0.8,"Simultaneous entry, time-on-study order",631,629,TRUE,546,20.8673683552135,3.03818661611922,-0.215922592951522,0.805797673879037
722,0.8,"Staggered entry, time-on-study order",631,629,TRUE,546,20.8673683552135,3.03818661611922,-0.215922592951522,0.805797673879037
722,0.8,"Staggered entry, calendar-event order",631,627,TRUE,439,30.1362780311242,3.40572969622733,-0.218955740318037,0.803357273704219
723,0.8,"Simultaneous entry, time-on-study order",631,628,TRUE,219,15.3574484298078,2.73160059606937,-0.226250923464283,0.79751796058718
723,0.8,"Staggered entry, time-on-study order",631,628,TRUE,219,15.3574484298078,2.73160059606937,-0.226250923464283,0.79751796058718
723,0.8,"Staggered entry, calendar-event order",631,627,TRUE,190,27.8554702376029,3.32702936495308,-0.222773499591236,0.800296096160447
724,0.8,"Simultaneous entry, time-on-study order",631,625,TRUE,309,728.957907329364,6.59161599005269,-0.30033801266761,0.740567857054154
724,0.8,"Staggered entry, time-on-study order",631,625,TRUE,309,728.957907329364,6.59161599005269,-0.30033801266761,0.740567857054154
724,0.8,"Staggered entry, calendar-event order",631,625,TRUE,298,533.580080258333,6.2796091630544,-0.293116344929539,0.745935349852762
725,0.8,"Simultaneous entry, time-on-study order",631,627,TRUE,151,5628.28715239717,8.63556043903596,-0.390980931582257,0.676393053661626
725,0.8,"Staggered entry, time-on-study order",631,627,TRUE,151,5628.28715239717,8.63556043903596,-0.390980931582257,0.676393053661626
725,0.8,"Staggered entry, calendar-event order",631,627,TRUE,251,4350.84918453207,8.37812631986575,-0.394945151347263,0.673716990704755
726,0.8,"Simultaneous entry, time-on-study order",631,625,TRUE,352,195.296951386285,5.27452122785954,-0.263617857203998,0.768267071294334
726,0.8,"Staggered entry, time-on-study order",631,625,TRUE,352,195.296951386285,5.27452122785954,-0.263617857203998,0.768267071294334
726,0.8,"Staggered entry, calendar-event order",631,624,TRUE,257,218.11500965028,5.38502249087756,-0.264713869640523,0.76742550229891
727,0.8,"Simultaneous entry, time-on-study order",631,622,TRUE,275,3271.29592722067,8.09294149340057,-0.359111401535195,0.69829655571005
727,0.8,"Staggered entry, time-on-study order",631,622,TRUE,275,3271.29592722067,8.09294149340057,-0.359111401535195,0.69829655571005
727,0.8,"Staggered entry, calendar-event order",631,622,TRUE,349,1649.35316830572,7.40813847082636,-0.357406931309026,0.699487796326974
728,0.8,"Simultaneous entry, time-on-study order",631,627,TRUE,496,950.706530359097,6.85720542434223,-0.334717105361132,0.715540480288897
728,0.8,"Staggered entry, time-on-study order",631,627,TRUE,496,950.706530359097,6.85720542434223,-0.334717105361132,0.715540480288897
728,0.8,"Staggered entry, calendar-event order",631,626,TRUE,481,1441.85003190861,7.27368231237314,-0.332329973728782,0.717250609943836
729,0.8,"Simultaneous entry, time-on-study order",631,629,FALSE,NA,0.375722554222926,-0.978904295670356,-0.109355478604899,0.896411705671426
729,0.8,"Staggered entry, time-on-study order",631,629,FALSE,NA,0.375722554222926,-0.978904295670356,-0.109355478604899,0.896411705671426
729,0.8,"Staggered entry, calendar-event order",631,630,FALSE,NA,0.260441956909562,-1.34537525678223,-0.104956546886658,0.900363645339786
730,0.8,"Simultaneous entry, time-on-study order",631,627,FALSE,NA,0.00250817526188493,-5.9881997775187,-0.0506422731573816,0.95061867153096
730,0.8,"Staggered entry, time-on-study order",631,627,FALSE,NA,0.00250817526188493,-5.9881997775187,-0.0506422731573816,0.95061867153096
730,0.8,"Staggered entry, calendar-event order",631,627,FALSE,NA,0.00848024976646673,-4.7700153760193,-0.050846408660523,0.950424636315564
731,0.8,"Simultaneous entry, time-on-study order",631,628,TRUE,410,68.0082801197979,4.21962946423079,-0.242525854653171,0.78464346063193
731,0.8,"Staggered entry, time-on-study order",631,628,TRUE,410,68.0082801197979,4.21962946423079,-0.242525854653171,0.78464346063193
731,0.8,"Staggered entry, calendar-event order",631,628,TRUE,503,58.194147063801,4.06378478376623,-0.237375552732786,0.788695035815894
732,0.8,"Simultaneous entry, time-on-study order",631,627,TRUE,585,66.354193483728,4.19500696124867,-0.258756960041561,0.772010629676177
732,0.8,"Staggered entry, time-on-study order",631,627,TRUE,585,66.354193483728,4.19500696124867,-0.258756960041561,0.772010629676177
732,0.8,"Staggered entry, calendar-event order",631,626,TRUE,534,109.006329796186,4.6914059520677,-0.256547755876504,0.773718044093816
733,0.8,"Simultaneous entry, time-on-study order",631,629,TRUE,585,10.6386032672949,2.36448920342582,-0.219704392943881,0.802756063248743
733,0.8,"Staggered entry, time-on-study order",631,629,TRUE,585,10.6386032672949,2.36448920342582,-0.219704392943881,0.802756063248743
733,0.8,"Staggered entry, calendar-event order",631,629,TRUE,291,24.9265302648416,3.21593270874132,-0.214921502052957,0.806604754509576
734,0.8,"Simultaneous entry, time-on-study order",631,625,TRUE,206,8.65305683288639,2.157912649601,-0.18935655051353,0.827491411601958
734,0.8,"Staggered entry, time-on-study order",631,625,TRUE,206,8.65305683288639,2.157912649601,-0.18935655051353,0.827491411601958
734,0.8,"Staggered entry, calendar-event order",631,625,FALSE,NA,6.8382750020139,1.92253550714051,-0.185858124423843,0.830391398883139
735,0.8,"Simultaneous entry, time-on-study order",631,627,FALSE,NA,3.77571323516673,1.32858930132275,-0.196099746602982,0.82193024583929
735,0.8,"Staggered entry, time-on-study order",631,627,FALSE,NA,3.77571323516673,1.32858930132275,-0.196099746602982,0.82193024583929
735,0.8,"Staggered entry, calendar-event order",631,628,FALSE,NA,3.71476969437069,1.31231668280813,-0.19769944162856,0.820616459222773
736,0.8,"Simultaneous entry, time-on-study order",631,621,TRUE,135,2648.09021394174,7.88159398518569,-0.347623048164057,0.706365091654178
736,0.8,"Staggered entry, time-on-study order",631,621,TRUE,135,2648.09021394174,7.88159398518569,-0.347623048164057,0.706365091654178
736,0.8,"Staggered entry, calendar-event order",631,620,TRUE,200,1182.94947603629,7.07576615472848,-0.35247066289699,0.702949192001075
737,0.8,"Simultaneous entry, time-on-study order",631,629,FALSE,NA,0.0730657853515665,-2.61639507444338,-0.0672071674726607,0.935001479377608
737,0.8,"Staggered entry, time-on-study order",631,629,FALSE,NA,0.0730657853515665,-2.61639507444338,-0.0672071674726607,0.935001479377608
737,0.8,"Staggered entry, calendar-event order",631,628,FALSE,NA,0.0491883230213278,-3.01209902061763,-0.0653980663543695,0.936694522580975
738,0.8,"Simultaneous entry, time-on-study order",631,624,TRUE,311,447.939315935052,6.10465776773794,-0.310477740297895,0.733096642743029
738,0.8,"Staggered entry, time-on-study order",631,624,TRUE,311,447.939315935052,6.10465776773794,-0.310477740297895,0.733096642743029
738,0.8,"Staggered entry, calendar-event order",631,625,TRUE,312,349.166962570693,5.85555021058566,-0.30935588164434,0.733919535053706
739,0.8,"Simultaneous entry, time-on-study order",631,629,TRUE,317,31.9633900708246,3.46459118757645,-0.22463277094672,0.798809510963834
739,0.8,"Staggered entry, time-on-study order",631,629,TRUE,317,31.9633900708246,3.46459118757645,-0.22463277094672,0.798809510963834
739,0.8,"Staggered entry, calendar-event order",631,629,TRUE,335,19.8072585726199,2.98604846509788,-0.231975697930747,0.792965393772441
740,0.8,"Simultaneous entry, time-on-study order",631,630,TRUE,277,163.556387150551,5.09715780641995,-0.272858588006533,0.761200422887525
740,0.8,"Staggered entry, time-on-study order",631,630,TRUE,277,163.556387150551,5.09715780641995,-0.272858588006533,0.761200422887525
740,0.8,"Staggered entry, calendar-event order",631,630,TRUE,242,319.21265730037,5.76585751798614,-0.275415745516607,0.759256400154971
741,0.8,"Simultaneous entry, time-on-study order",631,630,FALSE,NA,0.546960438377227,-0.603378803897421,-0.127857713116017,0.879978579647308
741,0.8,"Staggered entry, time-on-study order",631,630,FALSE,NA,0.546960438377227,-0.603378803897421,-0.127857713116017,0.879978579647308
741,0.8,"Staggered entry, calendar-event order",631,630,FALSE,NA,0.245445742398178,-1.40467936473495,-0.122119685285258,0.885042435607078
742,0.8,"Simultaneous entry, time-on-study order",631,629,TRUE,234,0.78061528976914,-0.247672837226399,-0.12471921015562,0.882744733545118
742,0.8,"Staggered entry, time-on-study order",631,629,TRUE,234,0.78061528976914,-0.247672837226399,-0.12471921015562,0.882744733545118
742,0.8,"Staggered entry, calendar-event order",631,630,TRUE,289,0.303094049092006,-1.1937121285918,-0.121814798605947,0.885312314395453
743,0.8,"Simultaneous entry, time-on-study order",631,630,FALSE,NA,0.0231763839126637,-3.76462145355634,-0.0873545923396667,0.916352106579812
743,0.8,"Staggered entry, time-on-study order",631,630,FALSE,NA,0.0231763839126637,-3.76462145355634,-0.0873545923396667,0.916352106579812
743,0.8,"Staggered entry, calendar-event order",631,630,FALSE,NA,0.0205618516736993,-3.88431778050015,-0.0923812377112046,0.911757486940759
744,0.8,"Simultaneous entry, time-on-study order",631,630,TRUE,177,12.8162521638511,2.55071406583867,-0.216088463105067,0.80566402717945
744,0.8,"Staggered entry, time-on-study order",631,630,TRUE,177,12.8162521638511,2.55071406583867,-0.216088463105067,0.80566402717945
744,0.8,"Staggered entry, calendar-event order",631,630,TRUE,494,14.1346218150934,2.64862723557669,-0.216020328877509,0.805718922345712
745,0.8,"Simultaneous entry, time-on-study order",631,628,FALSE,NA,3.29003996906627,1.19089971335585,-0.201709145059369,0.817332618604069
745,0.8,"Staggered entry, time-on-study order",631,628,FALSE,NA,3.29003996906627,1.19089971335585,-0.201709145059369,0.817332618604069
745,0.8,"Staggered entry, calendar-event order",631,628,TRUE,551,15.652052255234,2.75060204290853,-0.211976643124457,0.808983592674924
746,0.8,"Simultaneous entry, time-on-study order",631,628,TRUE,274,1585.10916124867,7.36840855539011,-0.384167584251162,0.681017289843458
746,0.8,"Staggered entry, time-on-study order",631,628,TRUE,274,1585.10916124867,7.36840855539011,-0.384167584251162,0.681017289843458
746,0.8,"Staggered entry, calendar-event order",631,628,TRUE,278,1985.93372537814,7.59384447314102,-0.381360456894278,0.682931677816605
747,0.8,"Simultaneous entry, time-on-study order",631,624,TRUE,261,349.350164820963,5.85607475679157,-0.301582328495634,0.739646929828881
747,0.8,"Staggered entry, time-on-study order",631,624,TRUE,261,349.350164820963,5.85607475679157,-0.301582328495634,0.739646929828881
747,0.8,"Staggered entry, calendar-event order",631,624,TRUE,457,320.697266153967,5.77049758204153,-0.30559444962699,0.736685321889647
748,0.8,"Simultaneous entry, time-on-study order",631,625,TRUE,170,2516.33303523903,7.83055797600775,-0.354117421121887,0.701792557247741
748,0.8,"Staggered entry, time-on-study order",631,625,TRUE,170,2516.33303523903,7.83055797600775,-0.354117421121887,0.701792557247741
748,0.8,"Staggered entry, calendar-event order",631,624,TRUE,259,960.768374256997,6.86773335417178,-0.354019161176301,0.701861518734249
749,0.8,"Simultaneous entry, time-on-study order",631,630,FALSE,NA,0.0522927431781553,-2.95089767130222,-0.142805543066101,0.866922631622735
749,0.8,"Staggered entry, time-on-study order",631,630,FALSE,NA,0.0522927431781553,-2.95089767130222,-0.142805543066101,0.866922631622735
749,0.8,"Staggered entry, calendar-event order",631,630,FALSE,NA,0.0703913346944383,-2.65368511012066,-0.140959658599675,0.86852434847938
750,0.8,"Simultaneous entry, time-on-study order",631,626,FALSE,NA,0.00713765978127208,-4.94237031808286,-0.111890487314737,0.894142172049085
750,0.8,"Staggered entry, time-on-study order",631,626,FALSE,NA,0.00713765978127208,-4.94237031808286,-0.111890487314737,0.894142172049085
750,0.8,"Staggered entry, calendar-event order",631,626,FALSE,NA,0.00156569923321045,-6.45942276038923,-0.10874921087488,0.896955335937479
751,0.8,"Simultaneous entry, time-on-study order",631,630,TRUE,372,13.2753363179741,2.5859079014944,-0.194902851596695,0.822914599012238
751,0.8,"Staggered entry, time-on-study order",631,630,TRUE,372,13.2753363179741,2.5859079014944,-0.194902851596695,0.822914599012238
751,0.8,"Staggered entry, calendar-event order",631,630,TRUE,249,10.92186755869,2.39076697755225,-0.189292108925699,0.827544738180644
752,0.8,"Simultaneous entry, time-on-study order",631,624,TRUE,448,66.5334778637141,4.19770524750721,-0.248217995160898,0.780189847127384
752,0.8,"Staggered entry, time-on-study order",631,624,TRUE,448,66.5334778637141,4.19770524750721,-0.248217995160898,0.780189847127384
752,0.8,"Staggered entry, calendar-event order",631,623,TRUE,202,36.4973473568181,3.59723958279181,-0.247132886572931,0.78103689731835
753,0.8,"Simultaneous entry, time-on-study order",631,629,TRUE,157,5.07142239258498,1.62362132906179,-0.180073677160265,0.835208673341044
753,0.8,"Staggered entry, time-on-study order",631,629,TRUE,157,5.07142239258498,1.62362132906179,-0.180073677160265,0.835208673341044
753,0.8,"Staggered entry, calendar-event order",631,630,TRUE,225,1.39860986165817,0.335478787355412,-0.170363089269313,0.843358546559628
754,0.8,"Simultaneous entry, time-on-study order",631,620,FALSE,NA,6.89781673343179,1.93120494608862,-0.224272231161783,0.799097565497562
754,0.8,"Staggered entry, time-on-study order",631,620,FALSE,NA,6.89781673343179,1.93120494608862,-0.224272231161783,0.799097565497562
754,0.8,"Staggered entry, calendar-event order",631,619,TRUE,618,26.5427103317289,3.27875514621172,-0.229649367272144,0.794812240834758
755,0.8,"Simultaneous entry, time-on-study order",631,625,TRUE,396,151.111518066632,5.01801809447826,-0.318338630694473,0.727356441489723
755,0.8,"Staggered entry, time-on-study order",631,625,TRUE,396,151.111518066632,5.01801809447826,-0.318338630694473,0.727356441489723
755,0.8,"Staggered entry, calendar-event order",631,626,TRUE,390,358.527007440734,5.88200399176489,-0.319247681802428,0.726695537753859
756,0.8,"Simultaneous entry, time-on-study order",631,629,TRUE,292,57.8137973007528,4.05722745481768,-0.247925309915722,0.78041823060468
756,0.8,"Staggered entry, time-on-study order",631,629,TRUE,292,57.8137973007528,4.05722745481768,-0.247925309915722,0.78041823060468
756,0.8,"Staggered entry, calendar-event order",631,629,TRUE,297,26.8026493816071,3.28850074015338,-0.245519607142771,0.782297945016638
757,0.8,"Simultaneous entry, time-on-study order",631,630,FALSE,NA,5.46703612911144,1.69873662847186,-0.189823555983901,0.827105058807511
757,0.8,"Staggered entry, time-on-study order",631,630,FALSE,NA,5.46703612911144,1.69873662847186,-0.189823555983901,0.827105058807511
757,0.8,"Staggered entry, calendar-event order",631,630,TRUE,194,6.85721185142879,1.92530092346866,-0.195498100391025,0.822424905848431
758,0.8,"Simultaneous entry, time-on-study order",631,627,FALSE,NA,3.27208037271562,1.18542598222721,-0.175278349790765,0.839223390600083
758,0.8,"Staggered entry, time-on-study order",631,627,FALSE,NA,3.27208037271562,1.18542598222721,-0.175278349790765,0.839223390600083
758,0.8,"Staggered entry, calendar-event order",631,626,FALSE,NA,4.08133264689229,1.40642356422465,-0.178870881209263,0.836213863349632
759,0.8,"Simultaneous entry, time-on-study order",631,628,FALSE,NA,0.00774145531528883,-4.86116558382392,-0.0921760114185178,0.91194462275157
759,0.8,"Staggered entry, time-on-study order",631,628,FALSE,NA,0.00774145531528883,-4.86116558382392,-0.0921760114185178,0.91194462275157
759,0.8,"Staggered entry, calendar-event order",631,628,FALSE,NA,0.223488872443809,-1.49839365389141,-0.0924271847188719,0.911715595374919
760,0.8,"Simultaneous entry, time-on-study order",631,630,TRUE,475,26.2995920088387,3.26955342609148,-0.212352348028628,0.808679710660318
760,0.8,"Staggered entry, time-on-study order",631,630,TRUE,475,26.2995920088387,3.26955342609148,-0.212352348028628,0.808679710660318
760,0.8,"Staggered entry, calendar-event order",631,630,TRUE,495,14.0180472979761,2.64034559216119,-0.207533149517027,0.812586304483085
761,0.8,"Simultaneous entry, time-on-study order",631,630,FALSE,NA,1.99844747934718,0.692370618787479,-0.152259109077147,0.858765737913099
761,0.8,"Staggered entry, time-on-study order",631,630,FALSE,NA,1.99844747934718,0.692370618787479,-0.152259109077147,0.858765737913099
761,0.8,"Staggered entry, calendar-event order",631,630,TRUE,261,2.9730478076481,1.08958762449484,-0.152917052341477,0.858200904614709
762,0.8,"Simultaneous entry, time-on-study order",631,628,TRUE,308,55.6238532171218,4.01861212395248,-0.275310951160635,0.759335970109611
762,0.8,"Staggered entry, time-on-study order",631,628,TRUE,308,55.6238532171218,4.01861212395248,-0.275310951160635,0.759335970109611
762,0.8,"Staggered entry, calendar-event order",631,628,TRUE,373,91.046401929632,4.51136928787089,-0.270004034502196,0.76337641448682
763,0.8,"Simultaneous entry, time-on-study order",631,629,TRUE,219,77.2856395919725,4.34750816332824,-0.260200723481499,0.770896833176611
763,0.8,"Staggered entry, time-on-study order",631,629,TRUE,219,77.2856395919725,4.34750816332824,-0.260200723481499,0.770896833176611
763,0.8,"Staggered entry, calendar-event order",631,630,TRUE,130,105.427026328361,4.65801902001572,-0.247930155055831,0.78041444937817
764,0.8,"Simultaneous entry, time-on-study order",631,630,FALSE,NA,0.00225936819793566,-6.09267006321724,0.0494110174602594,1.05065209836313
764,0.8,"Staggered entry, time-on-study order",631,630,FALSE,NA,0.00225936819793566,-6.09267006321724,0.0494110174602594,1.05065209836313
764,0.8,"Staggered entry, calendar-event order",631,630,FALSE,NA,0.000446041775136081,-7.71509794410622,0.0447546955234284,1.04577129606148
765,0.8,"Simultaneous entry, time-on-study order",631,629,TRUE,306,100.119766268879,4.60636713205105,-0.299435033588284,0.741236876345649
765,0.8,"Staggered entry, time-on-study order",631,629,TRUE,306,100.119766268879,4.60636713205105,-0.299435033588284,0.741236876345649
765,0.8,"Staggered entry, calendar-event order",631,629,TRUE,254,297.249424485177,5.69457159943841,-0.296785483551268,0.743203424622388
766,0.8,"Simultaneous entry, time-on-study order",631,629,FALSE,NA,0.212401886307835,-1.54927510873178,-0.105675588041329,0.899716479521929
766,0.8,"Staggered entry, time-on-study order",631,629,FALSE,NA,0.212401886307835,-1.54927510873178,-0.105675588041329,0.899716479521929
766,0.8,"Staggered entry, calendar-event order",631,629,FALSE,NA,0.0404138739853781,-3.20858213748898,-0.10491234427827,0.900403444641018
767,0.8,"Simultaneous entry, time-on-study order",631,625,FALSE,NA,3.11551127380348,1.1363932716133,-0.176742001897949,0.837995958002312
767,0.8,"Staggered entry, time-on-study order",631,625,FALSE,NA,3.11551127380348,1.1363932716133,-0.176742001897949,0.837995958002312
767,0.8,"Staggered entry, calendar-event order",631,629,FALSE,NA,4.46713879997289,1.49674811418922,-0.170311058087498,0.843402428643107
768,0.8,"Simultaneous entry, time-on-study order",631,630,TRUE,488,211.443758582336,5.35395904625578,-0.287053617041495,0.750471489697322
768,0.8,"Staggered entry, time-on-study order",631,630,TRUE,488,211.443758582336,5.35395904625578,-0.287053617041495,0.750471489697322
768,0.8,"Staggered entry, calendar-event order",631,630,TRUE,423,389.355063765512,5.9644916876287,-0.291699357979369,0.746993079726908
769,0.8,"Simultaneous entry, time-on-study order",631,629,FALSE,NA,1.06626238596298,0.0641594361342195,-0.129090861225176,0.878894104522366
769,0.8,"Staggered entry, time-on-study order",631,629,FALSE,NA,1.06626238596298,0.0641594361342195,-0.129090861225176,0.878894104522366
769,0.8,"Staggered entry, calendar-event order",631,629,FALSE,NA,0.191582819868217,-1.65243508412425,-0.132208415011814,0.87615837149194
770,0.8,"Simultaneous entry, time-on-study order",631,630,TRUE,207,160.670786439139,5.07935746679113,-0.258192094133549,0.772446835348762
770,0.8,"Staggered entry, time-on-study order",631,630,TRUE,207,160.670786439139,5.07935746679113,-0.258192094133549,0.772446835348762
770,0.8,"Staggered entry, calendar-event order",631,630,TRUE,190,101.801959105864,4.6230293485861,-0.254149207930574,0.775576071312116
771,0.8,"Simultaneous entry, time-on-study order",631,630,TRUE,565,21.8968066657025,3.08634081183903,-0.23211814403144,0.792852446988719
771,0.8,"Staggered entry, time-on-study order",631,630,TRUE,565,21.8968066657025,3.08634081183903,-0.23211814403144,0.792852446988719
771,0.8,"Staggered entry, calendar-event order",631,630,TRUE,479,22.976157726606,3.13445705768408,-0.231252301019926,0.793539230019344
772,0.8,"Simultaneous entry, time-on-study order",631,628,FALSE,NA,0.0300344857134577,-3.50540903373463,-0.0849447926509801,0.918562994429492
772,0.8,"Staggered entry, time-on-study order",631,628,FALSE,NA,0.0300344857134577,-3.50540903373463,-0.0849447926509801,0.918562994429492
772,0.8,"Staggered entry, calendar-event order",631,629,FALSE,NA,0.0466532047807386,-3.0650136556403,-0.0888185472086367,0.915011589919053
773,0.8,"Simultaneous entry, time-on-study order",631,630,TRUE,463,23.6865454528262,3.16490718452466,-0.253189991123735,0.776320373831374
773,0.8,"Staggered entry, time-on-study order",631,630,TRUE,463,23.6865454528262,3.16490718452466,-0.253189991123735,0.776320373831374
773,0.8,"Staggered entry, calendar-event order",631,630,TRUE,367,67.3011899136346,4.20917791723189,-0.26080719507085,0.770429447891243
774,0.8,"Simultaneous entry, time-on-study order",631,628,FALSE,NA,0.0516225621804665,-2.9637964505018,-0.127173722085591,0.880580682995924
774,0.8,"Staggered entry, time-on-study order",631,628,FALSE,NA,0.0516225621804665,-2.9637964505018,-0.127173722085591,0.880580682995924
774,0.8,"Staggered entry, calendar-event order",631,628,FALSE,NA,0.160837794953037,-1.82735890661533,-0.124379006587908,0.883045097542404
775,0.8,"Simultaneous entry, time-on-study order",631,630,FALSE,NA,0.828502870204648,-0.188134977782777,-0.174699978649812,0.839708913582724
775,0.8,"Staggered entry, time-on-study order",631,630,FALSE,NA,0.828502870204648,-0.188134977782777,-0.174699978649812,0.839708913582724
775,0.8,"Staggered entry, calendar-event order",631,630,FALSE,NA,4.43545793525694,1.48963086528049,-0.173364841770448,0.840830788682936
776,0.8,"Simultaneous entry, time-on-study order",631,626,TRUE,369,1340.00689699912,7.20043003994598,-0.342876604037971,0.709725783452914
776,0.8,"Staggered entry, time-on-study order",631,626,TRUE,369,1340.00689699912,7.20043003994598,-0.342876604037971,0.709725783452914
776,0.8,"Staggered entry, calendar-event order",631,627,TRUE,289,1592.83643843062,7.3732716294538,-0.337110500565997,0.713829956930227
777,0.8,"Simultaneous entry, time-on-study order",631,630,FALSE,NA,0.19756133906706,-1.62170616530545,-0.115282536621808,0.891114335901905
777,0.8,"Staggered entry, time-on-study order",631,630,FALSE,NA,0.19756133906706,-1.62170616530545,-0.115282536621808,0.891114335901905
777,0.8,"Staggered entry, calendar-event order",631,630,FALSE,NA,0.440456376006692,-0.819943871411933,-0.118252778133948,0.888471438074809
778,0.8,"Simultaneous entry, time-on-study order",631,624,FALSE,NA,0.878097746640182,-0.129997362796245,-0.150628836475612,0.86016690199613
778,0.8,"Staggered entry, time-on-study order",631,624,FALSE,NA,0.878097746640182,-0.129997362796245,-0.150628836475612,0.86016690199613
778,0.8,"Staggered entry, calendar-event order",631,625,FALSE,NA,0.78148264348572,-0.246562338598559,-0.145237224611651,0.864817112871053
779,0.8,"Simultaneous entry, time-on-study order",631,624,TRUE,132,1496.26945053733,7.31073025631139,-0.357996698677729,0.699075382875847
779,0.8,"Staggered entry, time-on-study order",631,624,TRUE,132,1496.26945053733,7.31073025631139,-0.357996698677729,0.699075382875847
779,0.8,"Staggered entry, calendar-event order",631,624,TRUE,126,691.926886723714,6.53948029501225,-0.356551760495104,0.700086233721714
780,0.8,"Simultaneous entry, time-on-study order",631,628,TRUE,281,5.08410095410877,1.62611821035051,-0.182017562733214,0.833586700226348
780,0.8,"Staggered entry, time-on-study order",631,628,TRUE,281,5.08410095410877,1.62611821035051,-0.182017562733214,0.833586700226348
780,0.8,"Staggered entry, calendar-event order",631,628,TRUE,189,5.45050789809304,1.69570879664367,-0.17832251849801,0.836672537599359
781,0.8,"Simultaneous entry, time-on-study order",631,630,TRUE,428,21.8659070696265,3.08492866900905,-0.245975374786068,0.781941480164626
781,0.8,"Staggered entry, time-on-study order",631,630,TRUE,428,21.8659070696265,3.08492866900905,-0.245975374786068,0.781941480164626
781,0.8,"Staggered entry, calendar-event order",631,630,TRUE,389,54.706647706711,4.00198523233095,-0.248177665533894,0.7802213125274
782,0.8,"Simultaneous entry, time-on-study order",631,630,TRUE,165,89.7638507149368,4.49718234097605,-0.257311151586394,0.773127616451928
782,0.8,"Staggered entry, time-on-study order",631,630,TRUE,165,89.7638507149368,4.49718234097605,-0.257311151586394,0.773127616451928
782,0.8,"Staggered entry, calendar-event order",631,630,TRUE,198,76.397375391416,4.33594834206688,-0.2587395564684,0.772024065536567
783,0.8,"Simultaneous entry, time-on-study order",631,628,TRUE,250,1150.46343024842,7.04792012300624,-0.314688590427649,0.730016172899947
783,0.8,"Staggered entry, time-on-study order",631,628,TRUE,250,1150.46343024842,7.04792012300624,-0.314688590427649,0.730016172899947
783,0.8,"Staggered entry, calendar-event order",631,628,TRUE,254,647.18733279307,6.47263579323054,-0.315428001081735,0.729476590675057
784,0.8,"Simultaneous entry, time-on-study order",631,625,TRUE,172,3288.36600909465,8.09814606661546,-0.365006775014975,0.694191947701206
784,0.8,"Staggered entry, time-on-study order",631,625,TRUE,172,3288.36600909465,8.09814606661546,-0.365006775014975,0.694191947701206
784,0.8,"Staggered entry, calendar-event order",631,625,TRUE,219,1386.58005063638,7.2345955991529,-0.368854000361374,0.691526365679906
785,0.8,"Simultaneous entry, time-on-study order",631,630,FALSE,NA,3.42990772538147,1.23253335859483,-0.158856514321254,0.85311876051189
785,0.8,"Staggered entry, time-on-study order",631,630,FALSE,NA,3.42990772538147,1.23253335859483,-0.158856514321254,0.85311876051189
785,0.8,"Staggered entry, calendar-event order",631,630,FALSE,NA,1.81969590425939,0.598669401556593,-0.157655762484622,0.85414375969211
786,0.8,"Simultaneous entry, time-on-study order",631,627,TRUE,388,278.278812389604,5.62862353336488,-0.324991855411957,0.722533238353682
786,0.8,"Staggered entry, time-on-study order",631,627,TRUE,388,278.278812389604,5.62862353336488,-0.324991855411957,0.722533238353682
786,0.8,"Staggered entry, calendar-event order",631,627,TRUE,338,695.860338296217,6.54514897683133,-0.328055286409684,0.720323194521179
787,0.8,"Simultaneous entry, time-on-study order",631,629,TRUE,118,411.231777122102,6.01915699014853,-0.291662611572004,0.747020529543253
787,0.8,"Staggered entry, time-on-study order",631,629,TRUE,118,411.231777122102,6.01915699014853,-0.291662611572004,0.747020529543253
787,0.8,"Staggered entry, calendar-event order",631,629,TRUE,566,50.962150319842,3.93108320660291,-0.285901379434284,0.751336709544588
788,0.8,"Simultaneous entry, time-on-study order",631,622,FALSE,NA,0.0418139584566617,-3.1745250608252,-0.13538366100749,0.873380765256516
788,0.8,"Staggered entry, time-on-study order",631,622,FALSE,NA,0.0418139584566617,-3.1745250608252,-0.13538366100749,0.873380765256516
788,0.8,"Staggered entry, calendar-event order",631,622,FALSE,NA,0.27462091292231,-1.29236363078297,-0.13918902952702,0.870063545212217
789,0.8,"Simultaneous entry, time-on-study order",631,626,FALSE,NA,3.43076759167391,1.23278402380116,-0.189473212926326,0.827394880088222
789,0.8,"Staggered entry, time-on-study order",631,626,FALSE,NA,3.43076759167391,1.23278402380116,-0.189473212926326,0.827394880088222
789,0.8,"Staggered entry, calendar-event order",631,627,FALSE,NA,4.58390351703054,1.52255093142272,-0.192351129843045,0.825017129491467
790,0.8,"Simultaneous entry, time-on-study order",631,630,FALSE,NA,0.000428105253500973,-7.7561414732209,-0.04549034955794,0.955528823803011
790,0.8,"Staggered entry, time-on-study order",631,630,FALSE,NA,0.000428105253500973,-7.7561414732209,-0.04549034955794,0.955528823803011
790,0.8,"Staggered entry, calendar-event order",631,630,FALSE,NA,0.00687751959662601,-4.97949721578741,-0.0417807705701759,0.95908001609182
791,0.8,"Simultaneous entry, time-on-study order",631,630,TRUE,230,3.86259210168925,1.35133848703711,-0.197056718252999,0.821144058135401
791,0.8,"Staggered entry, time-on-study order",631,630,TRUE,230,3.86259210168925,1.35133848703711,-0.197056718252999,0.821144058135401
791,0.8,"Staggered entry, calendar-event order",631,630,TRUE,243,5.053031665642,1.6199883929915,-0.197733762268083,0.82058829562439
792,0.8,"Simultaneous entry, time-on-study order",631,624,TRUE,615,26.4936901481123,3.27690659702165,-0.300822682510412,0.740209013114733
792,0.8,"Staggered entry, time-on-study order",631,624,TRUE,615,26.4936901481123,3.27690659702165,-0.300822682510412,0.740209013114733
792,0.8,"Staggered entry, calendar-event order",631,621,TRUE,482,241.986907052824,5.48888362160556,-0.300026827009355,0.740798347010958
793,0.8,"Simultaneous entry, time-on-study order",631,624,FALSE,NA,17.9106355925665,2.88539470358177,-0.230801832353161,0.793896775103699
793,0.8,"Staggered entry, time-on-study order",631,624,FALSE,NA,17.9106355925665,2.88539470358177,-0.230801832353161,0.793896775103699
793,0.8,"Staggered entry, calendar-event order",631,624,FALSE,NA,17.6533108305091,2.87092334825302,-0.230881920853549,0.793833195647544
794,0.8,"Simultaneous entry, time-on-study order",631,627,TRUE,199,92.7574688805859,4.52998822525982,-0.254729524171652,0.775126122490674
794,0.8,"Staggered entry, time-on-study order",631,627,TRUE,199,92.7574688805859,4.52998822525982,-0.254729524171652,0.775126122490674
794,0.8,"Staggered entry, calendar-event order",631,628,TRUE,150,59.6254979443201,4.08808330044106,-0.251097306682217,0.777946668466559
795,0.8,"Simultaneous entry, time-on-study order",631,615,TRUE,403,2386.08172972291,7.77740785593664,-0.357498549028677,0.699423713785744
795,0.8,"Staggered entry, time-on-study order",631,615,TRUE,403,2386.08172972291,7.77740785593664,-0.357498549028677,0.699423713785744
795,0.8,"Staggered entry, calendar-event order",631,617,TRUE,463,2399.56368123565,7.78304220032336,-0.355375938286411,0.700909894807927
796,0.8,"Simultaneous entry, time-on-study order",631,626,TRUE,258,258.500706307844,5.55489842627684,-0.281300210881159,0.754801701778967
796,0.8,"Staggered entry, time-on-study order",631,626,TRUE,258,258.500706307844,5.55489842627684,-0.281300210881159,0.754801701778967
796,0.8,"Staggered entry, calendar-event order",631,626,TRUE,285,146.32487624761,4.98582932944045,-0.27753764755729,0.757647040505684
797,0.8,"Simultaneous entry, time-on-study order",631,629,FALSE,NA,12.8485801236853,2.55323330902481,-0.202002379745787,0.817092983466338
797,0.8,"Staggered entry, time-on-study order",631,629,FALSE,NA,12.8485801236853,2.55323330902481,-0.202002379745787,0.817092983466338
797,0.8,"Staggered entry, calendar-event order",631,629,FALSE,NA,7.72650098364597,2.0446561059997,-0.194624648018006,0.823143568647248
798,0.8,"Simultaneous entry, time-on-study order",631,629,TRUE,259,247.45158978159,5.51121496603513,-0.289968730592948,0.748286965702463
798,0.8,"Staggered entry, time-on-study order",631,629,TRUE,259,247.45158978159,5.51121496603513,-0.289968730592948,0.748286965702463
798,0.8,"Staggered entry, calendar-event order",631,629,TRUE,155,456.315922046323,6.12318538113638,-0.302579642329308,0.738909637430794
799,0.8,"Simultaneous entry, time-on-study order",631,625,TRUE,485,22.4071590905035,3.10938051005369,-0.22381772726638,0.7994608410027
799,0.8,"Staggered entry, time-on-study order",631,625,TRUE,485,22.4071590905035,3.10938051005369,-0.22381772726638,0.7994608410027
799,0.8,"Staggered entry, calendar-event order",631,627,TRUE,469,24.8011831011715,3.21089135772546,-0.221925320715161,0.800975178354691
800,0.8,"Simultaneous entry, time-on-study order",631,629,FALSE,NA,0.100494640941711,-2.29765087686785,-0.0798718354375134,0.923234664771245
800,0.8,"Staggered entry, time-on-study order",631,629,FALSE,NA,0.100494640941711,-2.29765087686785,-0.0798718354375134,0.923234664771245
800,0.8,"Staggered entry, calendar-event order",631,629,FALSE,NA,0.0610539164721335,-2.79599792860537,-0.0828404771352042,0.920497975982708
801,0.8,"Simultaneous entry, time-on-study order",631,628,FALSE,NA,0.00187948529332824,-6.27675731976946,-0.0823791447943593,0.920922729437431
801,0.8,"Staggered entry, time-on-study order",631,628,FALSE,NA,0.00187948529332824,-6.27675731976946,-0.0823791447943593,0.920922729437431
801,0.8,"Staggered entry, calendar-event order",631,628,FALSE,NA,0.00301049937554225,-5.80564930848638,-0.0797340735733878,0.923361860060818
802,0.8,"Simultaneous entry, time-on-study order",631,629,FALSE,NA,3.6735621730352,1.30116181067574,-0.180104529603512,0.835182905510353
802,0.8,"Staggered entry, time-on-study order",631,629,FALSE,NA,3.6735621730352,1.30116181067574,-0.180104529603512,0.835182905510353
802,0.8,"Staggered entry, calendar-event order",631,629,FALSE,NA,1.81708902335001,0.597235782902888,-0.182460969155133,0.833217164463561
803,0.8,"Simultaneous entry, time-on-study order",631,628,TRUE,323,5.61578499430988,1.72558138150166,-0.198491919734596,0.819966396259741
803,0.8,"Staggered entry, time-on-study order",631,628,TRUE,323,5.61578499430988,1.72558138150166,-0.198491919734596,0.819966396259741
803,0.8,"Staggered entry, calendar-event order",631,628,TRUE,314,8.59787588618214,2.15151518277359,-0.205141621015043,0.814531953400668
804,0.8,"Simultaneous entry, time-on-study order",631,629,TRUE,396,2973.61632387584,7.99753410856841,-0.350395570462578,0.704409391051205
804,0.8,"Staggered entry, time-on-study order",631,629,TRUE,396,2973.61632387584,7.99753410856841,-0.350395570462578,0.704409391051205
804,0.8,"Staggered entry, calendar-event order",631,629,TRUE,320,2604.38887064113,7.86495332806266,-0.343997364956727,0.708930796110375
805,0.8,"Simultaneous entry, time-on-study order",631,629,FALSE,NA,4.20151272802002,1.43544463378058,-0.178396670389941,0.836610499047936
805,0.8,"Staggered entry, time-on-study order",631,629,FALSE,NA,4.20151272802002,1.43544463378058,-0.178396670389941,0.836610499047936
805,0.8,"Staggered entry, calendar-event order",631,629,FALSE,NA,2.74767515339867,1.01075515536329,-0.173427296929715,0.84077827610197
806,0.8,"Simultaneous entry, time-on-study order",631,630,TRUE,278,598.143844140476,6.39383126706596,-0.321513124506671,0.725051114026812
806,0.8,"Staggered entry, time-on-study order",631,630,TRUE,278,598.143844140476,6.39383126706596,-0.321513124506671,0.725051114026812
806,0.8,"Staggered entry, calendar-event order",631,630,TRUE,231,1747.09718210331,7.46571093657962,-0.321614999811977,0.72497725298558
807,0.8,"Simultaneous entry, time-on-study order",631,627,TRUE,301,371.091799361067,5.9164494696307,-0.294840191210449,0.744650579665431
807,0.8,"Staggered entry, time-on-study order",631,627,TRUE,301,371.091799361067,5.9164494696307,-0.294840191210449,0.744650579665431
807,0.8,"Staggered entry, calendar-event order",631,626,TRUE,272,130.468939440363,4.87113518648217,-0.290723131729936,0.74772267004415
808,0.8,"Simultaneous entry, time-on-study order",631,630,TRUE,175,801.440004078468,6.68641011469823,-0.303808184360175,0.738002413279805
808,0.8,"Staggered entry, time-on-study order",631,630,TRUE,175,801.440004078468,6.68641011469823,-0.303808184360175,0.738002413279805
808,0.8,"Staggered entry, calendar-event order",631,630,TRUE,209,395.903367052124,5.98117015888047,-0.300489573036208,0.740455624821961
809,0.8,"Simultaneous entry, time-on-study order",631,630,TRUE,364,126.033644251901,4.83654888918078,-0.253966173696541,0.775718041276548
809,0.8,"Staggered entry, time-on-study order",631,630,TRUE,364,126.033644251901,4.83654888918078,-0.253966173696541,0.775718041276548
809,0.8,"Staggered entry, calendar-event order",631,630,TRUE,461,47.4512849466756,3.85970360470352,-0.254790925795185,0.775078529949454
810,0.8,"Simultaneous entry, time-on-study order",631,630,FALSE,NA,0.743605553215933,-0.296244555147762,-0.12333140612192,0.88397066072364
810,0.8,"Staggered entry, time-on-study order",631,630,FALSE,NA,0.743605553215933,-0.296244555147762,-0.12333140612192,0.88397066072364
810,0.8,"Staggered entry, calendar-event order",631,630,FALSE,NA,0.792473677745159,-0.232595987983997,-0.122244656139566,0.884931838008683
811,0.8,"Simultaneous entry, time-on-study order",631,624,TRUE,249,23509.9031687359,10.065177022799,-0.427935041588416,0.651853756808109
811,0.8,"Staggered entry, time-on-study order",631,624,TRUE,249,23509.9031687359,10.065177022799,-0.427935041588416,0.651853756808109
811,0.8,"Staggered entry, calendar-event order",631,624,TRUE,203,66962.854136994,11.111893328762,-0.432680016148457,0.64876805389559
812,0.8,"Simultaneous entry, time-on-study order",631,629,TRUE,158,177.898085777391,5.18121083450929,-0.287337956473507,0.750258131394727
812,0.8,"Staggered entry, time-on-study order",631,629,TRUE,158,177.898085777391,5.18121083450929,-0.287337956473507,0.750258131394727
812,0.8,"Staggered entry, calendar-event order",631,628,TRUE,442,134.781879865313,4.90365776707856,-0.291992203543067,0.746774358144783
813,0.8,"Simultaneous entry, time-on-study order",631,630,TRUE,226,23.0795263226655,3.1389459181479,-0.226871350404444,0.79702331242156
813,0.8,"Staggered entry, time-on-study order",631,630,TRUE,226,23.0795263226655,3.1389459181479,-0.226871350404444,0.79702331242156
813,0.8,"Staggered entry, calendar-event order",631,630,TRUE,341,9.27358065207282,2.22716956735719,-0.223906242920781,0.799390079334995
814,0.8,"Simultaneous entry, time-on-study order",631,620,TRUE,166,94.821862033813,4.5519999948451,-0.248296448718451,0.780128640859266
814,0.8,"Staggered entry, time-on-study order",631,620,TRUE,166,94.821862033813,4.5519999948451,-0.248296448718451,0.780128640859266
814,0.8,"Staggered entry, calendar-event order",631,623,TRUE,241,73.154425250924,4.29257262120606,-0.243174797762156,0.784134436846745
815,0.8,"Simultaneous entry, time-on-study order",631,628,FALSE,NA,0.00124180955012347,-6.69118564851428,-0.0522185138293601,0.94912144801964
815,0.8,"Staggered entry, time-on-study order",631,628,FALSE,NA,0.00124180955012347,-6.69118564851428,-0.0522185138293601,0.94912144801964
815,0.8,"Staggered entry, calendar-event order",631,628,FALSE,NA,0.000671842292957859,-7.30548692808194,-0.0558688669560581,0.945663135445494
816,0.8,"Simultaneous entry, time-on-study order",631,612,TRUE,448,986.167388914053,6.893826105827,-0.310684547782507,0.732945048546313
816,0.8,"Staggered entry, time-on-study order",631,612,TRUE,448,986.167388914053,6.893826105827,-0.310684547782507,0.732945048546313
816,0.8,"Staggered entry, calendar-event order",631,615,TRUE,461,544.169555236537,6.29926088071317,-0.314591212506029,0.7300872638189
817,0.8,"Simultaneous entry, time-on-study order",631,621,TRUE,447,183.721521820323,5.21342114279104,-0.283960749913514,0.752796191441957
817,0.8,"Staggered entry, time-on-study order",631,621,TRUE,447,183.721521820323,5.21342114279104,-0.283960749913514,0.752796191441957
817,0.8,"Staggered entry, calendar-event order",631,625,TRUE,372,164.088437866992,5.10040553776485,-0.280060599115835,0.755737943016917
818,0.8,"Simultaneous entry, time-on-study order",631,623,TRUE,458,22.0129088523017,3.09162904729216,-0.234638062540669,0.790857038621606
818,0.8,"Staggered entry, time-on-study order",631,623,TRUE,458,22.0129088523017,3.09162904729216,-0.234638062540669,0.790857038621606
818,0.8,"Staggered entry, calendar-event order",631,624,TRUE,436,26.9743309870986,3.29488570961694,-0.240574107448266,0.786176381763718
819,0.8,"Simultaneous entry, time-on-study order",631,629,TRUE,613,16.1952788776844,2.78471977246171,-0.199635669114376,0.819029096322867
819,0.8,"Staggered entry, time-on-study order",631,629,TRUE,613,16.1952788776844,2.78471977246171,-0.199635669114376,0.819029096322867
819,0.8,"Staggered entry, calendar-event order",631,630,FALSE,NA,15.1524996373425,2.71816551090946,-0.193803972818591,0.823819379432239
820,0.8,"Simultaneous entry, time-on-study order",631,629,FALSE,NA,0.581982408614584,-0.541315057455645,-0.150237194867237,0.860503845121266
820,0.8,"Staggered entry, time-on-study order",631,629,FALSE,NA,0.581982408614584,-0.541315057455645,-0.150237194867237,0.860503845121266
820,0.8,"Staggered entry, calendar-event order",631,629,FALSE,NA,1.74209144711922,0.55508637252849,-0.152207470274044,0.858810084692948
821,0.8,"Simultaneous entry, time-on-study order",631,630,TRUE,341,2.70548958798644,0.995282889631388,-0.159081800963365,0.852926585899012
821,0.8,"Staggered entry, time-on-study order",631,630,TRUE,341,2.70548958798644,0.995282889631388,-0.159081800963365,0.852926585899012
821,0.8,"Staggered entry, calendar-event order",631,629,FALSE,NA,1.8906012766772,0.636894914285126,-0.158275762918207,0.853614354323495
822,0.8,"Simultaneous entry, time-on-study order",631,630,TRUE,495,23.1949764302107,3.143935722045,-0.215754351546803,0.80593325381637
822,0.8,"Staggered entry, time-on-study order",631,630,TRUE,495,23.1949764302107,3.143935722045,-0.215754351546803,0.80593325381637
822,0.8,"Staggered entry, calendar-event order",631,630,TRUE,316,24.8471709980664,3.21274390292585,-0.215724679165741,0.805957168129783
823,0.8,"Simultaneous entry, time-on-study order",631,625,TRUE,610,32.7171853638355,3.48790048614678,-0.22523412759596,0.798329285960661
823,0.8,"Staggered entry, time-on-study order",631,625,TRUE,610,32.7171853638355,3.48790048614678,-0.22523412759596,0.798329285960661
823,0.8,"Staggered entry, calendar-event order",631,625,FALSE,NA,6.47207277238317,1.86749642388073,-0.220358728489518,0.80223096323662
824,0.8,"Simultaneous entry, time-on-study order",631,624,TRUE,319,13499.2295085224,9.51038788935498,-0.394409643452562,0.674077868089793
824,0.8,"Staggered entry, time-on-study order",631,624,TRUE,319,13499.2295085224,9.51038788935498,-0.394409643452562,0.674077868089793
824,0.8,"Staggered entry, calendar-event order",631,623,TRUE,411,4628.60348555426,8.44001047859248,-0.396536432672285,0.672645769971914
825,0.8,"Simultaneous entry, time-on-study order",631,621,TRUE,194,23726.6549888429,10.0743543782146,-0.41340256179296,0.661395976478916
825,0.8,"Staggered entry, time-on-study order",631,621,TRUE,194,23726.6549888429,10.0743543782146,-0.41340256179296,0.661395976478916
825,0.8,"Staggered entry, calendar-event order",631,619,TRUE,179,20688.4143375892,9.93732912873013,-0.409607925313227,0.663910501615943
826,0.8,"Simultaneous entry, time-on-study order",631,627,TRUE,205,119.892708116124,4.7865972438048,-0.261947633283217,0.769551321528539
826,0.8,"Staggered entry, time-on-study order",631,627,TRUE,205,119.892708116124,4.7865972438048,-0.261947633283217,0.769551321528539
826,0.8,"Staggered entry, calendar-event order",631,627,TRUE,312,44.1077140012919,3.78663468782018,-0.26327849556098,0.768527835914178
827,0.8,"Simultaneous entry, time-on-study order",631,630,TRUE,272,117.96924789379,4.77042397943112,-0.276585928153206,0.758368451131372
827,0.8,"Staggered entry, time-on-study order",631,630,TRUE,272,117.96924789379,4.77042397943112,-0.276585928153206,0.758368451131372
827,0.8,"Staggered entry, calendar-event order",631,630,TRUE,318,64.4081535508111,4.16524023302805,-0.274329175735583,0.760081833579725
828,0.8,"Simultaneous entry, time-on-study order",631,627,TRUE,376,43.8262671162243,3.78023334348058,-0.255113269989823,0.77482872814818
828,0.8,"Staggered entry, time-on-study order",631,627,TRUE,376,43.8262671162243,3.78023334348058,-0.255113269989823,0.77482872814818
828,0.8,"Staggered entry, calendar-event order",631,627,TRUE,401,41.7928845945734,3.73272610003058,-0.258652143379059,0.772091553494804
829,0.8,"Simultaneous entry, time-on-study order",631,628,FALSE,NA,0.861104343448107,-0.149539593223401,-0.157901059619677,0.853934266370039
829,0.8,"Staggered entry, time-on-study order",631,628,FALSE,NA,0.861104343448107,-0.149539593223401,-0.157901059619677,0.853934266370039
829,0.8,"Staggered entry, calendar-event order",631,628,FALSE,NA,1.46274858445841,0.38031725795948,-0.15973737730913,0.852367610650118
830,0.8,"Simultaneous entry, time-on-study order",631,630,FALSE,NA,0.149504489625865,-1.90042885566008,-0.121227113625698,0.885832752057172
830,0.8,"Staggered entry, time-on-study order",631,630,FALSE,NA,0.149504489625865,-1.90042885566008,-0.121227113625698,0.885832752057172
830,0.8,"Staggered entry, calendar-event order",631,630,FALSE,NA,0.104407373746174,-2.25945497627514,-0.119769571646662,0.887124831881248
831,0.8,"Simultaneous entry, time-on-study order",631,629,TRUE,361,363.781567902258,5.89655359933116,-0.345568434663563,0.707817890867131
831,0.8,"Staggered entry, time-on-study order",631,629,TRUE,361,363.781567902258,5.89655359933116,-0.345568434663563,0.707817890867131
831,0.8,"Staggered entry, calendar-event order",631,629,TRUE,155,1435.09513038772,7.26898641894956,-0.341279008207301,0.710860544608968
832,0.8,"Simultaneous entry, time-on-study order",631,628,TRUE,272,5578.98936901187,8.62676292230721,-0.364348026301152,0.694649396409232
832,0.8,"Staggered entry, time-on-study order",631,628,TRUE,272,5578.98936901187,8.62676292230721,-0.364348026301152,0.694649396409232
832,0.8,"Staggered entry, calendar-event order",631,629,TRUE,295,4315.24889499893,8.36991028319792,-0.359168163505433,0.698256920146644
833,0.8,"Simultaneous entry, time-on-study order",631,622,TRUE,214,90.6137259233484,4.50660570183164,-0.274532355699919,0.75992741586771
833,0.8,"Staggered entry, time-on-study order",631,622,TRUE,214,90.6137259233484,4.50660570183164,-0.274532355699919,0.75992741586771
833,0.8,"Staggered entry, calendar-event order",631,622,TRUE,182,220.441581193765,5.3956327218879,-0.273413844675067,0.760777878597749
834,0.8,"Simultaneous entry, time-on-study order",631,630,FALSE,NA,6.60642782827678,1.88804308846171,-0.177701340353994,0.837192421747032
834,0.8,"Staggered entry, time-on-study order",631,630,FALSE,NA,6.60642782827678,1.88804308846171,-0.177701340353994,0.837192421747032
834,0.8,"Staggered entry, calendar-event order",631,630,FALSE,NA,5.2070584244362,1.65001509448198,-0.17947977649985,0.835704851649454
835,0.8,"Simultaneous entry, time-on-study order",631,630,TRUE,296,3032.12052493919,8.0170174969416,-0.347983092884256,0.706110814410731
835,0.8,"Staggered entry, time-on-study order",631,630,TRUE,296,3032.12052493919,8.0170174969416,-0.347983092884256,0.706110814410731
835,0.8,"Staggered entry, calendar-event order",631,630,TRUE,228,2470.57286536558,7.81220533202839,-0.337823996077978,0.713320824113229
836,0.8,"Simultaneous entry, time-on-study order",631,622,TRUE,383,42.6385068418536,3.75275776146428,-0.260771321112761,0.770457086740722
836,0.8,"Staggered entry, time-on-study order",631,622,TRUE,383,42.6385068418536,3.75275776146428,-0.260771321112761,0.770457086740722
836,0.8,"Staggered entry, calendar-event order",631,621,TRUE,332,51.4092792473689,3.93981868627197,-0.266105809404317,0.766358035323726
837,0.8,"Simultaneous entry, time-on-study order",631,623,TRUE,358,3220.25349128106,8.07721535944021,-0.351647894633101,0.703527794282538
837,0.8,"Staggered entry, time-on-study order",631,623,TRUE,358,3220.25349128106,8.07721535944021,-0.351647894633101,0.703527794282538
837,0.8,"Staggered entry, calendar-event order",631,623,TRUE,374,2411.82498374425,7.78813899457771,-0.353424814646793,0.702278791682185
838,0.8,"Simultaneous entry, time-on-study order",631,626,TRUE,224,128.214338343929,4.85370338178894,-0.284895760240753,0.752092648190012
838,0.8,"Staggered entry, time-on-study order",631,626,TRUE,224,128.214338343929,4.85370338178894,-0.284895760240753,0.752092648190012
838,0.8,"Staggered entry, calendar-event order",631,627,TRUE,164,275.053861861317,5.61696693980213,-0.28486258800678,0.752117597197112
839,0.8,"Simultaneous entry, time-on-study order",631,625,FALSE,NA,0.103057482409456,-2.27246836477694,-0.105991655201849,0.89943215362438
839,0.8,"Staggered entry, time-on-study order",631,625,FALSE,NA,0.103057482409456,-2.27246836477694,-0.105991655201849,0.89943215362438
839,0.8,"Staggered entry, calendar-event order",631,627,FALSE,NA,0.29569580621162,-1.2184240348025,-0.10495423419371,0.900365727606848
840,0.8,"Simultaneous entry, time-on-study order",631,624,TRUE,487,136.02314548341,4.91282505863384,-0.276759905508009,0.758236523670807
840,0.8,"Staggered entry, time-on-study order",631,624,TRUE,487,136.02314548341,4.91282505863384,-0.276759905508009,0.758236523670807
840,0.8,"Staggered entry, calendar-event order",631,622,TRUE,509,69.6526489040425,4.24352073114717,-0.280088390162729,0.755716940560145
841,0.8,"Simultaneous entry, time-on-study order",631,622,TRUE,572,54.0436965462927,3.98979291464399,-0.240231834483468,0.786445514740601
841,0.8,"Staggered entry, time-on-study order",631,622,TRUE,572,54.0436965462927,3.98979291464399,-0.240231834483468,0.786445514740601
841,0.8,"Staggered entry, calendar-event order",631,622,TRUE,622,22.7068109104763,3.12266491959341,-0.243362691370426,0.783987116838715
842,0.8,"Simultaneous entry, time-on-study order",631,628,FALSE,NA,4.19622403689631,1.43418508207731,-0.194566248927497,0.823191640886689
842,0.8,"Staggered entry, time-on-study order",631,628,FALSE,NA,4.19622403689631,1.43418508207731,-0.194566248927497,0.823191640886689
842,0.8,"Staggered entry, calendar-event order",631,629,FALSE,NA,7.2209113547904,1.97698117136411,-0.189494192409802,0.82737752195309
843,0.8,"Simultaneous entry, time-on-study order",631,628,TRUE,193,14.6226235646029,2.68256988860558,-0.198366073842088,0.820069592155958
843,0.8,"Staggered entry, time-on-study order",631,628,TRUE,193,14.6226235646029,2.68256988860558,-0.198366073842088,0.820069592155958
843,0.8,"Staggered entry, calendar-event order",631,627,FALSE,NA,8.37947302448049,2.12578502760979,-0.201434605789485,0.817557039309172
844,0.8,"Simultaneous entry, time-on-study order",631,626,TRUE,569,42.9794030379593,3.76072100181961,-0.231950812504955,0.792985127299441
844,0.8,"Staggered entry, time-on-study order",631,626,TRUE,569,42.9794030379593,3.76072100181961,-0.231950812504955,0.792985127299441
844,0.8,"Staggered entry, calendar-event order",631,626,FALSE,NA,6.07989202557827,1.80498693686944,-0.224463017867114,0.79894512284828
845,0.8,"Simultaneous entry, time-on-study order",631,628,FALSE,NA,0.0336876777518274,-3.39062315383475,-0.0531476050484686,0.948240037135377
845,0.8,"Staggered entry, time-on-study order",631,628,FALSE,NA,0.0336876777518274,-3.39062315383475,-0.0531476050484686,0.948240037135377
845,0.8,"Staggered entry, calendar-event order",631,629,FALSE,NA,0.00386495771890021,-5.55580453648507,-0.0498526648979857,0.951369584309988
846,0.8,"Simultaneous entry, time-on-study order",631,629,FALSE,NA,3.26574067300892,1.18348658937768,-0.172068591256133,0.841921422739984
846,0.8,"Staggered entry, time-on-study order",631,629,FALSE,NA,3.26574067300892,1.18348658937768,-0.172068591256133,0.841921422739984
846,0.8,"Staggered entry, calendar-event order",631,630,FALSE,NA,4.62305616451753,1.53105599386535,-0.178626447459815,0.83641828722262
847,0.8,"Simultaneous entry, time-on-study order",631,629,TRUE,259,73.7760953025592,4.3010347672462,-0.247272660046712,0.780927736707118
847,0.8,"Staggered entry, time-on-study order",631,629,TRUE,259,73.7760953025592,4.3010347672462,-0.247272660046712,0.780927736707118
847,0.8,"Staggered entry, calendar-event order",631,629,TRUE,221,41.5261143074304,3.72632248975534,-0.247713017874641,0.780583924770907
848,0.8,"Simultaneous entry, time-on-study order",631,629,TRUE,326,400.090149561616,5.99168989561914,-0.308923311195623,0.73423707563069
848,0.8,"Staggered entry, time-on-study order",631,629,TRUE,326,400.090149561616,5.99168989561914,-0.308923311195623,0.73423707563069
848,0.8,"Staggered entry, calendar-event order",631,630,TRUE,282,314.258078902793,5.75021455566112,-0.304474577061378,0.737510777687504
849,0.8,"Simultaneous entry, time-on-study order",631,630,TRUE,240,1782.94400001,7.48602120963575,-0.342177904431036,0.71022184185657
849,0.8,"Staggered entry, time-on-study order",631,630,TRUE,240,1782.94400001,7.48602120963575,-0.342177904431036,0.71022184185657
849,0.8,"Staggered entry, calendar-event order",631,630,TRUE,320,2586.29598952284,7.85798201122077,-0.349804430441644,0.704825918734339
850,0.8,"Simultaneous entry, time-on-study order",631,629,FALSE,NA,6.06903608812545,1.80319979314111,-0.190427623477243,0.826605582401825
850,0.8,"Staggered entry, time-on-study order",631,629,FALSE,NA,6.06903608812545,1.80319979314111,-0.190427623477243,0.826605582401825
850,0.8,"Staggered entry, calendar-event order",631,629,TRUE,460,8.95909837544754,2.1926695941833,-0.184277377707397,0.831705075381648
851,0.8,"Simultaneous entry, time-on-study order",631,628,TRUE,245,16608.0590540407,9.717643341718,-0.431955873241588,0.649238024822541
851,0.8,"Staggered entry, time-on-study order",631,628,TRUE,245,16608.0590540407,9.717643341718,-0.431955873241588,0.649238024822541
851,0.8,"Staggered entry, calendar-event order",631,627,TRUE,269,56184.5516202185,10.9363971158922,-0.441691939579343,0.642947671680602
852,0.8,"Simultaneous entry, time-on-study order",631,630,TRUE,549,16.4707298152793,2.80158485500376,-0.205180227068074,0.814500508143873
852,0.8,"Staggered entry, time-on-study order",631,630,TRUE,549,16.4707298152793,2.80158485500376,-0.205180227068074,0.814500508143873
852,0.8,"Staggered entry, calendar-event order",631,630,FALSE,NA,4.43869054589385,1.49035941085008,-0.20046593188669,0.818349369169871
853,0.8,"Simultaneous entry, time-on-study order",631,629,FALSE,NA,0.792628900836822,-0.232400135558727,-0.140582787329888,0.868851732040287
853,0.8,"Staggered entry, time-on-study order",631,629,FALSE,NA,0.792628900836822,-0.232400135558727,-0.140582787329888,0.868851732040287
853,0.8,"Staggered entry, calendar-event order",631,629,FALSE,NA,0.361976862912895,-1.01617498380425,-0.146752492952628,0.863507675204447
854,0.8,"Simultaneous entry, time-on-study order",631,625,FALSE,NA,5.2582635839161,1.65980085512275,-0.177559203938644,0.837311425734017
854,0.8,"Staggered entry, time-on-study order",631,625,FALSE,NA,5.2582635839161,1.65980085512275,-0.177559203938644,0.837311425734017
854,0.8,"Staggered entry, calendar-event order",631,627,FALSE,NA,0.998155576180235,-0.00184612686379019,-0.167928376213879,0.845414384295281
855,0.8,"Simultaneous entry, time-on-study order",631,628,TRUE,358,293.015105577942,5.68022416256168,-0.294580321038522,0.744844117285833
855,0.8,"Staggered entry, time-on-study order",631,628,TRUE,358,293.015105577942,5.68022416256168,-0.294580321038522,0.744844117285833
855,0.8,"Staggered entry, calendar-event order",631,628,TRUE,361,375.218964163086,5.92750975999944,-0.294832690986993,0.74465616473212
856,0.8,"Simultaneous entry, time-on-study order",631,629,FALSE,NA,0.0509036750905927,-2.97782015585937,-0.112292169461126,0.893783083226852
856,0.8,"Staggered entry, time-on-study order",631,629,FALSE,NA,0.0509036750905927,-2.97782015585937,-0.112292169461126,0.893783083226852
856,0.8,"Staggered entry, calendar-event order",631,630,FALSE,NA,0.0576551290011813,-2.85327606829419,-0.107093221371002,0.898441915099263
857,0.8,"Simultaneous entry, time-on-study order",631,629,TRUE,486,7.03014193023114,1.95020689484084,-0.206019731944136,0.813817017932555
857,0.8,"Staggered entry, time-on-study order",631,629,TRUE,486,7.03014193023114,1.95020689484084,-0.206019731944136,0.813817017932555
857,0.8,"Staggered entry, calendar-event order",631,629,TRUE,421,8.42175574896501,2.13081832777145,-0.207561056337014,0.812563628099776
858,0.8,"Simultaneous entry, time-on-study order",631,625,TRUE,241,1584.30976015962,7.36790410891218,-0.352581057391622,0.702871594563516
858,0.8,"Staggered entry, time-on-study order",631,625,TRUE,241,1584.30976015962,7.36790410891218,-0.352581057391622,0.702871594563516
858,0.8,"Staggered entry, calendar-event order",631,625,TRUE,186,970.794956483353,6.87811527862197,-0.347947609178518,0.706135870283623
859,0.8,"Simultaneous entry, time-on-study order",631,626,TRUE,360,118.917052562104,4.77842621277484,-0.261781549450213,0.769679142175889
859,0.8,"Staggered entry, time-on-study order",631,626,TRUE,360,118.917052562104,4.77842621277484,-0.261781549450213,0.769679142175889
859,0.8,"Staggered entry, calendar-event order",631,626,TRUE,308,76.4403559894704,4.33651077647099,-0.26320525463329,0.768584125667167
860,0.8,"Simultaneous entry, time-on-study order",631,624,TRUE,540,88.069041402919,4.4781210682676,-0.246565902788939,0.781479858137764
860,0.8,"Staggered entry, time-on-study order",631,624,TRUE,540,88.069041402919,4.4781210682676,-0.246565902788939,0.781479858137764
860,0.8,"Staggered entry, calendar-event order",631,625,TRUE,554,48.4675038022056,3.88089354867978,-0.246219584966821,0.781750545409471
861,0.8,"Simultaneous entry, time-on-study order",631,626,TRUE,355,999.341402540967,6.90709646455253,-0.37462557309315,0.68754666657319
861,0.8,"Staggered entry, time-on-study order",631,626,TRUE,355,999.341402540967,6.90709646455253,-0.37462557309315,0.68754666657319
861,0.8,"Staggered entry, calendar-event order",631,624,TRUE,233,3516.25177643921,8.16515086501239,-0.381059392446803,0.683137315218352
862,0.8,"Simultaneous entry, time-on-study order",631,630,FALSE,NA,0.0127645070954061,-4.36108684279011,-0.0964658642849052,0.908040893695951
862,0.8,"Staggered entry, time-on-study order",631,630,FALSE,NA,0.0127645070954061,-4.36108684279011,-0.0964658642849052,0.908040893695951
862,0.8,"Staggered entry, calendar-event order",631,630,FALSE,NA,0.111581352023872,-2.1930013395574,-0.099770013177461,0.90504554265069
863,0.8,"Simultaneous entry, time-on-study order",631,627,TRUE,312,152.62210683118,5.02796497619013,-0.268245267317222,0.764720197228508
863,0.8,"Staggered entry, time-on-study order",631,627,TRUE,312,152.62210683118,5.02796497619013,-0.268245267317222,0.764720197228508
863,0.8,"Staggered entry, calendar-event order",631,626,TRUE,423,106.741534602192,4.6704103478138,-0.272945108784263,0.761134566083961
864,0.8,"Simultaneous entry, time-on-study order",631,630,TRUE,578,16.7156070915343,2.81634283937609,-0.210280348749598,0.810357031541514
864,0.8,"Staggered entry, time-on-study order",631,630,TRUE,578,16.7156070915343,2.81634283937609,-0.210280348749598,0.810357031541514
864,0.8,"Staggered entry, calendar-event order",631,629,TRUE,572,21.7307729083633,3.07872936235936,-0.211752653143757,0.809164817189714
865,0.8,"Simultaneous entry, time-on-study order",631,627,TRUE,475,5.8737464382702,1.77049266505381,-0.181567007570445,0.83396236163949
865,0.8,"Staggered entry, time-on-study order",631,627,TRUE,475,5.8737464382702,1.77049266505381,-0.181567007570445,0.83396236163949
865,0.8,"Staggered entry, calendar-event order",631,627,TRUE,472,6.0983924689284,1.80802520676535,-0.18571505197718,0.830510213511612
866,0.8,"Simultaneous entry, time-on-study order",631,630,FALSE,NA,0.00300190260211943,-5.80850899062783,-0.0925510401848372,0.911602681407676
866,0.8,"Staggered entry, time-on-study order",631,630,FALSE,NA,0.00300190260211943,-5.80850899062783,-0.0925510401848372,0.911602681407676
866,0.8,"Staggered entry, calendar-event order",631,630,FALSE,NA,0.0185258827128799,-3.98858645911712,-0.0963273625609042,0.908166667634944
867,0.8,"Simultaneous entry, time-on-study order",631,627,TRUE,199,4277.3988935118,8.36110036866918,-0.352549612938706,0.702893696323765
867,0.8,"Staggered entry, time-on-study order",631,627,TRUE,199,4277.3988935118,8.36110036866918,-0.352549612938706,0.702893696323765
867,0.8,"Staggered entry, calendar-event order",631,627,TRUE,246,3487.01690271815,8.1568018940164,-0.356557491077181,0.700082221831586
868,0.8,"Simultaneous entry, time-on-study order",631,628,TRUE,526,13.7156005190861,2.61853390900053,-0.214053103106508,0.80730551345372
868,0.8,"Staggered entry, time-on-study order",631,628,TRUE,526,13.7156005190861,2.61853390900053,-0.214053103106508,0.80730551345372
868,0.8,"Staggered entry, calendar-event order",631,628,TRUE,518,15.4651744088209,2.73859068372109,-0.212190408528907,0.80881067845224
869,0.8,"Simultaneous entry, time-on-study order",631,627,TRUE,274,18.1863568065694,2.90067168696001,-0.2332581850677,0.791949077700325
869,0.8,"Staggered entry, time-on-study order",631,627,TRUE,274,18.1863568065694,2.90067168696001,-0.2332581850677,0.791949077700325
869,0.8,"Staggered entry, calendar-event order",631,627,TRUE,162,79.0284877367732,4.36980839172788,-0.237562159359069,0.788547873827222
870,0.8,"Simultaneous entry, time-on-study order",631,628,TRUE,363,103.761882915214,4.64209868667482,-0.258244557318382,0.772406311390682
870,0.8,"Staggered entry, time-on-study order",631,628,TRUE,363,103.761882915214,4.64209868667482,-0.258244557318382,0.772406311390682
870,0.8,"Staggered entry, calendar-event order",631,629,TRUE,435,45.0791502639223,3.80841983948022,-0.259695175358239,0.771286657152938
871,0.8,"Simultaneous entry, time-on-study order",631,627,FALSE,NA,0.0112750810289331,-4.48516020701761,-0.0845154755390444,0.918957433905141
871,0.8,"Staggered entry, time-on-study order",631,627,FALSE,NA,0.0112750810289331,-4.48516020701761,-0.0845154755390444,0.918957433905141
871,0.8,"Staggered entry, calendar-event order",631,628,FALSE,NA,0.00181295864191811,-6.31279515942874,-0.0804864388363151,0.92266741594277
872,0.8,"Simultaneous entry, time-on-study order",631,627,TRUE,290,726.775129793658,6.58861711716062,-0.299656019368739,0.74107309163374
872,0.8,"Staggered entry, time-on-study order",631,627,TRUE,290,726.775129793658,6.58861711716062,-0.299656019368739,0.74107309163374
872,0.8,"Staggered entry, calendar-event order",631,627,TRUE,354,161.146531795529,5.08231408643835,-0.301141627887408,0.739972964517295
873,0.8,"Simultaneous entry, time-on-study order",631,630,FALSE,NA,0.136806138708842,-1.98919040119783,-0.109445625008296,0.896330901022377
873,0.8,"Staggered entry, time-on-study order",631,630,FALSE,NA,0.136806138708842,-1.98919040119783,-0.109445625008296,0.896330901022377
873,0.8,"Staggered entry, calendar-event order",631,630,FALSE,NA,0.206685649400808,-1.57655624188985,-0.104721084604085,0.900575671980023
874,0.8,"Simultaneous entry, time-on-study order",631,623,TRUE,322,17115.8996440674,9.74776311423764,-0.48006264560804,0.61874462895849
874,0.8,"Staggered entry, time-on-study order",631,623,TRUE,322,17115.8996440674,9.74776311423764,-0.48006264560804,0.61874462895849
874,0.8,"Staggered entry, calendar-event order",631,624,TRUE,198,33429.4499933864,10.4171925267926,-0.469756805719075,0.625154283743808
875,0.8,"Simultaneous entry, time-on-study order",631,630,TRUE,315,2.98600381217307,1.09393597579839,-0.187035206637633,0.829414534974385
875,0.8,"Staggered entry, time-on-study order",631,630,TRUE,315,2.98600381217307,1.09393597579839,-0.187035206637633,0.829414534974385
875,0.8,"Staggered entry, calendar-event order",631,630,TRUE,351,5.4293429480574,1.69181812258327,-0.187582076155106,0.828961077450208
876,0.8,"Simultaneous entry, time-on-study order",631,630,FALSE,NA,4.30133008402672,1.45892429673605,-0.167228349829754,0.846006403860288
876,0.8,"Staggered entry, time-on-study order",631,630,FALSE,NA,4.30133008402672,1.45892429673605,-0.167228349829754,0.846006403860288
876,0.8,"Staggered entry, calendar-event order",631,630,FALSE,NA,0.253843649132014,-1.37103675609348,-0.166081733344371,0.846977005097043
877,0.8,"Simultaneous entry, time-on-study order",631,626,TRUE,271,1318.6701805572,7.18437906880088,-0.336115536315855,0.714540545664626
877,0.8,"Staggered entry, time-on-study order",631,626,TRUE,271,1318.6701805572,7.18437906880088,-0.336115536315855,0.714540545664626
877,0.8,"Staggered entry, calendar-event order",631,627,TRUE,275,1713.04583502801,7.4460282551337,-0.335412878785163,0.715042799395541
878,0.8,"Simultaneous entry, time-on-study order",631,620,TRUE,429,111.267968864579,4.7119414258876,-0.270350595357616,0.763111903940756
878,0.8,"Staggered entry, time-on-study order",631,620,TRUE,429,111.267968864579,4.7119414258876,-0.270350595357616,0.763111903940756
878,0.8,"Staggered entry, calendar-event order",631,621,TRUE,517,54.4698636088594,3.99764758742438,-0.26495594429984,0.767239750515696
879,0.8,"Simultaneous entry, time-on-study order",631,630,TRUE,330,324.130625551348,5.78114659982498,-0.303601417970704,0.738155023150972
879,0.8,"Staggered entry, time-on-study order",631,630,TRUE,330,324.130625551348,5.78114659982498,-0.303601417970704,0.738155023150972
879,0.8,"Staggered entry, calendar-event order",631,630,TRUE,246,797.221868428854,6.68113301950888,-0.305447454249403,0.736793619186108
880,0.8,"Simultaneous entry, time-on-study order",631,622,TRUE,485,927.906337725551,6.83293079851746,-0.334277414964776,0.7158551657433
880,0.8,"Staggered entry, time-on-study order",631,622,TRUE,485,927.906337725551,6.83293079851746,-0.334277414964776,0.7158551657433
880,0.8,"Staggered entry, calendar-event order",631,622,TRUE,489,942.754399594103,6.84880580289406,-0.334224156180938,0.715893292334111
881,0.8,"Simultaneous entry, time-on-study order",631,628,TRUE,266,352.806750078818,5.86592045682607,-0.33318830499935,0.716635235451853
881,0.8,"Staggered entry, time-on-study order",631,628,TRUE,266,352.806750078818,5.86592045682607,-0.33318830499935,0.716635235451853
881,0.8,"Staggered entry, calendar-event order",631,629,TRUE,184,821.596384435917,6.71124925796678,-0.328075014805167,0.720308983840499
882,0.8,"Simultaneous entry, time-on-study order",631,630,FALSE,NA,3.76295171629181,1.32520368035487,-0.216971536655492,0.804952880630088
882,0.8,"Staggered entry, time-on-study order",631,630,FALSE,NA,3.76295171629181,1.32520368035487,-0.216971536655492,0.804952880630088
882,0.8,"Staggered entry, calendar-event order",631,630,FALSE,NA,14.1319878965656,2.64844087304066,-0.221280215122809,0.801492058624833
883,0.8,"Simultaneous entry, time-on-study order",631,629,FALSE,NA,7.35060898632579,1.99478316507486,-0.180805723001269,0.834597486041209
883,0.8,"Staggered entry, time-on-study order",631,629,FALSE,NA,7.35060898632579,1.99478316507486,-0.180805723001269,0.834597486041209
883,0.8,"Staggered entry, calendar-event order",631,629,FALSE,NA,2.22705958488869,0.800682143592515,-0.176769895139802,0.837972583904375
884,0.8,"Simultaneous entry, time-on-study order",631,629,TRUE,392,246.372176205235,5.50684330403829,-0.289433181453006,0.748687817471704
884,0.8,"Staggered entry, time-on-study order",631,629,TRUE,392,246.372176205235,5.50684330403829,-0.289433181453006,0.748687817471704
884,0.8,"Staggered entry, calendar-event order",631,629,TRUE,408,211.597989251731,5.35468819734793,-0.294746225065752,0.744720554897149
885,0.8,"Simultaneous entry, time-on-study order",631,627,TRUE,353,26.5707425247529,3.27981070536366,-0.223243634132806,0.799919937751618
885,0.8,"Staggered entry, time-on-study order",631,627,TRUE,353,26.5707425247529,3.27981070536366,-0.223243634132806,0.799919937751618
885,0.8,"Staggered entry, calendar-event order",631,627,TRUE,403,9.48005284351894,2.24918989046225,-0.218962128506108,0.803352141723258
886,0.8,"Simultaneous entry, time-on-study order",631,629,TRUE,348,6.56201793165749,1.88129816718642,-0.202793145302232,0.816447109879549
886,0.8,"Staggered entry, time-on-study order",631,629,TRUE,348,6.56201793165749,1.88129816718642,-0.202793145302232,0.816447109879549
886,0.8,"Staggered entry, calendar-event order",631,629,TRUE,151,16.9007070933989,2.82735546089986,-0.204900237907782,0.814728591386133
887,0.8,"Simultaneous entry, time-on-study order",631,630,TRUE,356,143.088977019009,4.96346665367937,-0.298084774506146,0.742238414185565
887,0.8,"Staggered entry, time-on-study order",631,630,TRUE,356,143.088977019009,4.96346665367937,-0.298084774506146,0.742238414185565
887,0.8,"Staggered entry, calendar-event order",631,630,TRUE,299,424.455285942393,6.0508066667344,-0.2972567288745,0.742853275993757
888,0.8,"Simultaneous entry, time-on-study order",631,630,FALSE,NA,1.48221236653276,0.393535813863399,-0.136089128622502,0.872764840694014
888,0.8,"Staggered entry, time-on-study order",631,630,FALSE,NA,1.48221236653276,0.393535813863399,-0.136089128622502,0.872764840694014
888,0.8,"Staggered entry, calendar-event order",631,630,FALSE,NA,0.71527078086145,-0.335094093490824,-0.133060872815859,0.875411801705413
889,0.8,"Simultaneous entry, time-on-study order",631,630,FALSE,NA,0.051193529090006,-2.97214213988475,-0.105316335591939,0.900039762937657
889,0.8,"Staggered entry, time-on-study order",631,630,FALSE,NA,0.051193529090006,-2.97214213988475,-0.105316335591939,0.900039762937657
889,0.8,"Staggered entry, calendar-event order",631,630,FALSE,NA,0.066978943096132,-2.70337699113544,-0.103911200378203,0.901305329440124
890,0.8,"Simultaneous entry, time-on-study order",631,630,FALSE,NA,0.0570993585493969,-2.86296239619418,-0.061543108372973,0.940312409527649
890,0.8,"Staggered entry, time-on-study order",631,630,FALSE,NA,0.0570993585493969,-2.86296239619418,-0.061543108372973,0.940312409527649
890,0.8,"Staggered entry, calendar-event order",631,630,FALSE,NA,0.0918999121824166,-2.38705520519857,-0.0676691464286904,0.934569628131054
891,0.8,"Simultaneous entry, time-on-study order",631,627,TRUE,123,481.464887395154,6.17683330520459,-0.313404733803046,0.730954010895535
891,0.8,"Staggered entry, time-on-study order",631,627,TRUE,123,481.464887395154,6.17683330520459,-0.313404733803046,0.730954010895535
891,0.8,"Staggered entry, calendar-event order",631,628,TRUE,115,310.396951923337,5.73785196842624,-0.310101411883655,0.73337257975829
892,0.8,"Simultaneous entry, time-on-study order",631,628,TRUE,461,18.8418150052777,2.93607860236777,-0.203373771344529,0.815973197021782
892,0.8,"Staggered entry, time-on-study order",631,628,TRUE,461,18.8418150052777,2.93607860236777,-0.203373771344529,0.815973197021782
892,0.8,"Staggered entry, calendar-event order",631,628,TRUE,475,18.0673103416012,2.89410424690674,-0.204350308544108,0.815176757780596
893,0.8,"Simultaneous entry, time-on-study order",631,628,TRUE,180,2547.9797899159,7.84305608491644,-0.378474061281559,0.684905736401725
893,0.8,"Staggered entry, time-on-study order",631,628,TRUE,180,2547.9797899159,7.84305608491644,-0.378474061281559,0.684905736401725
893,0.8,"Staggered entry, calendar-event order",631,628,TRUE,187,1803.74213689989,7.49761875077152,-0.383585942761091,0.681413512973421
894,0.8,"Simultaneous entry, time-on-study order",631,630,TRUE,220,38.5098851502189,3.65091496548581,-0.26778839604768,0.765069655738558
894,0.8,"Staggered entry, time-on-study order",631,630,TRUE,220,38.5098851502189,3.65091496548581,-0.26778839604768,0.765069655738558
894,0.8,"Staggered entry, calendar-event order",631,630,TRUE,243,76.4347266374729,4.33643713004146,-0.25755243210229,0.772941098324277
895,0.8,"Simultaneous entry, time-on-study order",631,626,TRUE,256,4957.57780260471,8.50867255419006,-0.391552152308173,0.676006794260699
895,0.8,"Staggered entry, time-on-study order",631,626,TRUE,256,4957.57780260471,8.50867255419006,-0.391552152308173,0.676006794260699
895,0.8,"Staggered entry, calendar-event order",631,626,TRUE,220,19782.7146334123,9.89256383708517,-0.398153694886514,0.671558804575526
896,0.8,"Simultaneous entry, time-on-study order",631,628,TRUE,361,6.90058557987023,1.9316062746501,-0.18078474425453,0.834614995034155
896,0.8,"Staggered entry, time-on-study order",631,628,TRUE,361,6.90058557987023,1.9316062746501,-0.18078474425453,0.834614995034155
896,0.8,"Staggered entry, calendar-event order",631,627,TRUE,295,5.85751446371832,1.76772536066152,-0.180460782691509,0.834885422014076
897,0.8,"Simultaneous entry, time-on-study order",631,628,TRUE,303,247.327685988072,5.51071412130627,-0.311784507313011,0.732139281891427
897,0.8,"Staggered entry, time-on-study order",631,628,TRUE,303,247.327685988072,5.51071412130627,-0.311784507313011,0.732139281891427
897,0.8,"Staggered entry, calendar-event order",631,628,TRUE,263,1050.86590800305,6.95736977758318,-0.312090805429139,0.731915063349251
898,0.8,"Simultaneous entry, time-on-study order",631,630,TRUE,134,95.0224772035042,4.55411346575682,-0.273501483818616,0.760711207597576
898,0.8,"Staggered entry, time-on-study order",631,630,TRUE,134,95.0224772035042,4.55411346575682,-0.273501483818616,0.760711207597576
898,0.8,"Staggered entry, calendar-event order",631,630,TRUE,154,76.3582122326159,4.33543558622905,-0.266433336165526,0.766107073659064
899,0.8,"Simultaneous entry, time-on-study order",631,629,TRUE,230,109.873197747225,4.69932695311519,-0.251295396835201,0.777792580154181
899,0.8,"Staggered entry, time-on-study order",631,629,TRUE,230,109.873197747225,4.69932695311519,-0.251295396835201,0.777792580154181
899,0.8,"Staggered entry, calendar-event order",631,630,TRUE,299,36.6689311812266,3.60192983470527,-0.252741784135167,0.776668404037252
900,0.8,"Simultaneous entry, time-on-study order",631,629,TRUE,291,3.50671832664627,1.25468065046629,-0.189968075223155,0.826985534850592
900,0.8,"Staggered entry, time-on-study order",631,629,TRUE,291,3.50671832664627,1.25468065046629,-0.189968075223155,0.826985534850592
900,0.8,"Staggered entry, calendar-event order",631,629,TRUE,219,1.74563153230264,0.557116399809914,-0.183804415230199,0.832098533712577
901,0.8,"Simultaneous entry, time-on-study order",631,630,TRUE,198,87.7647989893394,4.47466049757742,-0.269177875953534,0.764007345025938
901,0.8,"Staggered entry, time-on-study order",631,630,TRUE,198,87.7647989893394,4.47466049757742,-0.269177875953534,0.764007345025938
901,0.8,"Staggered entry, calendar-event order",631,630,TRUE,238,61.068103860136,4.11198969812253,-0.263132423228182,0.768640104767477
902,0.8,"Simultaneous entry, time-on-study order",631,628,TRUE,485,36.4310706511433,3.59542199985964,-0.236242301824796,0.789589331816528
902,0.8,"Staggered entry, time-on-study order",631,628,TRUE,485,36.4310706511433,3.59542199985964,-0.236242301824796,0.789589331816528
902,0.8,"Staggered entry, calendar-event order",631,628,TRUE,500,14.9006741031941,2.70140645375314,-0.238348122917615,0.787928347428704
903,0.8,"Simultaneous entry, time-on-study order",631,626,TRUE,295,558.305686520284,6.32490663768498,-0.30915608148712,0.734066186942245
903,0.8,"Staggered entry, time-on-study order",631,626,TRUE,295,558.305686520284,6.32490663768498,-0.30915608148712,0.734066186942245
903,0.8,"Staggered entry, calendar-event order",631,626,TRUE,231,621.871622845094,6.43273367729726,-0.305309356065557,0.736895376072845
904,0.8,"Simultaneous entry, time-on-study order",631,628,TRUE,391,1356.1776745075,7.21242548831473,-0.326481623827132,0.721457632556974
904,0.8,"Staggered entry, time-on-study order",631,628,TRUE,391,1356.1776745075,7.21242548831473,-0.326481623827132,0.721457632556974
904,0.8,"Staggered entry, calendar-event order",631,628,TRUE,454,403.917600015715,6.00121089680127,-0.329652681105167,0.719173472595545
905,0.8,"Simultaneous entry, time-on-study order",631,626,TRUE,429,30.3019590710284,3.41121236623475,-0.225334692254628,0.798249006285231
905,0.8,"Staggered entry, time-on-study order",631,626,TRUE,429,30.3019590710284,3.41121236623475,-0.225334692254628,0.798249006285231
905,0.8,"Staggered entry, calendar-event order",631,626,TRUE,456,15.6675123896214,2.75158929390122,-0.230396667859003,0.794218499060159
906,0.8,"Simultaneous entry, time-on-study order",631,628,TRUE,297,96.5681378115097,4.57024885049073,-0.265397561213431,0.766900999269735
906,0.8,"Staggered entry, time-on-study order",631,628,TRUE,297,96.5681378115097,4.57024885049073,-0.265397561213431,0.766900999269735
906,0.8,"Staggered entry, calendar-event order",631,628,TRUE,346,238.983974930213,5.47639649918233,-0.277183962107336,0.75791505663402
907,0.8,"Simultaneous entry, time-on-study order",631,627,TRUE,431,77.1118547802007,4.34525702724772,-0.259529954077911,0.771414100649832
907,0.8,"Staggered entry, time-on-study order",631,627,TRUE,431,77.1118547802007,4.34525702724772,-0.259529954077911,0.771414100649832
907,0.8,"Staggered entry, calendar-event order",631,628,TRUE,353,52.0357153054939,3.95193031561769,-0.257797560301622,0.772751651884936
908,0.8,"Simultaneous entry, time-on-study order",631,624,TRUE,251,191.140363720889,5.25300804673927,-0.30390074608329,0.737934105666153
908,0.8,"Staggered entry, time-on-study order",631,624,TRUE,251,191.140363720889,5.25300804673927,-0.30390074608329,0.737934105666153
908,0.8,"Staggered entry, calendar-event order",631,625,TRUE,179,494.124946260038,6.20278841285901,-0.298248342653989,0.742117017551481
909,0.8,"Simultaneous entry, time-on-study order",631,630,FALSE,NA,10.2946953054871,2.33162874368307,-0.193052715696799,0.824438512142918
909,0.8,"Staggered entry, time-on-study order",631,630,FALSE,NA,10.2946953054871,2.33162874368307,-0.193052715696799,0.824438512142918
909,0.8,"Staggered entry, calendar-event order",631,630,FALSE,NA,8.86968018422836,2.18263873977838,-0.197431358116454,0.820836482456237
910,0.8,"Simultaneous entry, time-on-study order",631,629,TRUE,235,29.7794748742526,3.39381939359645,-0.218992875605197,0.803327441355087
910,0.8,"Staggered entry, time-on-study order",631,629,TRUE,235,29.7794748742526,3.39381939359645,-0.218992875605197,0.803327441355087
910,0.8,"Staggered entry, calendar-event order",631,628,TRUE,272,27.3395889377051,3.30833579598545,-0.22208572582667,0.800846708145805
911,0.8,"Simultaneous entry, time-on-study order",631,630,TRUE,488,40.8304068717669,3.70942707030184,-0.223866154481056,0.799422126278359
911,0.8,"Staggered entry, time-on-study order",631,630,TRUE,488,40.8304068717669,3.70942707030184,-0.223866154481056,0.799422126278359
911,0.8,"Staggered entry, calendar-event order",631,630,TRUE,595,25.9828526800964,3.25743680814359,-0.227749681172553,0.796323569671139
912,0.8,"Simultaneous entry, time-on-study order",631,630,FALSE,NA,0.183575025644079,-1.69513183595182,-0.10177914250747,0.903229014536962
912,0.8,"Staggered entry, time-on-study order",631,630,FALSE,NA,0.183575025644079,-1.69513183595182,-0.10177914250747,0.903229014536962
912,0.8,"Staggered entry, calendar-event order",631,630,FALSE,NA,0.253278653819494,-1.37326499785292,-0.100439840062558,0.904439521801173
913,0.8,"Simultaneous entry, time-on-study order",631,628,FALSE,NA,0.278794023182909,-1.27728203797653,-0.104531467593634,0.900746452637576
913,0.8,"Staggered entry, time-on-study order",631,628,FALSE,NA,0.278794023182909,-1.27728203797653,-0.104531467593634,0.900746452637576
913,0.8,"Staggered entry, calendar-event order",631,627,FALSE,NA,0.303169213436447,-1.19346416916733,-0.107836122563459,0.897774709393825
914,0.8,"Simultaneous entry, time-on-study order",631,627,TRUE,420,33.643961884795,3.515833601202,-0.22210347258549,0.800832495838536
914,0.8,"Staggered entry, time-on-study order",631,627,TRUE,420,33.643961884795,3.515833601202,-0.22210347258549,0.800832495838536
914,0.8,"Staggered entry, calendar-event order",631,625,TRUE,473,21.9337243315133,3.08802537616901,-0.217500459459353,0.80452723527218
915,0.8,"Simultaneous entry, time-on-study order",631,628,FALSE,NA,0.440662313106214,-0.819476426774072,-0.158803053821923,0.853164369885955
915,0.8,"Staggered entry, time-on-study order",631,628,FALSE,NA,0.440662313106214,-0.819476426774072,-0.158803053821923,0.853164369885955
915,0.8,"Staggered entry, calendar-event order",631,628,FALSE,NA,0.0706325145713171,-2.65026469416592,-0.159194295300457,0.852830641884823
916,0.8,"Simultaneous entry, time-on-study order",631,630,TRUE,529,25.5020977172289,3.23876071220167,-0.218894882032672,0.803406166138171
916,0.8,"Staggered entry, time-on-study order",631,630,TRUE,529,25.5020977172289,3.23876071220167,-0.218894882032672,0.803406166138171
916,0.8,"Staggered entry, calendar-event order",631,630,TRUE,501,30.2558304947458,3.40968890953215,-0.218917124696186,0.803388296443888
917,0.8,"Simultaneous entry, time-on-study order",631,630,TRUE,502,14.2052784888017,2.65361362009826,-0.206644691501994,0.813308574103815
917,0.8,"Staggered entry, time-on-study order",631,630,TRUE,502,14.2052784888017,2.65361362009826,-0.206644691501994,0.813308574103815
917,0.8,"Staggered entry, calendar-event order",631,630,TRUE,485,28.665472040275,3.35569333370339,-0.212380084388185,0.808657281140155
918,0.8,"Simultaneous entry, time-on-study order",631,626,TRUE,483,451.178167605245,6.11186231161342,-0.304061681446783,0.737815355528428
918,0.8,"Staggered entry, time-on-study order",631,626,TRUE,483,451.178167605245,6.11186231161342,-0.304061681446783,0.737815355528428
918,0.8,"Staggered entry, calendar-event order",631,625,TRUE,478,204.192558999351,5.31906346529851,-0.301596811539139,0.739636217567791
919,0.8,"Simultaneous entry, time-on-study order",631,628,FALSE,NA,3.93670300999487,1.37034357350402,-0.173878381304841,0.840399099685383
919,0.8,"Staggered entry, time-on-study order",631,628,FALSE,NA,3.93670300999487,1.37034357350402,-0.173878381304841,0.840399099685383
919,0.8,"Staggered entry, calendar-event order",631,628,FALSE,NA,1.55105272866089,0.438933880174163,-0.175336382579163,0.83917468953978
920,0.8,"Simultaneous entry, time-on-study order",631,630,TRUE,327,695.467162221767,6.54458379561444,-0.313919487466165,0.73057784646517
920,0.8,"Staggered entry, time-on-study order",631,630,TRUE,327,695.467162221767,6.54458379561444,-0.313919487466165,0.73057784646517
920,0.8,"Staggered entry, calendar-event order",631,630,TRUE,254,884.39357018247,6.78490217869733,-0.308907366960027,0.734248782572937
921,0.8,"Simultaneous entry, time-on-study order",631,630,TRUE,615,16.5450711548202,2.80608824204853,-0.208865653262819,0.811504251268668
921,0.8,"Staggered entry, time-on-study order",631,630,TRUE,615,16.5450711548202,2.80608824204853,-0.208865653262819,0.811504251268668
921,0.8,"Staggered entry, calendar-event order",631,630,FALSE,NA,11.2800824674981,2.4230385569916,-0.209238151088572,0.811202023992477
922,0.8,"Simultaneous entry, time-on-study order",631,629,TRUE,499,14.8328089196081,2.69684154614484,-0.20112435415377,0.817810727069394
922,0.8,"Staggered entry, time-on-study order",631,629,TRUE,499,14.8328089196081,2.69684154614484,-0.20112435415377,0.817810727069394
922,0.8,"Staggered entry, calendar-event order",631,628,FALSE,NA,13.1085929960777,2.57326796906244,-0.204052539929416,0.815419527977369
923,0.8,"Simultaneous entry, time-on-study order",631,628,FALSE,NA,0.190545765025218,-1.65786287691466,-0.111864540606596,0.894165372396045
923,0.8,"Staggered entry, time-on-study order",631,628,FALSE,NA,0.190545765025218,-1.65786287691466,-0.111864540606596,0.894165372396045
923,0.8,"Staggered entry, calendar-event order",631,628,FALSE,NA,0.517018519408494,-0.659676584209084,-0.109250177655872,0.896506103644764
924,0.8,"Simultaneous entry, time-on-study order",631,630,TRUE,338,25.3984068859239,3.23468645103083,-0.218553716364977,0.803680307500424
924,0.8,"Staggered entry, time-on-study order",631,630,TRUE,338,25.3984068859239,3.23468645103083,-0.218553716364977,0.803680307500424
924,0.8,"Staggered entry, calendar-event order",631,630,TRUE,379,21.7959032504334,3.08172202784301,-0.21267601179471,0.808418012692972
925,0.8,"Simultaneous entry, time-on-study order",631,629,TRUE,218,72.9258792552003,4.28944357266019,-0.278326789902217,0.757049384992164
925,0.8,"Staggered entry, time-on-study order",631,629,TRUE,218,72.9258792552003,4.28944357266019,-0.278326789902217,0.757049384992164
925,0.8,"Staggered entry, calendar-event order",631,630,TRUE,279,46.6249125695221,3.84213500277771,-0.274051952838572,0.760292574877402
926,0.8,"Simultaneous entry, time-on-study order",631,627,FALSE,NA,1.01774329889788,0.017587724147274,-0.154051393174322,0.857227964213159
926,0.8,"Staggered entry, time-on-study order",631,627,FALSE,NA,1.01774329889788,0.017587724147274,-0.154051393174322,0.857227964213159
926,0.8,"Staggered entry, calendar-event order",631,628,FALSE,NA,1.13938459900206,0.130488291211404,-0.153778837378912,0.857461638505988
927,0.8,"Simultaneous entry, time-on-study order",631,628,TRUE,268,64.3234056653649,4.16392357224641,-0.259920016859175,0.771113259397528
927,0.8,"Staggered entry, time-on-study order",631,628,TRUE,268,64.3234056653649,4.16392357224641,-0.259920016859175,0.771113259397528
927,0.8,"Staggered entry, calendar-event order",631,628,TRUE,253,97.5912139339792,4.58078746819865,-0.256921601323295,0.773428847186773
928,0.8,"Simultaneous entry, time-on-study order",631,630,FALSE,NA,0.0297605762201254,-3.51457070696929,-0.0400036717919827,0.96078591133984
928,0.8,"Staggered entry, time-on-study order",631,630,FALSE,NA,0.0297605762201254,-3.51457070696929,-0.0400036717919827,0.96078591133984
928,0.8,"Staggered entry, calendar-event order",631,629,FALSE,NA,0.0123716921072746,-4.39234431072225,-0.0376474163463337,0.963052437584306
929,0.8,"Simultaneous entry, time-on-study order",631,623,TRUE,237,622.999986789368,6.43454649758259,-0.320769640135689,0.72559037864082
929,0.8,"Staggered entry, time-on-study order",631,623,TRUE,237,622.999986789368,6.43454649758259,-0.320769640135689,0.72559037864082
929,0.8,"Staggered entry, calendar-event order",631,624,TRUE,286,280.685135868418,5.63723352816601,-0.320274485677921,0.725949746915376
930,0.8,"Simultaneous entry, time-on-study order",631,630,TRUE,124,15.1249352766009,2.71634472467475,-0.232573219422503,0.792491721436237
930,0.8,"Staggered entry, time-on-study order",631,630,TRUE,124,15.1249352766009,2.71634472467475,-0.232573219422503,0.792491721436237
930,0.8,"Staggered entry, calendar-event order",631,630,TRUE,326,14.0223676052036,2.64065374075861,-0.231075842417976,0.793679269197662
931,0.8,"Simultaneous entry, time-on-study order",631,629,FALSE,NA,0.822922866683765,-0.194892804831203,-0.148481538739622,0.86201592092397
931,0.8,"Staggered entry, time-on-study order",631,629,FALSE,NA,0.822922866683765,-0.194892804831203,-0.148481538739622,0.86201592092397
931,0.8,"Staggered entry, calendar-event order",631,629,FALSE,NA,1.97028637039416,0.678178897867647,-0.150349614072377,0.860407113400331
932,0.8,"Simultaneous entry, time-on-study order",631,630,TRUE,254,3367.71412048094,8.12198949066726,-0.349327767189439,0.705161963432718
932,0.8,"Staggered entry, time-on-study order",631,630,TRUE,254,3367.71412048094,8.12198949066726,-0.349327767189439,0.705161963432718
932,0.8,"Staggered entry, calendar-event order",631,630,TRUE,304,2301.46620905026,7.74130168100754,-0.353228777190807,0.702416478125308
933,0.8,"Simultaneous entry, time-on-study order",631,629,TRUE,196,24.9854846446832,3.21829504203382,-0.237123743428392,0.788893661571099
933,0.8,"Staggered entry, time-on-study order",631,629,TRUE,196,24.9854846446832,3.21829504203382,-0.237123743428392,0.788893661571099
933,0.8,"Staggered entry, calendar-event order",631,628,TRUE,184,33.8397614297522,3.52163648476495,-0.244061087628395,0.783439774323249
934,0.8,"Simultaneous entry, time-on-study order",631,630,FALSE,NA,0.422825372224666,-0.860796016794467,-0.143799090277272,0.866061730803408
934,0.8,"Staggered entry, time-on-study order",631,630,FALSE,NA,0.422825372224666,-0.860796016794467,-0.143799090277272,0.866061730803408
934,0.8,"Staggered entry, calendar-event order",631,630,TRUE,335,1.50778289055877,0.41064028744283,-0.146078280690241,0.864090058970813
935,0.8,"Simultaneous entry, time-on-study order",631,624,TRUE,138,13669.5059807697,9.52292279013079,-0.462856670304311,0.629482849627891
935,0.8,"Staggered entry, time-on-study order",631,624,TRUE,138,13669.5059807697,9.52292279013079,-0.462856670304311,0.629482849627891
935,0.8,"Staggered entry, calendar-event order",631,624,TRUE,150,16792.114813128,9.72866469884775,-0.466758967849442,0.627031206879943
936,0.8,"Simultaneous entry, time-on-study order",631,620,TRUE,353,1629.24291022963,7.3958707136484,-0.339194793330094,0.712343675776797
936,0.8,"Staggered entry, time-on-study order",631,620,TRUE,353,1629.24291022963,7.3958707136484,-0.339194793330094,0.712343675776797
936,0.8,"Staggered entry, calendar-event order",631,621,TRUE,444,935.563330460931,6.84114884033455,-0.34363380343405,0.709188582927926
937,0.8,"Simultaneous entry, time-on-study order",631,629,FALSE,NA,0.518982467529279,-0.655885177640645,-0.119656715230246,0.887224955260365
937,0.8,"Staggered entry, time-on-study order",631,629,FALSE,NA,0.518982467529279,-0.655885177640645,-0.119656715230246,0.887224955260365
937,0.8,"Staggered entry, calendar-event order",631,629,FALSE,NA,0.616468816661997,-0.483747538902759,-0.112334101940183,0.893745605472206
938,0.8,"Simultaneous entry, time-on-study order",631,629,FALSE,NA,0.965654942697868,-0.0349487107576327,-0.130178645392542,0.877938577228627
938,0.8,"Staggered entry, time-on-study order",631,629,FALSE,NA,0.965654942697868,-0.0349487107576327,-0.130178645392542,0.877938577228627
938,0.8,"Staggered entry, calendar-event order",631,629,FALSE,NA,0.983775190782268,-0.0163578726840742,-0.138464560383952,0.870694107787217
939,0.8,"Simultaneous entry, time-on-study order",631,627,TRUE,399,7.40298061373181,2.0018827047532,-0.220426619450839,0.802176500854098
939,0.8,"Staggered entry, time-on-study order",631,627,TRUE,399,7.40298061373181,2.0018827047532,-0.220426619450839,0.802176500854098
939,0.8,"Staggered entry, calendar-event order",631,626,TRUE,299,28.7729470629681,3.35943560759602,-0.220584813196571,0.802049611585499
940,0.8,"Simultaneous entry, time-on-study order",631,628,TRUE,232,43.9038468739762,3.7820019443508,-0.23211896428639,0.792851796647842
940,0.8,"Staggered entry, time-on-study order",631,628,TRUE,232,43.9038468739762,3.7820019443508,-0.23211896428639,0.792851796647842
940,0.8,"Staggered entry, calendar-event order",631,629,TRUE,196,46.7986505014025,3.84585436706773,-0.230489590187327,0.794144701856786
941,0.8,"Simultaneous entry, time-on-study order",631,630,TRUE,526,13.8831280978851,2.63067429697005,-0.234143127523806,0.79124855834377
941,0.8,"Staggered entry, time-on-study order",631,630,TRUE,526,13.8831280978851,2.63067429697005,-0.234143127523806,0.79124855834377
941,0.8,"Staggered entry, calendar-event order",631,630,TRUE,412,74.2627027452624,4.30760884379444,-0.239840978717643,0.786752961584317
942,0.8,"Simultaneous entry, time-on-study order",631,624,TRUE,523,49.6563312672276,3.9051259003318,-0.249132228625417,0.779476897411365
942,0.8,"Staggered entry, time-on-study order",631,624,TRUE,523,49.6563312672276,3.9051259003318,-0.249132228625417,0.779476897411365
942,0.8,"Staggered entry, calendar-event order",631,624,TRUE,512,76.886229132722,4.34232678547864,-0.245429644343537,0.78236832589539
943,0.8,"Simultaneous entry, time-on-study order",631,628,TRUE,437,22.9484327162231,3.13324964294249,-0.205745346640222,0.814040348000194
943,0.8,"Staggered entry, time-on-study order",631,628,TRUE,437,22.9484327162231,3.13324964294249,-0.205745346640222,0.814040348000194
943,0.8,"Staggered entry, calendar-event order",631,628,FALSE,NA,14.5378674362727,2.67675679259142,-0.209621166232157,0.810891380827096
944,0.8,"Simultaneous entry, time-on-study order",631,622,TRUE,339,2578.93296538026,7.85513101305818,-0.352474184840659,0.702946716257979
944,0.8,"Staggered entry, time-on-study order",631,622,TRUE,339,2578.93296538026,7.85513101305818,-0.352474184840659,0.702946716257979
944,0.8,"Staggered entry, calendar-event order",631,621,TRUE,270,3422.91486988981,8.13824776819165,-0.354545008039049,0.701492544077125
945,0.8,"Simultaneous entry, time-on-study order",631,627,FALSE,NA,10.3495536320408,2.33694339144232,-0.21596113423085,0.805766618004277
945,0.8,"Staggered entry, time-on-study order",631,627,FALSE,NA,10.3495536320408,2.33694339144232,-0.21596113423085,0.805766618004277
945,0.8,"Staggered entry, calendar-event order",631,627,FALSE,NA,9.31311160971416,2.23142325776001,-0.213589183040223,0.807680125569353
946,0.8,"Simultaneous entry, time-on-study order",631,629,TRUE,393,1.0351822330603,0.0345774818083887,-0.132241574292486,0.876129319192266
946,0.8,"Staggered entry, time-on-study order",631,629,TRUE,393,1.0351822330603,0.0345774818083887,-0.132241574292486,0.876129319192266
946,0.8,"Staggered entry, calendar-event order",631,629,TRUE,391,0.787162423208932,-0.239320669128183,-0.127826373009884,0.880006158701552
947,0.8,"Simultaneous entry, time-on-study order",631,630,FALSE,NA,0.283506325410922,-1.26052084420813,-0.0919908871252228,0.912113461482975
947,0.8,"Staggered entry, time-on-study order",631,630,FALSE,NA,0.283506325410922,-1.26052084420813,-0.0919908871252228,0.912113461482975
947,0.8,"Staggered entry, calendar-event order",631,630,FALSE,NA,0.254104583349802,-1.37000935123584,-0.0923146668784283,0.911818185416306
948,0.8,"Simultaneous entry, time-on-study order",631,629,TRUE,187,22.6943499019032,3.122115990506,-0.225081293497704,0.79845130722146
948,0.8,"Staggered entry, time-on-study order",631,629,TRUE,187,22.6943499019032,3.122115990506,-0.225081293497704,0.79845130722146
948,0.8,"Staggered entry, calendar-event order",631,630,TRUE,214,20.2778335436303,3.00952834577938,-0.221154101602061,0.801593143984179
949,0.8,"Simultaneous entry, time-on-study order",631,629,TRUE,292,188.946068378144,5.24146162184228,-0.265680577961868,0.766683984153453
949,0.8,"Staggered entry, time-on-study order",631,629,TRUE,292,188.946068378144,5.24146162184228,-0.265680577961868,0.766683984153453
949,0.8,"Staggered entry, calendar-event order",631,630,TRUE,284,229.565835089772,5.4361898514995,-0.274760179282053,0.759754306201645
950,0.8,"Simultaneous entry, time-on-study order",631,629,FALSE,NA,0.0465209817445851,-3.06785184784444,-0.074504463694166,0.928203330833944
950,0.8,"Staggered entry, time-on-study order",631,629,FALSE,NA,0.0465209817445851,-3.06785184784444,-0.074504463694166,0.928203330833944
950,0.8,"Staggered entry, calendar-event order",631,629,FALSE,NA,0.0392383323918305,-3.2381011428478,-0.079200282151677,0.923854874272525
951,0.8,"Simultaneous entry, time-on-study order",631,630,TRUE,497,41.5525639013653,3.72695922580841,-0.236772463021899,0.789170833136835
951,0.8,"Staggered entry, time-on-study order",631,630,TRUE,497,41.5525639013653,3.72695922580841,-0.236772463021899,0.789170833136835
951,0.8,"Staggered entry, calendar-event order",631,630,TRUE,460,72.5910954780687,4.28484226249117,-0.23965374030441,0.786900285752391
952,0.8,"Simultaneous entry, time-on-study order",631,630,TRUE,448,5.20059907502742,1.64877382568764,-0.17360972026271,0.840624912515508
952,0.8,"Staggered entry, time-on-study order",631,630,TRUE,448,5.20059907502742,1.64877382568764,-0.17360972026271,0.840624912515508
952,0.8,"Staggered entry, calendar-event order",631,630,FALSE,NA,3.81304134789107,1.33842712474296,-0.175695618652942,0.838873281860592
953,0.8,"Simultaneous entry, time-on-study order",631,629,FALSE,NA,2.21049733801294,0.793217530036856,-0.191691247296077,0.825561723560466
953,0.8,"Staggered entry, time-on-study order",631,629,FALSE,NA,2.21049733801294,0.793217530036856,-0.191691247296077,0.825561723560466
953,0.8,"Staggered entry, calendar-event order",631,629,FALSE,NA,7.98289924409695,2.07730165927585,-0.19653838522943,0.821569794544928
954,0.8,"Simultaneous entry, time-on-study order",631,628,TRUE,256,84.1317443992396,4.43238395591616,-0.261792400997502,0.769670790011598
954,0.8,"Staggered entry, time-on-study order",631,628,TRUE,256,84.1317443992396,4.43238395591616,-0.261792400997502,0.769670790011598
954,0.8,"Staggered entry, calendar-event order",631,627,TRUE,162,204.400656283949,5.32008206910692,-0.260202171514153,0.770895716893632
955,0.8,"Simultaneous entry, time-on-study order",631,624,TRUE,183,3437.06171322765,8.1423722322393,-0.35639555617371,0.700195598758193
955,0.8,"Staggered entry, time-on-study order",631,624,TRUE,183,3437.06171322765,8.1423722322393,-0.35639555617371,0.700195598758193
955,0.8,"Staggered entry, calendar-event order",631,626,TRUE,221,3209.18259241607,8.0737715395896,-0.351377681461481,0.703717922445564
956,0.8,"Simultaneous entry, time-on-study order",631,630,TRUE,221,74.9426541837379,4.31672321018882,-0.240764870844884,0.786026422390626
956,0.8,"Staggered entry, time-on-study order",631,630,TRUE,221,74.9426541837379,4.31672321018882,-0.240764870844884,0.786026422390626
956,0.8,"Staggered entry, calendar-event order",631,630,TRUE,256,53.1776172607195,3.9736375796347,-0.243243222123916,0.784080784783945
957,0.8,"Simultaneous entry, time-on-study order",631,626,TRUE,386,326.832329253436,5.78944728481702,-0.33242222329379,0.717184446938868
957,0.8,"Staggered entry, time-on-study order",631,626,TRUE,386,326.832329253436,5.78944728481702,-0.33242222329379,0.717184446938868
957,0.8,"Staggered entry, calendar-event order",631,626,TRUE,391,378.94468728065,5.93739025058106,-0.33285290140263,0.716875637801012
958,0.8,"Simultaneous entry, time-on-study order",631,623,FALSE,NA,1.3750186976414,0.318467329310734,-0.177933695989913,0.83699791796739
958,0.8,"Staggered entry, time-on-study order",631,623,FALSE,NA,1.3750186976414,0.318467329310734,-0.177933695989913,0.83699791796739
958,0.8,"Staggered entry, calendar-event order",631,622,FALSE,NA,2.50619600960193,0.918766069537234,-0.167149158864327,0.846073402576979
959,0.8,"Simultaneous entry, time-on-study order",631,628,TRUE,363,0.729909392305509,-0.31483487267268,-0.136234464735359,0.872638005661708
959,0.8,"Staggered entry, time-on-study order",631,628,TRUE,363,0.729909392305509,-0.31483487267268,-0.136234464735359,0.872638005661708
959,0.8,"Staggered entry, calendar-event order",631,628,TRUE,245,0.82430334420184,-0.193216680650877,-0.138564929453281,0.870606721415466
960,0.8,"Simultaneous entry, time-on-study order",631,630,TRUE,327,25.3036449875857,3.23094845601185,-0.219462049417831,0.802950629558659
960,0.8,"Staggered entry, time-on-study order",631,630,TRUE,327,25.3036449875857,3.23094845601185,-0.219462049417831,0.802950629558659
960,0.8,"Staggered entry, calendar-event order",631,630,TRUE,284,24.7738201060673,3.20978745470528,-0.217878648703793,0.804223029252289
961,0.8,"Simultaneous entry, time-on-study order",631,630,TRUE,350,1471.59762891615,7.29410391200083,-0.361975170584561,0.696299656340576
961,0.8,"Staggered entry, time-on-study order",631,630,TRUE,350,1471.59762891615,7.29410391200083,-0.361975170584561,0.696299656340576
961,0.8,"Staggered entry, calendar-event order",631,630,TRUE,219,2408.86479226796,7.78691087495754,-0.35870970764452,0.698577113515764
962,0.8,"Simultaneous entry, time-on-study order",631,630,FALSE,NA,0.930171359496213,-0.0723864522853585,-0.144613209940907,0.865356939849454
962,0.8,"Staggered entry, time-on-study order",631,630,FALSE,NA,0.930171359496213,-0.0723864522853585,-0.144613209940907,0.865356939849454
962,0.8,"Staggered entry, calendar-event order",631,630,FALSE,NA,0.700519974898067,-0.355932398410959,-0.154859221476996,0.856535750834248
963,0.8,"Simultaneous entry, time-on-study order",631,628,TRUE,199,218.087623980364,5.38489692689494,-0.291202343244217,0.747364438572354
963,0.8,"Staggered entry, time-on-study order",631,628,TRUE,199,218.087623980364,5.38489692689494,-0.291202343244217,0.747364438572354
963,0.8,"Staggered entry, calendar-event order",631,627,TRUE,117,151.919951825927,5.02335374940239,-0.294830946293512,0.74465746393001
964,0.8,"Simultaneous entry, time-on-study order",631,627,TRUE,261,236.556595807456,5.46618748504271,-0.313714469663382,0.730727643284997
964,0.8,"Staggered entry, time-on-study order",631,627,TRUE,261,236.556595807456,5.46618748504271,-0.313714469663382,0.730727643284997
964,0.8,"Staggered entry, calendar-event order",631,629,TRUE,246,193.879921080228,5.26723900392236,-0.304701135268923,0.737343707493943
965,0.8,"Simultaneous entry, time-on-study order",631,628,FALSE,NA,3.63737379655208,1.29126193678977,-0.192572574906958,0.824834453747565
965,0.8,"Staggered entry, time-on-study order",631,628,FALSE,NA,3.63737379655208,1.29126193678977,-0.192572574906958,0.824834453747565
965,0.8,"Staggered entry, calendar-event order",631,625,FALSE,NA,3.37148862317201,1.21535437477542,-0.193825667509143,0.8238015071196
966,0.8,"Simultaneous entry, time-on-study order",631,630,FALSE,NA,0.95692220592017,-0.0440331803629591,-0.16593029218342,0.84710528199095
966,0.8,"Staggered entry, time-on-study order",631,630,FALSE,NA,0.95692220592017,-0.0440331803629591,-0.16593029218342,0.84710528199095
966,0.8,"Staggered entry, calendar-event order",631,630,FALSE,NA,0.927222668405056,-0.0755615390187613,-0.162451709795327,0.850057138667481
967,0.8,"Simultaneous entry, time-on-study order",631,629,TRUE,473,49.5850274322026,3.90368892187385,-0.259822407763288,0.771188530739128
967,0.8,"Staggered entry, time-on-study order",631,629,TRUE,473,49.5850274322026,3.90368892187385,-0.259822407763288,0.771188530739128
967,0.8,"Staggered entry, calendar-event order",631,630,TRUE,249,108.743860510057,4.68899521329521,-0.255138605824213,0.774809097464524
968,0.8,"Simultaneous entry, time-on-study order",631,630,FALSE,NA,0.00616972758866775,-5.08810059298478,-0.0541437579152405,0.947295915426843
968,0.8,"Staggered entry, time-on-study order",631,630,FALSE,NA,0.00616972758866775,-5.08810059298478,-0.0541437579152405,0.947295915426843
968,0.8,"Staggered entry, calendar-event order",631,630,FALSE,NA,0.0038582887324236,-5.55753152737579,-0.056384495777349,0.945175649969207
969,0.8,"Simultaneous entry, time-on-study order",631,629,TRUE,481,0.703637184641947,-0.351492418393614,-0.129324280074872,0.878688978012612
969,0.8,"Staggered entry, time-on-study order",631,629,TRUE,481,0.703637184641947,-0.351492418393614,-0.129324280074872,0.878688978012612
969,0.8,"Staggered entry, calendar-event order",631,629,FALSE,NA,0.244186675788639,-1.40982228149422,-0.132976342852626,0.87548580336046
970,0.8,"Simultaneous entry, time-on-study order",631,630,TRUE,282,228.152119910447,5.4300125990701,-0.299509639211262,0.741181577969525
970,0.8,"Staggered entry, time-on-study order",631,630,TRUE,282,228.152119910447,5.4300125990701,-0.299509639211262,0.741181577969525
970,0.8,"Staggered entry, calendar-event order",631,630,TRUE,303,688.525244505647,6.53455198344518,-0.302690267213193,0.738827900159123
971,0.8,"Simultaneous entry, time-on-study order",631,626,TRUE,278,4219.71817166617,8.34752362083455,-0.367452225728831,0.692496409529638
971,0.8,"Staggered entry, time-on-study order",631,626,TRUE,278,4219.71817166617,8.34752362083455,-0.367452225728831,0.692496409529638
971,0.8,"Staggered entry, calendar-event order",631,627,TRUE,304,4315.09196691052,8.36987391659527,-0.362432077005621,0.695981585226513
972,0.8,"Simultaneous entry, time-on-study order",631,627,TRUE,474,25.5197134075378,3.23945122830137,-0.227480553294319,0.796537911385205
972,0.8,"Staggered entry, time-on-study order",631,627,TRUE,474,25.5197134075378,3.23945122830137,-0.227480553294319,0.796537911385205
972,0.8,"Staggered entry, calendar-event order",631,627,TRUE,585,21.1065427124534,3.04958307357572,-0.228624033144991,0.795627606889852
973,0.8,"Simultaneous entry, time-on-study order",631,624,FALSE,NA,1.38615150606568,0.326531206529317,-0.147581773696157,0.862791881755393
973,0.8,"Staggered entry, time-on-study order",631,624,FALSE,NA,1.38615150606568,0.326531206529317,-0.147581773696157,0.862791881755393
973,0.8,"Staggered entry, calendar-event order",631,624,FALSE,NA,1.72195115345897,0.543458039435367,-0.140477044978095,0.868943611323473
974,0.8,"Simultaneous entry, time-on-study order",631,628,TRUE,460,81.1872055659581,4.39675766783096,-0.26542170617165,0.766882482700691
974,0.8,"Staggered entry, time-on-study order",631,628,TRUE,460,81.1872055659581,4.39675766783096,-0.26542170617165,0.766882482700691
974,0.8,"Staggered entry, calendar-event order",631,628,TRUE,451,105.484116509357,4.65856038716799,-0.26158959002045,0.76982690352676
975,0.8,"Simultaneous entry, time-on-study order",631,629,FALSE,NA,0.697273169208622,-0.360578023613039,-0.158022395557935,0.85383065974035
975,0.8,"Staggered entry, time-on-study order",631,629,FALSE,NA,0.697273169208622,-0.360578023613039,-0.158022395557935,0.85383065974035
975,0.8,"Staggered entry, calendar-event order",631,629,FALSE,NA,1.94882948314257,0.667228927289367,-0.160060406758481,0.852092315276855
976,0.8,"Simultaneous entry, time-on-study order",631,630,TRUE,162,1448.86357377201,7.27853478590191,-0.316246606127409,0.728879681806867
976,0.8,"Staggered entry, time-on-study order",631,630,TRUE,162,1448.86357377201,7.27853478590191,-0.316246606127409,0.728879681806867
976,0.8,"Staggered entry, calendar-event order",631,630,TRUE,218,676.948711054865,6.51759551089154,-0.311486882289045,0.732357217292652
977,0.8,"Simultaneous entry, time-on-study order",631,623,TRUE,223,163.245630552473,5.09525600242298,-0.29549905932266,0.744160114737344
977,0.8,"Staggered entry, time-on-study order",631,623,TRUE,223,163.245630552473,5.09525600242298,-0.29549905932266,0.744160114737344
977,0.8,"Staggered entry, calendar-event order",631,623,TRUE,244,367.874245698207,5.90774115612192,-0.293894402715142,0.745355194772609
978,0.8,"Simultaneous entry, time-on-study order",631,629,TRUE,347,6.70537005683293,1.90290870638634,-0.175790969549417,0.838793298354448
978,0.8,"Staggered entry, time-on-study order",631,629,TRUE,347,6.70537005683293,1.90290870638634,-0.175790969549417,0.838793298354448
978,0.8,"Staggered entry, calendar-event order",631,629,FALSE,NA,3.43646251264938,1.23444260293553,-0.171019363934643,0.842805253287768
979,0.8,"Simultaneous entry, time-on-study order",631,630,FALSE,NA,0.792061185341053,-0.233116635933163,-0.128503822588137,0.87941020078899
979,0.8,"Staggered entry, time-on-study order",631,630,FALSE,NA,0.792061185341053,-0.233116635933163,-0.128503822588137,0.87941020078899
979,0.8,"Staggered entry, calendar-event order",631,629,FALSE,NA,0.874285680168862,-0.134348091553623,-0.136738736107979,0.872198070229537
980,0.8,"Simultaneous entry, time-on-study order",631,629,TRUE,250,2.98132406369331,1.09236751851349,-0.187288662394098,0.82920434172447
980,0.8,"Staggered entry, time-on-study order",631,629,TRUE,250,2.98132406369331,1.09236751851349,-0.187288662394098,0.82920434172447
980,0.8,"Staggered entry, calendar-event order",631,629,TRUE,181,1.97125689461406,0.678671356873809,-0.186583804728061,0.829789018794296
981,0.8,"Simultaneous entry, time-on-study order",631,629,TRUE,277,59.1037312419771,4.07929405680118,-0.239921046779542,0.786689970321317
981,0.8,"Staggered entry, time-on-study order",631,629,TRUE,277,59.1037312419771,4.07929405680118,-0.239921046779542,0.786689970321317
981,0.8,"Staggered entry, calendar-event order",631,629,TRUE,262,52.8719324312818,3.96787262019945,-0.249322590539839,0.779328528819238
982,0.8,"Simultaneous entry, time-on-study order",631,630,FALSE,NA,13.3826897722222,2.59396206381047,-0.255210845150054,0.774753127799297
982,0.8,"Staggered entry, time-on-study order",631,630,FALSE,NA,13.3826897722222,2.59396206381047,-0.255210845150054,0.774753127799297
982,0.8,"Staggered entry, calendar-event order",631,629,TRUE,547,31.2554713845671,3.44219444516309,-0.250968455848828,0.778046914001344
983,0.8,"Simultaneous entry, time-on-study order",631,626,TRUE,327,343.060601733965,5.83790711299974,-0.299933498441855,0.74086748788585
983,0.8,"Staggered entry, time-on-study order",631,626,TRUE,327,343.060601733965,5.83790711299974,-0.299933498441855,0.74086748788585
983,0.8,"Staggered entry, calendar-event order",631,625,TRUE,235,649.97603990472,6.47693550052523,-0.303494527971646,0.738233928757737
984,0.8,"Simultaneous entry, time-on-study order",631,630,FALSE,NA,0.146898397469942,-1.91801410484791,-0.112077270750292,0.893975176698783
984,0.8,"Staggered entry, time-on-study order",631,630,FALSE,NA,0.146898397469942,-1.91801410484791,-0.112077270750292,0.893975176698783
984,0.8,"Staggered entry, calendar-event order",631,630,FALSE,NA,0.339785874770856,-1.07943963985243,-0.114168962611869,0.892107210383257
985,0.8,"Simultaneous entry, time-on-study order",631,630,TRUE,307,151.46124226971,5.02032976561765,-0.295419487042135,0.744219331610729
985,0.8,"Staggered entry, time-on-study order",631,630,TRUE,307,151.46124226971,5.02032976561765,-0.295419487042135,0.744219331610729
985,0.8,"Staggered entry, calendar-event order",631,630,TRUE,237,287.243770003482,5.66033122808107,-0.294606844223978,0.744824361909163
986,0.8,"Simultaneous entry, time-on-study order",631,625,FALSE,NA,2.11646410643305,0.749746821909004,-0.161977961200765,0.850459947449736
986,0.8,"Staggered entry, time-on-study order",631,625,FALSE,NA,2.11646410643305,0.749746821909004,-0.161977961200765,0.850459947449736
986,0.8,"Staggered entry, calendar-event order",631,626,FALSE,NA,0.422107054444754,-0.862496313599973,-0.16238066677352,0.850117531440538
987,0.8,"Simultaneous entry, time-on-study order",631,629,TRUE,245,844.12738066137,6.73830340816216,-0.311496482850671,0.732350186285806
987,0.8,"Staggered entry, time-on-study order",631,629,TRUE,245,844.12738066137,6.73830340816216,-0.311496482850671,0.732350186285806
987,0.8,"Staggered entry, calendar-event order",631,629,TRUE,206,1130.72298724774,7.03061251883779,-0.30546987379508,0.736777100793076
988,0.8,"Simultaneous entry, time-on-study order",631,630,TRUE,544,8.82400546835767,2.17747590166516,-0.188593458175569,0.828123104947402
988,0.8,"Staggered entry, time-on-study order",631,630,TRUE,544,8.82400546835767,2.17747590166516,-0.188593458175569,0.828123104947402
988,0.8,"Staggered entry, calendar-event order",631,630,TRUE,565,6.81076845982214,1.91850495664715,-0.186024350907542,0.830253377312547
989,0.8,"Simultaneous entry, time-on-study order",631,628,TRUE,565,52.4337160784568,3.95954982102218,-0.25269827067355,0.776702200303331
989,0.8,"Staggered entry, time-on-study order",631,628,TRUE,565,52.4337160784568,3.95954982102218,-0.25269827067355,0.776702200303331
989,0.8,"Staggered entry, calendar-event order",631,626,TRUE,601,27.2482009175259,3.30498749755455,-0.254496944568366,0.775306421982919
990,0.8,"Simultaneous entry, time-on-study order",631,622,TRUE,500,53.9433300601771,3.987934052183,-0.269563407738958,0.76371285268186
990,0.8,"Staggered entry, time-on-study order",631,622,TRUE,500,53.9433300601771,3.987934052183,-0.269563407738958,0.76371285268186
990,0.8,"Staggered entry, calendar-event order",631,623,TRUE,502,86.1926928225667,4.45658540403663,-0.277215675565263,0.757891020907889
991,0.8,"Simultaneous entry, time-on-study order",631,628,TRUE,283,68.7447102632468,4.23039979196102,-0.246640698018858,0.781421409357969
991,0.8,"Staggered entry, time-on-study order",631,628,TRUE,283,68.7447102632468,4.23039979196102,-0.246640698018858,0.781421409357969
991,0.8,"Staggered entry, calendar-event order",631,628,TRUE,192,136.876782517442,4.91908112344445,-0.25016829346862,0.778669727014507
992,0.8,"Simultaneous entry, time-on-study order",631,629,FALSE,NA,0.231384000288879,-1.46367660970346,-0.102096935878932,0.902942019948135
992,0.8,"Staggered entry, time-on-study order",631,629,FALSE,NA,0.231384000288879,-1.46367660970346,-0.102096935878932,0.902942019948135
992,0.8,"Staggered entry, calendar-event order",631,629,FALSE,NA,0.233607958562262,-1.45411095942064,-0.10529883594446,0.900055513454039
993,0.8,"Simultaneous entry, time-on-study order",631,630,TRUE,189,61.4168854017192,4.11768480388839,-0.263859729487417,0.76808127125437
993,0.8,"Staggered entry, time-on-study order",631,630,TRUE,189,61.4168854017192,4.11768480388839,-0.263859729487417,0.76808127125437
993,0.8,"Staggered entry, calendar-event order",631,630,TRUE,265,75.7095931456823,4.326904878249,-0.26291217798421,0.768809412738831
994,0.8,"Simultaneous entry, time-on-study order",631,630,TRUE,335,35.5230727711874,3.57018242258019,-0.222399516586932,0.800595449271821
994,0.8,"Staggered entry, time-on-study order",631,630,TRUE,335,35.5230727711874,3.57018242258019,-0.222399516586932,0.800595449271821
994,0.8,"Staggered entry, calendar-event order",631,630,FALSE,NA,6.9285435942883,1.93564963156084,-0.225358647198585,0.798229884504053
995,0.8,"Simultaneous entry, time-on-study order",631,630,FALSE,NA,1.85085577038023,0.615648110717651,-0.180883508761363,0.834532568766238
995,0.8,"Staggered entry, time-on-study order",631,630,FALSE,NA,1.85085577038023,0.615648110717651,-0.180883508761363,0.834532568766238
995,0.8,"Staggered entry, calendar-event order",631,630,TRUE,548,8.69835660239345,2.16313411154077,-0.176470659605208,0.838223372599068
996,0.8,"Simultaneous entry, time-on-study order",631,627,TRUE,273,37.3949718650698,3.6215362532719,-0.234246691512603,0.79116661773006
996,0.8,"Staggered entry, time-on-study order",631,627,TRUE,273,37.3949718650698,3.6215362532719,-0.234246691512603,0.79116661773006
996,0.8,"Staggered entry, calendar-event order",631,625,TRUE,305,45.2979605672171,3.8132620108843,-0.236009665664925,0.789773040214337
997,0.8,"Simultaneous entry, time-on-study order",631,626,TRUE,203,23857.236185333,10.079842854296,-0.404975746922851,0.666992987294688
997,0.8,"Staggered entry, time-on-study order",631,626,TRUE,203,23857.236185333,10.079842854296,-0.404975746922851,0.666992987294688
997,0.8,"Staggered entry, calendar-event order",631,628,TRUE,198,12686.6642380914,9.44830666075464,-0.406326292180133,0.66609279109374
998,0.8,"Simultaneous entry, time-on-study order",631,629,FALSE,NA,0.595143518309348,-0.518952695279696,-0.130323689846113,0.877811246341967
998,0.8,"Staggered entry, time-on-study order",631,629,FALSE,NA,0.595143518309348,-0.518952695279696,-0.130323689846113,0.877811246341967
998,0.8,"Staggered entry, calendar-event order",631,629,FALSE,NA,0.0518382692365752,-2.9596266141356,-0.132672075679667,0.875752225480511
999,0.8,"Simultaneous entry, time-on-study order",631,624,FALSE,NA,11.3041637911066,2.42517113493637,-0.214550395836956,0.806904146097434
999,0.8,"Staggered entry, time-on-study order",631,624,FALSE,NA,11.3041637911066,2.42517113493637,-0.214550395836956,0.806904146097434
999,0.8,"Staggered entry, calendar-event order",631,624,FALSE,NA,9.04030164942642,2.20169254214676,-0.215943221835317,0.805781051343913
1000,0.8,"Simultaneous entry, time-on-study order",631,630,TRUE,502,3.81744592861763,1.33958159392851,-0.175936010891097,0.83867164747148
1000,0.8,"Staggered entry, time-on-study order",631,630,TRUE,502,3.81744592861763,1.33958159392851,-0.175936010891097,0.83867164747148
1000,0.8,"Staggered entry, calendar-event order",631,630,FALSE,NA,2.83371704011227,1.04158929158088,-0.169419723914739,0.844154517180459
